"year","month","day","value"
1976,1,1,5.07976684570315
1976,1,2,5.37264404296877
1976,1,3,2.1392761230469
1976,1,4,0.165155029296898
1976,1,5,0.283807373046898
1976,1,6,2.93087158203127
1976,1,7,-0.530706787109352
1976,1,8,1.57790527343752
1976,1,9,5.29900512695315
1976,1,10,2.49929199218752
1976,1,11,1.33126220703127
1976,1,12,-0.507421874999977
1976,1,13,-1.0112365722656
1976,1,14,-1.34616699218748
1976,1,15,-5.73087158203123
1976,1,16,-6.2132629394531
1976,1,17,-0.144262695312477
1976,1,18,3.27181396484377
1976,1,19,4.78841552734377
1976,1,20,0.601983642578148
1976,1,21,-0.818670654296852
1976,1,22,-2.21079101562498
1976,1,23,-1.02622070312498
1976,1,24,-3.06253662109373
1976,1,25,-1.8549865722656
1976,1,26,1.45693359375002
1976,1,27,0.0416503906250227
1976,1,28,-1.3430236816406
1976,1,29,-1.82016601562498
1976,1,30,-1.3024963378906
1976,1,31,-0.387548828124977
1976,2,1,-6.35220947265623
1976,2,2,-5.23334350585935
1976,2,3,-0.377996826171852
1976,2,4,0.183038330078148
1976,2,5,-0.681280517578102
1976,2,6,-2.20676269531248
1976,2,7,-3.76373901367185
1976,2,8,-6.17401733398435
1976,2,9,-5.69949951171873
1976,2,10,-4.5575012207031
1976,2,11,-3.3396057128906
1976,2,12,-2.1656555175781
1976,2,13,-0.796667480468727
1976,2,14,-1.24808349609373
1976,2,15,-1.29752197265623
1976,2,16,2.1611267089844
1976,2,17,3.10524902343752
1976,2,18,1.16451416015627
1976,2,19,0.421319580078148
1976,2,20,-0.215429687499977
1976,2,21,-1.05325927734373
1976,2,22,-1.01694335937498
1976,2,23,-2.83283081054685
1976,2,24,-2.3361877441406
1976,2,25,-0.177832031249977
1976,2,26,-1.39005126953123
1976,2,27,-1.11160888671873
1976,2,28,-2.29904785156248
1976,2,29,-2.82950439453123
1976,3,1,-5.60239257812498
1976,3,2,-7.73990478515623
1976,3,3,-5.61197509765623
1976,3,4,-3.1497863769531
1976,3,5,0.201837158203148
1976,3,6,3.0836120605469
1976,3,7,4.47536621093752
1976,3,8,4.4132019042969
1976,3,9,6.8862243652344
1976,3,10,5.29042968750002
1976,3,11,4.75847778320315
1976,3,12,3.64394531250002
1976,3,13,3.5279479980469
1976,3,14,3.45635375976565
1976,3,15,4.05657348632815
1976,3,16,5.3563171386719
1976,3,17,1.47844848632815
1976,3,18,-1.0701965332031
1976,3,19,3.63421020507815
1976,3,20,7.45980224609377
1976,3,21,4.9407897949219
1976,3,22,4.19683227539065
1976,3,23,4.72005615234377
1976,3,24,5.61568603515627
1976,3,25,8.8045593261719
1976,3,26,6.6479431152344
1976,3,27,4.8356872558594
1976,3,28,5.25649414062502
1976,3,29,7.7529235839844
1976,3,30,6.10976562500002
1976,3,31,6.4830261230469
1976,4,1,7.8135925292969
1976,4,2,10.1375061035156
1976,4,3,7.0756774902344
1976,4,4,2.6193786621094
1976,4,5,1.72918090820315
1976,4,6,0.0517517089843977
1976,4,7,0.314935302734398
1976,4,8,0.593041992187523
1976,4,9,0.437005615234398
1976,4,10,1.58010253906252
1976,4,11,4.5988708496094
1976,4,12,5.69634399414065
1976,4,13,4.0804382324219
1976,4,14,3.5543151855469
1976,4,15,3.04143676757815
1976,4,16,2.6828552246094
1976,4,17,1.18816528320315
1976,4,18,3.29158935546877
1976,4,19,5.5688415527344
1976,4,20,7.15920410156252
1976,4,21,7.6259704589844
1976,4,22,7.89571533203127
1976,4,23,7.61544189453127
1976,4,24,6.41790161132815
1976,4,25,5.02169189453127
1976,4,26,5.1505065917969
1976,4,27,5.8497253417969
1976,4,28,6.8497253417969
1976,4,29,3.54622802734377
1976,4,30,2.74715576171877
1976,5,1,4.24160156250002
1976,5,2,6.10613403320315
1976,5,3,8.27187500000002
1976,5,4,9.10244140625002
1976,5,5,10.251123046875
1976,5,6,10.7137084960938
1976,5,7,9.19783935546877
1976,5,8,9.87322387695315
1976,5,9,7.8853698730469
1976,5,10,6.2670837402344
1976,5,11,7.45171508789065
1976,5,12,7.82463989257815
1976,5,13,9.69838867187502
1976,5,14,9.09230957031252
1976,5,15,8.2739196777344
1976,5,16,5.61638793945315
1976,5,17,5.2791687011719
1976,5,18,5.5535827636719
1976,5,19,8.02767333984377
1976,5,20,8.54354248046877
1976,5,21,9.39772949218752
1976,5,22,7.35469970703127
1976,5,23,9.47866210937502
1976,5,24,10.830224609375
1976,5,25,10.8190246582031
1976,5,26,10.5449768066406
1976,5,27,12.2707458496094
1976,5,28,12.9673706054688
1976,5,29,13.7358642578125
1976,5,30,12.5178161621094
1976,5,31,7.65239868164065
1976,6,1,6.6404968261719
1976,6,2,8.24346313476565
1976,6,3,8.93905029296877
1976,6,4,10.5124450683594
1976,6,5,12.5838562011719
1976,6,6,12.7148986816406
1976,6,7,10.1448303222656
1976,6,8,9.87725219726565
1976,6,9,10.318017578125
1976,6,10,10.3183227539063
1976,6,11,12.7260986328125
1976,6,12,15.3091674804688
1976,6,13,17.5848022460938
1976,6,14,18.4892822265625
1976,6,15,17.8947692871094
1976,6,16,18.3217102050781
1976,6,17,20.7107788085938
1976,6,18,19.2031494140625
1976,6,19,18.4718872070313
1976,6,20,18.1234985351563
1976,6,21,16.2730346679688
1976,6,22,14.7755981445313
1976,6,23,13.5315490722656
1976,6,24,14.0989624023438
1976,6,25,15.66884765625
1976,6,26,16.1673522949219
1976,6,27,17.2562194824219
1976,6,28,16.0310913085938
1976,6,29,16.3269287109375
1976,6,30,17.1504455566406
1976,7,1,14.248681640625
1976,7,2,14.3462463378906
1976,7,3,14.4104248046875
1976,7,4,14.2456909179688
1976,7,5,14.7543884277344
1976,7,6,14.2941528320313
1976,7,7,16.1517272949219
1976,7,8,16.09072265625
1976,7,9,14.7778564453125
1976,7,10,14.44326171875
1976,7,11,12.9662414550781
1976,7,12,13.6391845703125
1976,7,13,14.1215148925781
1976,7,14,12.7863098144531
1976,7,15,14.0278564453125
1976,7,16,17.2894836425781
1976,7,17,20.4963012695313
1976,7,18,16.869287109375
1976,7,19,13.767724609375
1976,7,20,16.8198791503906
1976,7,21,18.0535522460938
1976,7,22,16.1613098144531
1976,7,23,17.0486694335938
1976,7,24,18.0076843261719
1976,7,25,17.6422668457031
1976,7,26,17.8696228027344
1976,7,27,14.6503845214844
1976,7,28,19.4997802734375
1976,7,29,18.1389404296875
1976,7,30,14.4548889160156
1976,7,31,14.559716796875
1976,8,1,14.4611450195313
1976,8,2,14.3216796875
1976,8,3,17.3958068847656
1976,8,4,16.6738525390625
1976,8,5,19.6894470214844
1976,8,6,18.2036682128906
1976,8,7,16.4141174316406
1976,8,8,17.1394592285156
1976,8,9,17.8145385742188
1976,8,10,17.2491394042969
1976,8,11,15.4385925292969
1976,8,12,15.3433471679688
1976,8,13,16.2949157714844
1976,8,14,17.4284606933594
1976,8,15,13.4724365234375
1976,8,16,15.8308654785156
1976,8,17,17.2953735351563
1976,8,18,14.0331359863281
1976,8,19,13.9014526367188
1976,8,20,13.8828674316406
1976,8,21,14.7112060546875
1976,8,22,14.1056457519531
1976,8,23,13.2824645996094
1976,8,24,13.6513000488281
1976,8,25,13.2585388183594
1976,8,26,14.7172790527344
1976,8,27,13.8098999023438
1976,8,28,14.6498962402344
1976,8,29,14.633935546875
1976,8,30,15.4513793945313
1976,8,31,13.0737243652344
1976,9,1,11.7696472167969
1976,9,2,13.0620666503906
1976,9,3,14.1621032714844
1976,9,4,15.5370422363281
1976,9,5,12.4352966308594
1976,9,6,11.3367858886719
1976,9,7,11.1848999023438
1976,9,8,13.4971557617188
1976,9,9,15.0577941894531
1976,9,10,16.7695861816406
1976,9,11,17.4409729003906
1976,9,12,14.1376281738281
1976,9,13,13.2842956542969
1976,9,14,13.8796020507813
1976,9,15,13.6175476074219
1976,9,16,13.6197448730469
1976,9,17,11.8777404785156
1976,9,18,12.9822631835938
1976,9,19,12.0701232910156
1976,9,20,11.8655334472656
1976,9,21,11.8323303222656
1976,9,22,11.9217468261719
1976,9,23,13.4395690917969
1976,9,24,11.7494140625
1976,9,25,10.8666625976563
1976,9,26,11.5480590820313
1976,9,27,14.6121154785156
1976,9,28,14.9003540039063
1976,9,29,13.5495239257813
1976,9,30,9.06496582031252
1976,10,1,8.24761352539065
1976,10,2,8.66814575195315
1976,10,3,7.8193298339844
1976,10,4,8.97200927734377
1976,10,5,9.9337097167969
1976,10,6,7.22954711914065
1976,10,7,6.30172119140627
1976,10,8,5.98211059570315
1976,10,9,5.73708496093752
1976,10,10,6.15767822265627
1976,10,11,5.83791503906252
1976,10,12,12.1556030273438
1976,10,13,11.89541015625
1976,10,14,11.3071228027344
1976,10,15,11.5850158691406
1976,10,16,9.34224853515627
1976,10,17,8.47103271484377
1976,10,18,9.27654418945315
1976,10,19,6.06881103515627
1976,10,20,9.30449829101565
1976,10,21,12.7941223144531
1976,10,22,11.8460632324219
1976,10,23,9.76336059570315
1976,10,24,10.6985412597656
1976,10,25,12.4336791992188
1976,10,26,11.8434997558594
1976,10,27,10.2615295410156
1976,10,28,8.67189941406252
1976,10,29,6.8662048339844
1976,10,30,5.29656372070315
1976,10,31,3.38259277343752
1976,11,1,1.68682250976565
1976,11,2,2.2841735839844
1976,11,3,2.58684692382815
1976,11,4,2.24630126953127
1976,11,5,0.994500732421898
1976,11,6,-0.122930908203102
1976,11,7,0.493157958984398
1976,11,8,-2.81516113281248
1976,11,9,-2.42490234374998
1976,11,10,-2.86224975585935
1976,11,11,-1.65558471679685
1976,11,12,-3.56366577148435
1976,11,13,-4.96793212890623
1976,11,14,-4.49796142578123
1976,11,15,0.863092041015648
1976,11,16,7.60683593750002
1976,11,17,11.58486328125
1976,11,18,11.9637390136719
1976,11,19,13.4307495117188
1976,11,20,10.5391784667969
1976,11,21,7.83461914062502
1976,11,22,5.2549987792969
1976,11,23,3.30977783203127
1976,11,24,1.79116210937502
1976,11,25,1.5047546386719
1976,11,26,2.4655700683594
1976,11,27,1.03606567382815
1976,11,28,5.0422302246094
1976,11,29,5.82741699218752
1976,11,30,6.8079772949219
1976,12,1,5.66546020507815
1976,12,2,5.51314697265627
1976,12,3,7.20736083984377
1976,12,4,9.39144287109377
1976,12,5,6.46672973632815
1976,12,6,5.22530517578127
1976,12,7,2.08687744140627
1976,12,8,-0.538763427734352
1976,12,9,-4.4338439941406
1976,12,10,-3.04605712890623
1976,12,11,-0.885687255859352
1976,12,12,1.1195007324219
1976,12,13,1.65114746093752
1976,12,14,0.506738281250023
1976,12,15,3.04506835937502
1976,12,16,4.96437988281252
1976,12,17,2.85576782226565
1976,12,18,0.582574462890648
1976,12,19,0.764703369140648
1976,12,20,2.1793151855469
1976,12,21,3.10393676757815
1976,12,22,2.00374755859377
1976,12,23,-1.29462280273435
1976,12,24,-0.0498718261718523
1976,12,25,-1.22553100585935
1976,12,26,0.297723388671898
1976,12,27,-0.0307373046874773
1976,12,28,0.520196533203148
1976,12,29,0.902856445312523
1976,12,30,-0.505407714843727
1976,12,31,0.419000244140648
1977,1,1,2.25530395507815
1977,1,2,0.0566345214843977
1977,1,3,-1.18833007812498
1977,1,4,-0.750982666015602
1977,1,5,3.87496337890627
1977,1,6,5.59832153320315
1977,1,7,0.915124511718773
1977,1,8,0.178643798828148
1977,1,9,0.613061523437523
1977,1,10,-0.0414184570312273
1977,1,11,-2.30402221679685
1977,1,12,-3.5803283691406
1977,1,13,0.172418212890648
1977,1,14,5.17006835937502
1977,1,15,7.82686767578127
1977,1,16,4.72832641601565
1977,1,17,4.45253906250002
1977,1,18,3.16469726562502
1977,1,19,4.01088867187502
1977,1,20,1.83419189453127
1977,1,21,1.9470153808594
1977,1,22,2.2230163574219
1977,1,23,1.4399353027344
1977,1,24,4.91884765625002
1977,1,25,2.45858154296877
1977,1,26,-0.254248046874977
1977,1,27,-2.18131103515623
1977,1,28,-2.4614318847656
1977,1,29,1.88897094726565
1977,1,30,4.58208618164065
1977,1,31,5.64174804687502
1977,2,1,8.4423767089844
1977,2,2,9.08187255859377
1977,2,3,9.2750183105469
1977,2,4,10.6667419433594
1977,2,5,6.31243286132815
1977,2,6,10.49990234375
1977,2,7,10.8146911621094
1977,2,8,8.96572265625002
1977,2,9,7.86794433593752
1977,2,10,5.58684692382815
1977,2,11,3.75835571289065
1977,2,12,1.99495849609377
1977,2,13,1.1229187011719
1977,2,14,1.90886840820315
1977,2,15,2.88802490234377
1977,2,16,2.40664062500002
1977,2,17,1.70220336914065
1977,2,18,0.458001708984398
1977,2,19,1.61281738281252
1977,2,20,5.21865234375002
1977,2,21,5.51372680664065
1977,2,22,2.2311950683594
1977,2,23,2.74065551757815
1977,2,24,3.3702331542969
1977,2,25,0.469506835937523
1977,2,26,1.72945556640627
1977,2,27,0.442163085937523
1977,2,28,0.235711669921898
1977,3,1,-3.5935119628906
1977,3,2,-1.28949584960935
1977,3,3,4.05581054687502
1977,3,4,2.7381530761719
1977,3,5,2.7962585449219
1977,3,6,-1.41232910156248
1977,3,7,-0.905981445312477
1977,3,8,-1.17804565429685
1977,3,9,-0.949865722656227
1977,3,10,-0.734625244140602
1977,3,11,0.463769531250023
1977,3,12,2.15529785156252
1977,3,13,-0.111700439453102
1977,3,14,0.540704345703148
1977,3,15,2.12685546875002
1977,3,16,1.4490905761719
1977,3,17,0.537652587890648
1977,3,18,2.26650390625002
1977,3,19,3.33101806640627
1977,3,20,3.05507812500002
1977,3,21,2.41863403320315
1977,3,22,4.44191894531252
1977,3,23,4.99990234375002
1977,3,24,4.96111450195315
1977,3,25,5.87224731445315
1977,3,26,4.22384033203127
1977,3,27,7.9412780761719
1977,3,28,2.39650878906252
1977,3,29,2.26101074218752
1977,3,30,2.48519287109377
1977,3,31,2.71383056640627
1977,4,1,0.423547363281273
1977,4,2,0.675988769531273
1977,4,3,1.03029785156252
1977,4,4,2.29107055664065
1977,4,5,3.22744140625002
1977,4,6,1.58040771484377
1977,4,7,2.8974548339844
1977,4,8,3.54793701171877
1977,4,9,3.27028808593752
1977,4,10,3.6520935058594
1977,4,11,6.6830993652344
1977,4,12,2.91665039062502
1977,4,13,2.71026000976565
1977,4,14,7.9771667480469
1977,4,15,10.4082580566406
1977,4,16,9.41726074218752
1977,4,17,7.82940063476565
1977,4,18,10.8000122070313
1977,4,19,13.20400390625
1977,4,20,15.4047790527344
1977,4,21,10.1138244628906
1977,4,22,8.4226013183594
1977,4,23,8.3229919433594
1977,4,24,10.3407836914063
1977,4,25,9.48735961914065
1977,4,26,8.61419067382815
1977,4,27,7.37899169921877
1977,4,28,8.13051757812502
1977,4,29,7.91216430664065
1977,4,30,6.61135253906252
1977,5,1,7.59499511718752
1977,5,2,8.54985961914065
1977,5,3,10.229150390625
1977,5,4,9.55339965820315
1977,5,5,6.86605224609377
1977,5,6,9.2243591308594
1977,5,7,11.2649780273438
1977,5,8,11.79287109375
1977,5,9,8.63030395507815
1977,5,10,8.75814208984377
1977,5,11,9.12227783203127
1977,5,12,10.6146484375
1977,5,13,8.52019653320315
1977,5,14,6.24923095703127
1977,5,15,7.42949829101565
1977,5,16,6.7744079589844
1977,5,17,7.44350585937502
1977,5,18,7.38506469726565
1977,5,19,8.58245239257815
1977,5,20,9.42061767578127
1977,5,21,8.36470947265627
1977,5,22,8.81643066406252
1977,5,23,8.44622192382815
1977,5,24,8.68868408203127
1977,5,25,10.0464416503906
1977,5,26,11.3259826660156
1977,5,27,12.9717346191406
1977,5,28,14.5202880859375
1977,5,29,15.1393676757813
1977,5,30,12.7501159667969
1977,5,31,11.46376953125
1977,6,1,10.6769958496094
1977,6,2,12.2142883300781
1977,6,3,12.1662536621094
1977,6,4,11.3084350585938
1977,6,5,13.1362854003906
1977,6,6,14.2592102050781
1977,6,7,16.3967529296875
1977,6,8,18.0879150390625
1977,6,9,18.1084533691406
1977,6,10,15.2538696289063
1977,6,11,16.5609680175781
1977,6,12,17.6648803710938
1977,6,13,16.8088623046875
1977,6,14,15.4016357421875
1977,6,15,16.9209838867188
1977,6,16,17.04384765625
1977,6,17,16.0187622070313
1977,6,18,15.9780517578125
1977,6,19,15.2567077636719
1977,6,20,16.5152221679688
1977,6,21,13.8816162109375
1977,6,22,12.0620361328125
1977,6,23,14.5514770507813
1977,6,24,13.4457641601563
1977,6,25,16.4798217773438
1977,6,26,17.5777526855469
1977,6,27,20.726953125
1977,6,28,15.4528747558594
1977,6,29,14.0018859863281
1977,6,30,11.7246032714844
1977,7,1,12.5970703125
1977,7,2,12.0230346679688
1977,7,3,12.0701538085938
1977,7,4,12.3427673339844
1977,7,5,12.7781616210938
1977,7,6,14.4886413574219
1977,7,7,11.4887634277344
1977,7,8,11.0269104003906
1977,7,9,10.6689697265625
1977,7,10,12.55751953125
1977,7,11,11.6116271972656
1977,7,12,11.7806945800781
1977,7,13,11.1869750976563
1977,7,14,11.154443359375
1977,7,15,13.2065673828125
1977,7,16,12.75478515625
1977,7,17,12.0302978515625
1977,7,18,12.9118591308594
1977,7,19,14.1605163574219
1977,7,20,14.7210632324219
1977,7,21,11.4739929199219
1977,7,22,11.0242553710938
1977,7,23,12.3696533203125
1977,7,24,11.58388671875
1977,7,25,11.682275390625
1977,7,26,12.4291320800781
1977,7,27,12.0271545410156
1977,7,28,13.5364013671875
1977,7,29,15.3327880859375
1977,7,30,15.2912841796875
1977,7,31,17.0005737304688
1977,8,1,12.8955322265625
1977,8,2,12.6347290039063
1977,8,3,12.5149169921875
1977,8,4,12.4789978027344
1977,8,5,12.2642456054688
1977,8,6,12.5232482910156
1977,8,7,12.3333068847656
1977,8,8,11.6980529785156
1977,8,9,12.1924987792969
1977,8,10,11.8725219726563
1977,8,11,13.2385498046875
1977,8,12,15.0038696289063
1977,8,13,15.6491638183594
1977,8,14,16.4497009277344
1977,8,15,16.7385803222656
1977,8,16,16.3156372070313
1977,8,17,15.5483337402344
1977,8,18,15.67763671875
1977,8,19,16.4494567871094
1977,8,20,17.3237548828125
1977,8,21,17.1390014648438
1977,8,22,17.3017517089844
1977,8,23,17.7317138671875
1977,8,24,17.0408264160156
1977,8,25,16.7861572265625
1977,8,26,16.3338562011719
1977,8,27,15.8384948730469
1977,8,28,16.2573181152344
1977,8,29,17.2552734375
1977,8,30,17.8911376953125
1977,8,31,17.9538513183594
1977,9,1,17.0505310058594
1977,9,2,16.9047180175781
1977,9,3,16.8528381347656
1977,9,4,15.3608642578125
1977,9,5,12.9763732910156
1977,9,6,13.850732421875
1977,9,7,10.2578063964844
1977,9,8,8.14156494140627
1977,9,9,10.1473022460938
1977,9,10,9.9576354980469
1977,9,11,11.3430419921875
1977,9,12,12.2506042480469
1977,9,13,12.5603881835938
1977,9,14,12.8891845703125
1977,9,15,12.0809875488281
1977,9,16,12.0515686035156
1977,9,17,14.4203735351563
1977,9,18,16.374169921875
1977,9,19,18.5974365234375
1977,9,20,18.7575317382813
1977,9,21,16.6073852539063
1977,9,22,14.3885437011719
1977,9,23,16.5583740234375
1977,9,24,17.3688293457031
1977,9,25,18.0258422851563
1977,9,26,18.5649658203125
1977,9,27,15.1710754394531
1977,9,28,16.1767517089844
1977,9,29,16.6086059570313
1977,9,30,14.2987609863281
1977,10,1,12.3716674804688
1977,10,2,12.4465881347656
1977,10,3,11.6325622558594
1977,10,4,13.9486328125
1977,10,5,12.8476806640625
1977,10,6,11.4720397949219
1977,10,7,12.1032043457031
1977,10,8,12.1522155761719
1977,10,9,13.0808959960938
1977,10,10,12.550927734375
1977,10,11,10.1551452636719
1977,10,12,11.4706665039063
1977,10,13,11.16640625
1977,10,14,12.2573486328125
1977,10,15,11.7327819824219
1977,10,16,10.0496459960938
1977,10,17,8.63161621093752
1977,10,18,7.73793945312502
1977,10,19,7.92925415039065
1977,10,20,9.88051757812502
1977,10,21,8.50518188476565
1977,10,22,9.20424804687502
1977,10,23,9.28994140625002
1977,10,24,12.0902648925781
1977,10,25,12.6081481933594
1977,10,26,9.23751220703127
1977,10,27,10.7382446289063
1977,10,28,10.021630859375
1977,10,29,3.93441162109377
1977,10,30,0.687829589843773
1977,10,31,0.709039306640648
1977,11,1,-1.29105224609373
1977,11,2,-3.26437988281248
1977,11,3,-4.21597900390623
1977,11,4,-3.05805053710935
1977,11,5,-0.682135009765602
1977,11,6,2.03374633789065
1977,11,7,0.395959472656273
1977,11,8,-1.3817199707031
1977,11,9,-1.82868041992185
1977,11,10,-2.1329406738281
1977,11,11,-0.890692138671852
1977,11,12,-0.636328124999977
1977,11,13,-1.3577941894531
1977,11,14,-1.26773681640623
1977,11,15,-0.947729492187477
1977,11,16,1.19768676757815
1977,11,17,2.85454711914065
1977,11,18,5.5362487792969
1977,11,19,5.14876708984377
1977,11,20,3.25283203125002
1977,11,21,4.83660278320315
1977,11,22,5.50948486328127
1977,11,23,2.68926391601565
1977,11,24,3.34420166015627
1977,11,25,1.8845153808594
1977,11,26,0.815240478515648
1977,11,27,0.453515625000023
1977,11,28,-2.13788452148435
1977,11,29,-6.56415405273435
1977,11,30,-7.15280761718748
1977,12,1,-5.53769531249998
1977,12,2,0.584466552734398
1977,12,3,0.868524169921898
1977,12,4,0.568566894531273
1977,12,5,1.04158935546877
1977,12,6,-0.730749511718727
1977,12,7,-2.91495361328123
1977,12,8,-1.35724487304685
1977,12,9,-2.12714233398435
1977,12,10,-0.698828124999977
1977,12,11,-0.389807128906227
1977,12,12,-2.19415893554685
1977,12,13,-4.31778564453123
1977,12,14,-2.24942626953123
1977,12,15,-0.173773193359352
1977,12,16,-0.660131835937477
1977,12,17,-0.223608398437477
1977,12,18,2.35592041015627
1977,12,19,3.1763854980469
1977,12,20,0.533898925781273
1977,12,21,0.825860595703148
1977,12,22,-0.952703857421852
1977,12,23,0.349206542968773
1977,12,24,0.795007324218773
1977,12,25,-0.0546630859374773
1977,12,26,0.149682617187523
1977,12,27,1.2369323730469
1977,12,28,2.11907348632815
1977,12,29,0.897088623046898
1977,12,30,4.11873779296877
1977,12,31,6.98467407226565
1978,1,1,5.2557312011719
1978,1,2,4.4639831542969
1978,1,3,6.4648376464844
1978,1,4,1.64327392578127
1978,1,5,3.35280761718752
1978,1,6,2.31881103515627
1978,1,7,0.381280517578148
1978,1,8,0.0484558105468977
1978,1,9,-1.85007324218748
1978,1,10,-3.87848510742185
1978,1,11,-1.37076416015623
1978,1,12,-0.0893615722656023
1978,1,13,2.38433227539065
1978,1,14,1.01333007812502
1978,1,15,-0.838201904296852
1978,1,16,-2.26907958984373
1978,1,17,-2.05185546874998
1978,1,18,-0.871374511718727
1978,1,19,-0.0306457519531023
1978,1,20,1.02108154296877
1978,1,21,-0.318365478515602
1978,1,22,-0.444921874999977
1978,1,23,0.838494873046898
1978,1,24,1.20571289062502
1978,1,25,1.81533203125002
1978,1,26,0.488824462890648
1978,1,27,0.940118408203148
1978,1,28,0.551660156250023
1978,1,29,-0.712805175781227
1978,1,30,-1.94040527343748
1978,1,31,-1.90912475585935
1978,2,1,-3.30866088867185
1978,2,2,-3.72293701171873
1978,2,3,-0.247442626953102
1978,2,4,-1.2053283691406
1978,2,5,-2.82709350585935
1978,2,6,-0.934820556640602
1978,2,7,0.220758056640648
1978,2,8,0.986169433593773
1978,2,9,3.17885742187502
1978,2,10,3.87697753906252
1978,2,11,0.983697509765648
1978,2,12,-0.918493652343727
1978,2,13,-1.73349609374998
1978,2,14,4.8555847167969
1978,2,15,2.35881958007815
1978,2,16,2.28814086914065
1978,2,17,0.533654785156273
1978,2,18,-0.230505371093727
1978,2,19,-0.0596374511718523
1978,2,20,-2.05411376953123
1978,2,21,-2.32065429687498
1978,2,22,-2.56622924804685
1978,2,23,-2.66800537109373
1978,2,24,3.1695495605469
1978,2,25,3.58440551757815
1978,2,26,3.10732421875002
1978,2,27,5.02639160156252
1978,2,28,6.21340332031252
1978,3,1,6.54436645507815
1978,3,2,2.05571899414065
1978,3,3,1.48311767578127
1978,3,4,6.64177856445315
1978,3,5,7.44100341796877
1978,3,6,5.80544433593752
1978,3,7,5.82912597656252
1978,3,8,6.0023132324219
1978,3,9,-0.546881103515602
1978,3,10,-5.32736816406248
1978,3,11,-5.16007080078123
1978,3,12,-5.90659179687498
1978,3,13,-5.98514404296873
1978,3,14,-4.42728271484373
1978,3,15,-1.97159423828123
1978,3,16,-1.0767883300781
1978,3,17,-2.91388549804685
1978,3,18,-1.9102844238281
1978,3,19,0.786035156250023
1978,3,20,4.35317382812502
1978,3,21,4.05364379882815
1978,3,22,0.869134521484398
1978,3,23,0.531793212890648
1978,3,24,3.3090759277344
1978,3,25,1.66863403320315
1978,3,26,0.562615966796898
1978,3,27,0.151818847656273
1978,3,28,0.104516601562523
1978,3,29,5.55703125000002
1978,3,30,6.47738037109377
1978,3,31,6.62801513671877
1978,4,1,9.88054809570315
1978,4,2,8.36882934570315
1978,4,3,8.47762451171877
1978,4,4,8.88250122070315
1978,4,5,7.94906005859377
1978,4,6,7.3048034667969
1978,4,7,8.47530517578127
1978,4,8,6.68718872070315
1978,4,9,5.56841430664065
1978,4,10,4.9669128417969
1978,4,11,4.47307739257815
1978,4,12,4.71685180664065
1978,4,13,6.6625915527344
1978,4,14,8.21663818359377
1978,4,15,7.77764282226565
1978,4,16,6.35061035156252
1978,4,17,6.54171142578127
1978,4,18,5.71270141601565
1978,4,19,3.11983642578127
1978,4,20,3.67196044921877
1978,4,21,3.9310241699219
1978,4,22,2.12700805664065
1978,4,23,1.95614013671877
1978,4,24,3.04290161132815
1978,4,25,3.47640380859377
1978,4,26,5.39669189453127
1978,4,27,6.26836547851565
1978,4,28,6.31875000000002
1978,4,29,7.22271118164065
1978,4,30,10.3299194335938
1978,5,1,9.75673828125002
1978,5,2,8.12709960937502
1978,5,3,8.9233337402344
1978,5,4,8.34578857421877
1978,5,5,9.97783813476565
1978,5,6,9.14019165039065
1978,5,7,4.65703735351565
1978,5,8,5.17147216796877
1978,5,9,5.03533325195315
1978,5,10,6.1121765136719
1978,5,11,6.11318359375002
1978,5,12,5.70369873046877
1978,5,13,5.40984497070315
1978,5,14,5.47182617187502
1978,5,15,4.6551452636719
1978,5,16,4.3875671386719
1978,5,17,6.56777343750002
1978,5,18,8.01384887695315
1978,5,19,7.44817504882815
1978,5,20,5.96334228515627
1978,5,21,5.1379333496094
1978,5,22,3.69548950195315
1978,5,23,4.17815551757815
1978,5,24,4.5703063964844
1978,5,25,4.21978149414065
1978,5,26,3.5667663574219
1978,5,27,8.45168457031252
1978,5,28,10.5981689453125
1978,5,29,8.33171997070315
1978,5,30,9.32082519531252
1978,5,31,8.58193359375002
1978,6,1,8.81112060546877
1978,6,2,11.2065979003906
1978,6,3,11.0437561035156
1978,6,4,12.64345703125
1978,6,5,13.3853698730469
1978,6,6,13.4714599609375
1978,6,7,13.1794677734375
1978,6,8,14.1581970214844
1978,6,9,15.0317932128906
1978,6,10,13.3904357910156
1978,6,11,12.577783203125
1978,6,12,11.5367370605469
1978,6,13,13.8301025390625
1978,6,14,15.0065856933594
1978,6,15,13.9592529296875
1978,6,16,12.3278442382813
1978,6,17,13.1378723144531
1978,6,18,13.2882629394531
1978,6,19,12.1097961425781
1978,6,20,11.5438171386719
1978,6,21,11.7423645019531
1978,6,22,14.2111145019531
1978,6,23,14.1338134765625
1978,6,24,14.0570007324219
1978,6,25,19.1021057128906
1978,6,26,13.6195922851563
1978,6,27,11.2685485839844
1978,6,28,12.5721984863281
1978,6,29,12.4222351074219
1978,6,30,15.5273986816406
1978,7,1,16.0217224121094
1978,7,2,13.8227478027344
1978,7,3,13.90859375
1978,7,4,17.5148559570313
1978,7,5,18.6352783203125
1978,7,6,14.5633178710938
1978,7,7,14.5381103515625
1978,7,8,17.4731384277344
1978,7,9,20.8040405273438
1978,7,10,22.4732604980469
1978,7,11,17.3327270507813
1978,7,12,15.7991271972656
1978,7,13,15.9934326171875
1978,7,14,19.6408020019531
1978,7,15,21.3980346679688
1978,7,16,22.0528503417969
1978,7,17,24.7138305664063
1978,7,18,25.7764526367188
1978,7,19,20.0118957519531
1978,7,20,19.7814270019531
1978,7,21,21.0898376464844
1978,7,22,21.928369140625
1978,7,23,22.7136169433594
1978,7,24,21.424951171875
1978,7,25,20.4040161132813
1978,7,26,17.9937072753906
1978,7,27,17.608544921875
1978,7,28,17.7781311035156
1978,7,29,19.0727478027344
1978,7,30,20.3655639648438
1978,7,31,22.5350280761719
1978,8,1,24.1184326171875
1978,8,2,23.25576171875
1978,8,3,23.7259765625
1978,8,4,24.1362548828125
1978,8,5,23.7216430664063
1978,8,6,23.659814453125
1978,8,7,23.5749145507813
1978,8,8,22.0722595214844
1978,8,9,20.5532165527344
1978,8,10,19.9515930175781
1978,8,11,20.9880920410156
1978,8,12,20.9598327636719
1978,8,13,20.7353454589844
1978,8,14,19.9887634277344
1978,8,15,20.2818542480469
1978,8,16,20.3958068847656
1978,8,17,21.7677551269531
1978,8,18,19.9309631347656
1978,8,19,18.2238708496094
1978,8,20,17.0056396484375
1978,8,21,17.304345703125
1978,8,22,17.4494567871094
1978,8,23,17.9789367675781
1978,8,24,18.4517150878906
1978,8,25,18.679833984375
1978,8,26,20.1914611816406
1978,8,27,20.4091735839844
1978,8,28,22.3940673828125
1978,8,29,22.172265625
1978,8,30,19.6130004882813
1978,8,31,17.9252868652344
1978,9,1,16.5508361816406
1978,9,2,15.22109375
1978,9,3,14.5841003417969
1978,9,4,14.4130798339844
1978,9,5,11.5882202148438
1978,9,6,14.2589965820313
1978,9,7,15.0514465332031
1978,9,8,15.0273071289063
1978,9,9,15.7968688964844
1978,9,10,15.2744079589844
1978,9,11,16.1571594238281
1978,9,12,16.8566528320313
1978,9,13,16.2977844238281
1978,9,14,16.3819213867188
1978,9,15,17.5263916015625
1978,9,16,17.2203002929688
1978,9,17,14.2699523925781
1978,9,18,12.2475830078125
1978,9,19,14.4191223144531
1978,9,20,15.8702331542969
1978,9,21,12.6867614746094
1978,9,22,11.5810791015625
1978,9,23,11.4614807128906
1978,9,24,10.1550231933594
1978,9,25,9.6735778808594
1978,9,26,9.92595825195315
1978,9,27,8.47014770507815
1978,9,28,10.9819580078125
1978,9,29,10.50576171875
1978,9,30,10.34951171875
1978,10,1,11.5410095214844
1978,10,2,9.4595886230469
1978,10,3,7.82045898437502
1978,10,4,6.88546142578127
1978,10,5,7.56878051757815
1978,10,6,12.5702758789063
1978,10,7,12.7529235839844
1978,10,8,12.1234069824219
1978,10,9,11.0952697753906
1978,10,10,10.5928283691406
1978,10,11,11.1083618164063
1978,10,12,7.74385986328127
1978,10,13,10.13857421875
1978,10,14,8.22225341796877
1978,10,15,8.76458129882815
1978,10,16,8.4686218261719
1978,10,17,7.77544555664065
1978,10,18,6.92672119140627
1978,10,19,8.22054443359377
1978,10,20,6.68776855468752
1978,10,21,6.4039245605469
1978,10,22,5.26921997070315
1978,10,23,5.03969726562502
1978,10,24,9.18963012695315
1978,10,25,8.73665771484377
1978,10,26,9.75869140625002
1978,10,27,10.7829528808594
1978,10,28,8.58803710937502
1978,10,29,5.94899902343752
1978,10,30,5.8093200683594
1978,10,31,11.4151245117188
1978,11,1,10.5255676269531
1978,11,2,11.2784057617188
1978,11,3,11.8114562988281
1978,11,4,8.77150878906252
1978,11,5,7.47420654296877
1978,11,6,6.31447753906252
1978,11,7,7.67257080078127
1978,11,8,4.54644165039065
1978,11,9,3.35564575195315
1978,11,10,4.32622680664065
1978,11,11,1.04317626953127
1978,11,12,2.21135864257815
1978,11,13,-2.52582397460935
1978,11,14,-2.71625366210935
1978,11,15,-3.13937988281248
1978,11,16,-3.14633789062498
1978,11,17,-2.57282104492185
1978,11,18,-1.23285522460935
1978,11,19,-3.50089111328123
1978,11,20,-4.05878295898435
1978,11,21,-4.05734863281248
1978,11,22,-4.45441284179685
1978,11,23,-2.66315307617185
1978,11,24,-0.414495849609352
1978,11,25,0.999383544921898
1978,11,26,-0.762915039062477
1978,11,27,-5.54401245117185
1978,11,28,-6.77557983398435
1978,11,29,-8.7023986816406
1978,11,30,-6.62302246093748
1978,12,1,-6.5661682128906
1978,12,2,-8.3045715332031
1978,12,3,-7.45993652343748
1978,12,4,-10.1991333007812
1978,12,5,-10.054296875
1978,12,6,-8.69980468749998
1978,12,7,-5.6931213378906
1978,12,8,-7.60471191406248
1978,12,9,-5.61166992187498
1978,12,10,-4.75321044921873
1978,12,11,-4.8587707519531
1978,12,12,-5.60886230468748
1978,12,13,-3.98663940429685
1978,12,14,-1.74591674804685
1978,12,15,0.550317382812523
1978,12,16,-0.915350341796852
1978,12,17,-3.54898681640623
1978,12,18,-0.0820983886718523
1978,12,19,-0.480596923828102
1978,12,20,-2.31375732421873
1978,12,21,-3.35886230468748
1978,12,22,-5.77164306640623
1978,12,23,-6.29825439453123
1978,12,24,-6.82999267578123
1978,12,25,-8.05557861328123
1978,12,26,-8.3524230957031
1978,12,27,-7.55109252929685
1978,12,28,0.0945068359375227
1978,12,29,5.54561767578127
1978,12,30,2.43901977539065
1978,12,31,0.351556396484398
1979,1,1,0.0168701171875227
1979,1,2,1.22158203125002
1979,1,3,-1.6993469238281
1979,1,4,-2.8546203613281
1979,1,5,-0.566900634765602
1979,1,6,2.02471313476565
1979,1,7,0.978509521484398
1979,1,8,-0.695745849609352
1979,1,9,-2.7069152832031
1979,1,10,-5.2634338378906
1979,1,11,-6.32541503906248
1979,1,12,-7.85245361328123
1979,1,13,-6.54514160156248
1979,1,14,-4.16351928710935
1979,1,15,-3.83209838867185
1979,1,16,-5.3767150878906
1979,1,17,-1.53330078124998
1979,1,18,1.8033386230469
1979,1,19,-0.212835693359352
1979,1,20,-1.25430908203123
1979,1,21,0.234948730468773
1979,1,22,0.928613281250023
1979,1,23,3.2473083496094
1979,1,24,2.5938659667969
1979,1,25,1.60308227539065
1979,1,26,0.100488281250023
1979,1,27,1.07094726562502
1979,1,28,0.464501953125023
1979,1,29,-0.836462402343727
1979,1,30,-0.723883056640602
1979,1,31,-0.359777832031227
1979,2,1,-2.1003479003906
1979,2,2,-2.86911621093748
1979,2,3,-1.27680053710935
1979,2,4,1.54403076171877
1979,2,5,2.74529418945315
1979,2,6,0.904321289062523
1979,2,7,3.47304687500002
1979,2,8,3.73208007812502
1979,2,9,0.473870849609398
1979,2,10,0.467767333984398
1979,2,11,-5.25311889648435
1979,2,12,-9.93952026367185
1979,2,13,-7.51297607421873
1979,2,14,-2.43500366210935
1979,2,15,0.136712646484398
1979,2,16,-0.455358886718727
1979,2,17,-1.74637451171873
1979,2,18,-4.77872314453123
1979,2,19,-4.04730834960935
1979,2,20,-0.923223876953102
1979,2,21,-1.8107971191406
1979,2,22,-4.49075927734373
1979,2,23,-6.6618713378906
1979,2,24,-8.67633666992185
1979,2,25,-8.36563720703123
1979,2,26,-8.35300292968748
1979,2,27,-8.0130676269531
1979,2,28,-8.42221679687498
1979,3,1,-6.83353271484373
1979,3,2,-6.59024658203123
1979,3,3,-6.03751220703123
1979,3,4,-2.7603820800781
1979,3,5,2.11684570312502
1979,3,6,1.14522705078127
1979,3,7,0.545373535156273
1979,3,8,0.648645019531273
1979,3,9,0.0569091796875227
1979,3,10,-2.53229370117185
1979,3,11,-3.3853820800781
1979,3,12,-4.28159179687498
1979,3,13,-4.7736877441406
1979,3,14,-8.82254638671873
1979,3,15,-9.67160644531248
1979,3,16,-7.63348999023435
1979,3,17,-6.1993469238281
1979,3,18,-5.6543029785156
1979,3,19,-6.6275695800781
1979,3,20,-6.5743469238281
1979,3,21,-7.1578430175781
1979,3,22,-4.10431518554685
1979,3,23,-4.43695678710935
1979,3,24,-4.62052001953123
1979,3,25,-3.3675598144531
1979,3,26,-2.5581115722656
1979,3,27,-3.30240478515623
1979,3,28,-3.4740051269531
1979,3,29,-5.5144104003906
1979,3,30,-6.66470947265623
1979,3,31,-5.55411376953123
1979,4,1,-4.00021972656248
1979,4,2,-3.3012756347656
1979,4,3,-3.25095214843748
1979,4,4,-2.55325927734373
1979,4,5,-2.39902343749998
1979,4,6,-0.456274414062477
1979,4,7,-0.0499938964843523
1979,4,8,-0.166113281249977
1979,4,9,1.01711425781252
1979,4,10,0.790917968750023
1979,4,11,0.742700195312523
1979,4,12,0.151269531250023
1979,4,13,-0.973394775390602
1979,4,14,-0.536932373046852
1979,4,15,0.804833984375023
1979,4,16,3.41838989257815
1979,4,17,2.31374511718752
1979,4,18,1.72969970703127
1979,4,19,0.226434326171898
1979,4,20,0.484155273437523
1979,4,21,1.79958496093752
1979,4,22,2.38424072265627
1979,4,23,1.49941406250002
1979,4,24,0.968835449218773
1979,4,25,2.37261352539065
1979,4,26,4.62078247070315
1979,4,27,4.6622253417969
1979,4,28,5.88750610351565
1979,4,29,7.88814697265627
1979,4,30,9.13506469726565
1979,5,1,5.15154418945315
1979,5,2,3.50942382812502
1979,5,3,5.46050415039065
1979,5,4,1.60552368164065
1979,5,5,2.27565917968752
1979,5,6,4.24443969726565
1979,5,7,7.29216918945315
1979,5,8,2.62380371093752
1979,5,9,3.1596618652344
1979,5,10,6.4453063964844
1979,5,11,6.6715026855469
1979,5,12,6.87957153320315
1979,5,13,9.87676391601565
1979,5,14,7.93074951171877
1979,5,15,6.6434265136719
1979,5,16,5.58852539062502
1979,5,17,6.14571533203127
1979,5,18,5.8636413574219
1979,5,19,6.97039184570315
1979,5,20,6.86745605468752
1979,5,21,7.91033325195315
1979,5,22,9.82338867187502
1979,5,23,12.2520690917969
1979,5,24,12.9376770019531
1979,5,25,14.4331298828125
1979,5,26,11.4294982910156
1979,5,27,13.4659057617188
1979,5,28,12.1261840820313
1979,5,29,9.60683593750002
1979,5,30,7.79763183593752
1979,5,31,7.98565063476565
1979,6,1,9.9610534667969
1979,6,2,14.0444580078125
1979,6,3,12.7595153808594
1979,6,4,7.60421142578127
1979,6,5,6.8616882324219
1979,6,6,7.52349243164065
1979,6,7,7.83501586914065
1979,6,8,9.76650390625002
1979,6,9,10.0957275390625
1979,6,10,9.20903930664065
1979,6,11,10.89638671875
1979,6,12,10.434228515625
1979,6,13,11.3985229492188
1979,6,14,11.7187133789063
1979,6,15,13.0949951171875
1979,6,16,12.0252014160156
1979,6,17,13.8975158691406
1979,6,18,15.9877563476563
1979,6,19,11.918603515625
1979,6,20,13.4292846679688
1979,6,21,12.8704467773438
1979,6,22,12.6812377929688
1979,6,23,14.9903503417969
1979,6,24,15.6827026367188
1979,6,25,15.2416320800781
1979,6,26,13.7850280761719
1979,6,27,11.2390075683594
1979,6,28,10.34072265625
1979,6,29,10.0782104492188
1979,6,30,9.6184020996094
1979,7,1,10.5755249023438
1979,7,2,11.4201904296875
1979,7,3,11.9922119140625
1979,7,4,13.7070861816406
1979,7,5,13.8735290527344
1979,7,6,11.9986511230469
1979,7,7,10.9606567382813
1979,7,8,13.3393798828125
1979,7,9,14.1677185058594
1979,7,10,12.4912353515625
1979,7,11,12.7969299316406
1979,7,12,13.3045593261719
1979,7,13,12.0622192382813
1979,7,14,12.5000549316406
1979,7,15,11.4288879394531
1979,7,16,12.2094665527344
1979,7,17,15.7598205566406
1979,7,18,17.5658508300781
1979,7,19,17.19619140625
1979,7,20,17.203759765625
1979,7,21,14.6156860351563
1979,7,22,12.7322021484375
1979,7,23,11.4553771972656
1979,7,24,11.0680480957031
1979,7,25,10.9294067382813
1979,7,26,11.7149291992188
1979,7,27,12.6134582519531
1979,7,28,12.7375732421875
1979,7,29,12.8646789550781
1979,7,30,13.2772155761719
1979,7,31,15.5774475097656
1979,8,1,17.3424621582031
1979,8,2,17.7137084960938
1979,8,3,16.9746032714844
1979,8,4,19.8233276367188
1979,8,5,22.2147155761719
1979,8,6,22.593408203125
1979,8,7,23.8835693359375
1979,8,8,21.7460266113281
1979,8,9,16.181787109375
1979,8,10,16.1574645996094
1979,8,11,17.1308532714844
1979,8,12,18.1040588378906
1979,8,13,17.8463684082031
1979,8,14,18.32607421875
1979,8,15,16.4311157226563
1979,8,16,13.4661804199219
1979,8,17,12.2339721679688
1979,8,18,11.90908203125
1979,8,19,13.0144897460938
1979,8,20,13.2113586425781
1979,8,21,12.6274047851563
1979,8,22,11.6853271484375
1979,8,23,12.6466003417969
1979,8,24,11.3588806152344
1979,8,25,11.3704772949219
1979,8,26,11.7378479003906
1979,8,27,10.9351745605469
1979,8,28,10.7834106445313
1979,8,29,12.995263671875
1979,8,30,14.2842346191406
1979,8,31,15.126611328125
1979,9,1,14.8980346679688
1979,9,2,16.4150329589844
1979,9,3,17.3813110351563
1979,9,4,15.3528991699219
1979,9,5,13.4406066894531
1979,9,6,12.5972839355469
1979,9,7,13.6503845214844
1979,9,8,12.8909240722656
1979,9,9,11.1044555664063
1979,9,10,10.5027099609375
1979,9,11,9.95476684570315
1979,9,12,12.0323120117188
1979,9,13,12.5801025390625
1979,9,14,11.8357177734375
1979,9,15,12.6050659179688
1979,9,16,11.9277587890625
1979,9,17,12.1703430175781
1979,9,18,11.9158264160156
1979,9,19,11.0859924316406
1979,9,20,12.1188293457031
1979,9,21,10.9624572753906
1979,9,22,9.6224304199219
1979,9,23,10.4174743652344
1979,9,24,9.84145507812502
1979,9,25,8.71111450195315
1979,9,26,8.40615234375002
1979,9,27,8.44155273437502
1979,9,28,8.43560180664065
1979,9,29,9.4973083496094
1979,9,30,10.4021850585938
1979,10,1,9.6162048339844
1979,10,2,8.9390808105469
1979,10,3,9.9543395996094
1979,10,4,8.97091064453127
1979,10,5,8.6848083496094
1979,10,6,6.37252197265627
1979,10,7,5.56612548828127
1979,10,8,5.9211364746094
1979,10,9,5.6527038574219
1979,10,10,7.18587646484377
1979,10,11,7.97591552734377
1979,10,12,9.53151855468752
1979,10,13,10.5308166503906
1979,10,14,8.07622680664065
1979,10,15,6.3382507324219
1979,10,16,6.2199645996094
1979,10,17,6.36055908203127
1979,10,18,5.3647399902344
1979,10,19,5.32680664062502
1979,10,20,5.81157836914065
1979,10,21,5.9273620605469
1979,10,22,6.1613708496094
1979,10,23,5.7065368652344
1979,10,24,6.1652770996094
1979,10,25,7.59258422851565
1979,10,26,6.99434814453127
1979,10,27,5.18084106445315
1979,10,28,6.8577819824219
1979,10,29,5.84560546875002
1979,10,30,7.11049804687502
1979,10,31,6.0860534667969
1979,11,1,6.2504821777344
1979,11,2,5.96163330078127
1979,11,3,5.82927856445315
1979,11,4,7.24373779296877
1979,11,5,7.29079589843752
1979,11,6,6.94759521484377
1979,11,7,5.37618408203127
1979,11,8,4.1909118652344
1979,11,9,5.72628173828127
1979,11,10,6.2982116699219
1979,11,11,6.63247070312502
1979,11,12,3.36821899414065
1979,11,13,2.5109802246094
1979,11,14,2.6777282714844
1979,11,15,3.26992187500002
1979,11,16,4.7180114746094
1979,11,17,6.84649047851565
1979,11,18,6.43926391601565
1979,11,19,4.74819335937502
1979,11,20,5.55291137695315
1979,11,21,6.32439575195315
1979,11,22,10.3081298828125
1979,11,23,5.19732055664065
1979,11,24,4.18905029296877
1979,11,25,3.0925231933594
1979,11,26,1.98403320312502
1979,11,27,1.51015625000002
1979,11,28,2.72762451171877
1979,11,29,5.1159606933594
1979,11,30,6.65963134765627
1979,12,1,5.61953125000002
1979,12,2,1.9589782714844
1979,12,3,1.83278808593752
1979,12,4,8.60772094726565
1979,12,5,6.5259948730469
1979,12,6,6.60512695312502
1979,12,7,7.72060546875002
1979,12,8,3.27083740234377
1979,12,9,3.80214843750002
1979,12,10,8.3271423339844
1979,12,11,10.6802307128906
1979,12,12,7.95821533203127
1979,12,13,6.4671569824219
1979,12,14,5.3571716308594
1979,12,15,2.34780273437502
1979,12,16,2.63472900390627
1979,12,17,5.74971923828127
1979,12,18,4.07515869140627
1979,12,19,-0.720007324218727
1979,12,20,-0.714575195312477
1979,12,21,-2.43161621093748
1979,12,22,-2.15457763671873
1979,12,23,-2.8872131347656
1979,12,24,-4.08249511718748
1979,12,25,-0.344091796874977
1979,12,26,4.10848388671877
1979,12,27,4.3867126464844
1979,12,28,1.6054626464844
1979,12,29,-0.942114257812477
1979,12,30,-0.952368164062477
1979,12,31,-1.25556030273435
1980,1,1,-0.855230712890602
1980,1,2,-2.3360656738281
1980,1,3,-2.33319702148435
1980,1,4,-2.98761596679685
1980,1,5,-1.76956787109373
1980,1,6,-1.3772033691406
1980,1,7,0.0722290039062727
1980,1,8,-0.885565185546852
1980,1,9,-3.24735107421873
1980,1,10,-4.1552795410156
1980,1,11,-4.78876342773435
1980,1,12,-4.6414855957031
1980,1,13,2.70354614257815
1980,1,14,4.84041748046877
1980,1,15,4.6898132324219
1980,1,16,0.581323242187523
1980,1,17,-3.50507202148435
1980,1,18,-2.69830932617185
1980,1,19,-1.63205566406248
1980,1,20,1.7733093261719
1980,1,21,0.491143798828148
1980,1,22,0.713494873046898
1980,1,23,3.57296142578127
1980,1,24,4.20183715820315
1980,1,25,2.43502197265627
1980,1,26,1.54488525390627
1980,1,27,-0.681097412109352
1980,1,28,2.49614868164065
1980,1,29,-1.59052124023435
1980,1,30,-0.232214355468727
1980,1,31,1.78945312500002
1980,2,1,1.5427185058594
1980,2,2,0.384606933593773
1980,2,3,-0.730291748046852
1980,2,4,-0.724523925781227
1980,2,5,0.430963134765648
1980,2,6,1.59237060546877
1980,2,7,5.84639892578127
1980,2,8,3.47991333007815
1980,2,9,4.85540161132815
1980,2,10,2.6120544433594
1980,2,11,5.53313598632815
1980,2,12,6.29635009765627
1980,2,13,3.73711547851565
1980,2,14,3.86037597656252
1980,2,15,1.93154296875002
1980,2,16,1.2403503417969
1980,2,17,2.5168395996094
1980,2,18,3.63668212890627
1980,2,19,2.7777038574219
1980,2,20,1.56450805664065
1980,2,21,1.35067138671877
1980,2,22,0.658502197265648
1980,2,23,-0.618566894531227
1980,2,24,-0.128240966796852
1980,2,25,-1.05795898437498
1980,2,26,0.157342529296898
1980,2,27,1.02938232421877
1980,2,28,1.30507812500002
1980,2,29,0.968774414062523
1980,3,1,0.235345458984398
1980,3,2,-0.377569580078102
1980,3,3,-0.0528625488281023
1980,3,4,-0.161138916015602
1980,3,5,-1.27371826171873
1980,3,6,-1.2238830566406
1980,3,7,-1.02838745117185
1980,3,8,-2.27139892578123
1980,3,9,-1.78424682617185
1980,3,10,3.33345947265627
1980,3,11,1.15166625976565
1980,3,12,-0.907263183593727
1980,3,13,-0.165441894531227
1980,3,14,-0.791784667968727
1980,3,15,-1.09293212890623
1980,3,16,0.498956298828148
1980,3,17,-0.0179504394531023
1980,3,18,1.47310791015627
1980,3,19,0.128472900390648
1980,3,20,-0.421789550781227
1980,3,21,0.0260253906250227
1980,3,22,2.70000610351565
1980,3,23,6.05190429687502
1980,3,24,6.72808227539065
1980,3,25,4.81362304687502
1980,3,26,9.9501892089844
1980,3,27,8.73467407226565
1980,3,28,7.43267211914065
1980,3,29,6.3902526855469
1980,3,30,3.7391296386719
1980,3,31,-0.637640380859352
1980,4,1,-1.19577636718748
1980,4,2,1.20119628906252
1980,4,3,6.34511718750002
1980,4,4,8.1634460449219
1980,4,5,7.56905517578127
1980,4,6,5.46328125000002
1980,4,7,5.1003356933594
1980,4,8,5.31380615234377
1980,4,9,3.48784790039065
1980,4,10,4.5098815917969
1980,4,11,8.31697998046877
1980,4,12,9.47109375000002
1980,4,13,2.34197387695315
1980,4,14,1.7048278808594
1980,4,15,2.6872497558594
1980,4,16,-0.0298217773437273
1980,4,17,-0.618475341796852
1980,4,18,-0.602484130859352
1980,4,19,2.2686706542969
1980,4,20,6.54912719726565
1980,4,21,2.1341491699219
1980,4,22,2.06853637695315
1980,4,23,2.32088623046877
1980,4,24,2.05672607421877
1980,4,25,1.9547058105469
1980,4,26,3.46657714843752
1980,4,27,5.37276611328127
1980,4,28,8.69808349609377
1980,4,29,10.7426086425781
1980,4,30,6.9467712402344
1980,5,1,5.24797973632815
1980,5,2,6.98391113281252
1980,5,3,5.92574462890627
1980,5,4,5.5975280761719
1980,5,5,9.28020629882815
1980,5,6,9.29384765625002
1980,5,7,11.3194519042969
1980,5,8,9.9608093261719
1980,5,9,7.18132934570315
1980,5,10,9.32943115234377
1980,5,11,9.5244079589844
1980,5,12,9.06328735351565
1980,5,13,10.5305419921875
1980,5,14,7.2282653808594
1980,5,15,7.1445251464844
1980,5,16,9.34438476562502
1980,5,17,8.02178344726565
1980,5,18,8.86104736328127
1980,5,19,9.40187988281252
1980,5,20,8.86296997070315
1980,5,21,9.45317993164065
1980,5,22,10.0761047363281
1980,5,23,9.35842285156252
1980,5,24,10.0588012695313
1980,5,25,12.6577392578125
1980,5,26,11.0165649414063
1980,5,27,10.7311645507813
1980,5,28,9.11855468750002
1980,5,29,7.91085205078127
1980,5,30,8.80892333984377
1980,5,31,9.43593750000002
1980,6,1,10.7693420410156
1980,6,2,11.2178588867188
1980,6,3,13.1254211425781
1980,6,4,14.6642395019531
1980,6,5,14.3099609375
1980,6,6,11.9975219726563
1980,6,7,14.0937133789063
1980,6,8,15.2796875
1980,6,9,15.8811584472656
1980,6,10,12.3060546875
1980,6,11,11.0066162109375
1980,6,12,11.2121520996094
1980,6,13,11.7380004882813
1980,6,14,11.1859680175781
1980,6,15,10.6552062988281
1980,6,16,12.9309936523438
1980,6,17,12.7595764160156
1980,6,18,9.5319763183594
1980,6,19,8.83974609375002
1980,6,20,9.4003845214844
1980,6,21,8.9877868652344
1980,6,22,8.98470458984377
1980,6,23,8.01418457031252
1980,6,24,8.8637634277344
1980,6,25,10.2630249023438
1980,6,26,12.9904113769531
1980,6,27,16.0130249023438
1980,6,28,15.6765075683594
1980,6,29,15.7922607421875
1980,6,30,18.2129760742188
1980,7,1,19.954248046875
1980,7,2,18.4836975097656
1980,7,3,16.7316528320313
1980,7,4,15.4098754882813
1980,7,5,15.5450378417969
1980,7,6,15.9451538085938
1980,7,7,16.9126831054688
1980,7,8,18.1282592773438
1980,7,9,19.2865539550781
1980,7,10,19.643212890625
1980,7,11,19.7402587890625
1980,7,12,17.4753051757813
1980,7,13,15.6934448242188
1980,7,14,18.144189453125
1980,7,15,15.7241760253906
1980,7,16,15.6380859375
1980,7,17,14.5036254882813
1980,7,18,15.0532470703125
1980,7,19,18.1000610351563
1980,7,20,20.4536376953125
1980,7,21,19.5862060546875
1980,7,22,19.4939208984375
1980,7,23,19.7263122558594
1980,7,24,17.0254760742188
1980,7,25,15.5122009277344
1980,7,26,13.5564819335938
1980,7,27,15.0914245605469
1980,7,28,15.1877380371094
1980,7,29,16.0128723144531
1980,7,30,18.2681518554688
1980,7,31,17.953271484375
1980,8,1,18.7542358398438
1980,8,2,20.0189453125
1980,8,3,17.8229614257813
1980,8,4,17.5492492675781
1980,8,5,19.0833374023438
1980,8,6,19.6214233398438
1980,8,7,17.789453125
1980,8,8,18.3239685058594
1980,8,9,17.9068237304688
1980,8,10,19.6684509277344
1980,8,11,21.1247802734375
1980,8,12,21.1721130371094
1980,8,13,21.3501831054688
1980,8,14,21.7046752929688
1980,8,15,22.2442565917969
1980,8,16,22.7213684082031
1980,8,17,19.123681640625
1980,8,18,17.8546997070313
1980,8,19,17.8789001464844
1980,8,20,17.537255859375
1980,8,21,17.9220520019531
1980,8,22,17.352685546875
1980,8,23,13.4796081542969
1980,8,24,13.880517578125
1980,8,25,13.8958068847656
1980,8,26,14.2264038085938
1980,8,27,15.0136962890625
1980,8,28,14.6213012695313
1980,8,29,14.2222534179688
1980,8,30,14.390283203125
1980,8,31,13.0615478515625
1980,9,1,14.6008544921875
1980,9,2,14.7325378417969
1980,9,3,14.6546264648438
1980,9,4,14.5643249511719
1980,9,5,13.7084289550781
1980,9,6,13.1050964355469
1980,9,7,12.7731872558594
1980,9,8,11.2566772460938
1980,9,9,11.6038146972656
1980,9,10,8.84526977539065
1980,9,11,8.98183593750002
1980,9,12,10.1156555175781
1980,9,13,8.73479614257815
1980,9,14,9.70977172851565
1980,9,15,10.5517517089844
1980,9,16,13.7772766113281
1980,9,17,14.3188720703125
1980,9,18,13.8208862304688
1980,9,19,12.0304809570313
1980,9,20,12.3311096191406
1980,9,21,12.4574829101563
1980,9,22,11.3719421386719
1980,9,23,11.82412109375
1980,9,24,11.9470764160156
1980,9,25,11.3092895507813
1980,9,26,11.0134826660156
1980,9,27,12.1657653808594
1980,9,28,11.5225158691406
1980,9,29,11.4965148925781
1980,9,30,13.0548645019531
1980,10,1,9.99324951171877
1980,10,2,10.0304504394531
1980,10,3,10.9665771484375
1980,10,4,11.3794189453125
1980,10,5,10.660791015625
1980,10,6,9.73259887695315
1980,10,7,7.7868591308594
1980,10,8,7.5797058105469
1980,10,9,7.30098876953127
1980,10,10,7.01223144531252
1980,10,11,7.30074462890627
1980,10,12,7.67351684570315
1980,10,13,7.3362976074219
1980,10,14,7.35393676757815
1980,10,15,8.35540161132815
1980,10,16,8.37459716796877
1980,10,17,6.88494262695315
1980,10,18,6.88894042968752
1980,10,19,5.40285644531252
1980,10,20,7.1536804199219
1980,10,21,8.05520019531252
1980,10,22,4.32781372070315
1980,10,23,4.6408630371094
1980,10,24,7.62236938476565
1980,10,25,5.78969726562502
1980,10,26,4.77144775390627
1980,10,27,3.95601806640627
1980,10,28,2.32293090820315
1980,10,29,2.5566345214844
1980,10,30,4.02144775390627
1980,10,31,4.16060791015627
1980,11,1,3.98757324218752
1980,11,2,5.06548461914065
1980,11,3,8.17888793945315
1980,11,4,6.86858520507815
1980,11,5,4.37191162109377
1980,11,6,4.1363464355469
1980,11,7,3.7668395996094
1980,11,8,1.6105895996094
1980,11,9,1.7293640136719
1980,11,10,1.81658325195315
1980,11,11,3.9434753417969
1980,11,12,4.36293945312502
1980,11,13,4.92254028320315
1980,11,14,4.53463134765627
1980,11,15,0.825341796875023
1980,11,16,-0.792242431640602
1980,11,17,-1.23044433593748
1980,11,18,-1.09760131835935
1980,11,19,-0.440344238281227
1980,11,20,0.137353515625023
1980,11,21,-1.38287963867185
1980,11,22,-3.30060424804685
1980,11,23,-2.99918212890623
1980,11,24,-2.21762695312498
1980,11,25,3.43209228515627
1980,11,26,4.56630859375002
1980,11,27,8.16915283203127
1980,11,28,10.7372375488281
1980,11,29,10.4074035644531
1980,11,30,8.31490478515627
1980,12,1,8.14238891601565
1980,12,2,11.1183715820313
1980,12,3,10.9598022460938
1980,12,4,7.49785766601565
1980,12,5,6.73858032226565
1980,12,6,7.53505859375002
1980,12,7,2.16146240234377
1980,12,8,1.78313598632815
1980,12,9,1.35650024414065
1980,12,10,2.32106933593752
1980,12,11,0.325646972656273
1980,12,12,-2.89041748046873
1980,12,13,-2.84604492187498
1980,12,14,0.280023193359398
1980,12,15,1.13033447265627
1980,12,16,-0.234411621093727
1980,12,17,-2.25900878906248
1980,12,18,-3.12836303710935
1980,12,19,2.22701416015627
1980,12,20,1.4179626464844
1980,12,21,-2.21414794921873
1980,12,22,-6.25748291015623
1980,12,23,-3.48245849609373
1980,12,24,-2.79227294921873
1980,12,25,-0.650396728515602
1980,12,26,-0.0182250976562273
1980,12,27,1.10613403320315
1980,12,28,1.9005065917969
1980,12,29,0.684899902343773
1980,12,30,-0.433203124999977
1980,12,31,-0.0871948242187273
1981,1,1,2.09804687500002
1981,1,2,0.0923095703125227
1981,1,3,0.153710937500023
1981,1,4,-1.02838745117185
1981,1,5,-1.79501953124998
1981,1,6,-3.70804443359373
1981,1,7,-3.77683105468748
1981,1,8,-0.274664306640602
1981,1,9,0.555871582031273
1981,1,10,-1.73898925781248
1981,1,11,-3.78830566406248
1981,1,12,-7.78827514648435
1981,1,13,-6.61221923828123
1981,1,14,-4.8806213378906
1981,1,15,0.331262207031273
1981,1,16,2.21962890625002
1981,1,17,4.10161743164065
1981,1,18,4.28518066406252
1981,1,19,5.60738525390627
1981,1,20,2.1414733886719
1981,1,21,1.08449707031252
1981,1,22,6.71102294921877
1981,1,23,2.63311157226565
1981,1,24,3.32424316406252
1981,1,25,2.32268676757815
1981,1,26,-0.531530761718727
1981,1,27,1.84331665039065
1981,1,28,3.87795410156252
1981,1,29,2.26265869140627
1981,1,30,3.81609497070315
1981,1,31,1.56746826171877
1981,2,1,-1.87070312499998
1981,2,2,-4.86759033203123
1981,2,3,-6.42047729492185
1981,2,4,-3.9267639160156
1981,2,5,-0.330419921874977
1981,2,6,-1.2873596191406
1981,2,7,-0.594396972656227
1981,2,8,-1.52951660156248
1981,2,9,-4.05072631835935
1981,2,10,-4.2801574707031
1981,2,11,-6.9774230957031
1981,2,12,-6.39719238281248
1981,2,13,-6.22098388671873
1981,2,14,-4.59097900390623
1981,2,15,-1.29874267578123
1981,2,16,0.333978271484398
1981,2,17,-1.7255920410156
1981,2,18,2.31594238281252
1981,2,19,5.12334594726565
1981,2,20,4.81771240234377
1981,2,21,3.33345947265627
1981,2,22,0.0826354980468977
1981,2,23,0.702691650390648
1981,2,24,2.38384399414065
1981,2,25,2.08767089843752
1981,2,26,1.6790710449219
1981,2,27,1.3680358886719
1981,2,28,1.04494628906252
1981,3,1,-0.111364746093727
1981,3,2,0.0639282226562727
1981,3,3,0.302087402343773
1981,3,4,0.848504638671898
1981,3,5,0.694970703125023
1981,3,6,0.858422851562523
1981,3,7,1.24831542968752
1981,3,8,0.0983825683593977
1981,3,9,-1.55106201171873
1981,3,10,-0.992651367187477
1981,3,11,0.0983825683593977
1981,3,12,-0.144842529296852
1981,3,13,-0.244146728515602
1981,3,14,1.44844970703127
1981,3,15,1.55690917968752
1981,3,16,0.118951416015648
1981,3,17,-1.03195800781248
1981,3,18,0.928765869140648
1981,3,19,2.4634948730469
1981,3,20,0.427362060546898
1981,3,21,-0.735662841796852
1981,3,22,-0.991369628906227
1981,3,23,-0.662725830078102
1981,3,24,0.557580566406273
1981,3,25,1.6514831542969
1981,3,26,5.66848144531252
1981,3,27,4.57406005859377
1981,3,28,5.75026855468752
1981,3,29,5.21941528320315
1981,3,30,4.0141540527344
1981,3,31,4.35613403320315
1981,4,1,3.44759521484377
1981,4,2,0.211755371093773
1981,4,3,0.752557373046898
1981,4,4,1.5723815917969
1981,4,5,-2.17349853515623
1981,4,6,-2.91110839843748
1981,4,7,-1.61575927734373
1981,4,8,-1.51312866210935
1981,4,9,-0.0538696289062273
1981,4,10,0.672113037109398
1981,4,11,3.22902832031252
1981,4,12,5.5235534667969
1981,4,13,7.71770629882815
1981,4,14,8.25286254882815
1981,4,15,7.49105224609377
1981,4,16,4.1143737792969
1981,4,17,0.893701171875023
1981,4,18,-0.182623291015602
1981,4,19,-0.0271667480468523
1981,4,20,0.147058105468773
1981,4,21,0.346856689453148
1981,4,22,0.108483886718773
1981,4,23,-0.370764160156227
1981,4,24,0.456567382812523
1981,4,25,1.3381286621094
1981,4,26,0.493493652343773
1981,4,27,-0.577062988281227
1981,4,28,1.09038696289065
1981,4,29,0.804040527343773
1981,4,30,1.23220214843752
1981,5,1,3.90093383789065
1981,5,2,5.31350097656252
1981,5,3,4.21148071289065
1981,5,4,4.10494384765627
1981,5,5,6.4086853027344
1981,5,6,6.82000122070315
1981,5,7,7.77227172851565
1981,5,8,10.0885559082031
1981,5,9,10.4410034179688
1981,5,10,6.34136352539065
1981,5,11,6.6241394042969
1981,5,12,7.04293212890627
1981,5,13,6.09014282226565
1981,5,14,5.97292480468752
1981,5,15,6.61580810546877
1981,5,16,5.67766723632815
1981,5,17,7.12700805664065
1981,5,18,9.94997558593752
1981,5,19,8.1484313964844
1981,5,20,9.26162109375002
1981,5,21,13.3726440429688
1981,5,22,16.4034973144531
1981,5,23,17.9011474609375
1981,5,24,18.2805725097656
1981,5,25,14.1722351074219
1981,5,26,9.97371826171877
1981,5,27,7.4285827636719
1981,5,28,6.27532348632815
1981,5,29,7.23958740234377
1981,5,30,5.91646728515627
1981,5,31,6.90313110351565
1981,6,1,8.41457519531252
1981,6,2,8.74440917968752
1981,6,3,10.0444580078125
1981,6,4,13.5636535644531
1981,6,5,15.0535217285156
1981,6,6,17.31826171875
1981,6,7,16.7296691894531
1981,6,8,14.6877075195313
1981,6,9,13.6538940429688
1981,6,10,16.8787780761719
1981,6,11,17.3984008789063
1981,6,12,16.3333374023438
1981,6,13,14.1065612792969
1981,6,14,13.0472351074219
1981,6,15,14.6765686035156
1981,6,16,15.8620849609375
1981,6,17,17.1155639648438
1981,6,18,15.6323791503906
1981,6,19,16.595849609375
1981,6,20,18.0408569335938
1981,6,21,20.2835632324219
1981,6,22,20.1726318359375
1981,6,23,19.7159362792969
1981,6,24,18.371728515625
1981,6,25,14.4497314453125
1981,6,26,12.5859008789063
1981,6,27,12.3384338378906
1981,6,28,12.63662109375
1981,6,29,14.6210266113281
1981,6,30,14.150048828125
1981,7,1,12.4765869140625
1981,7,2,14.192041015625
1981,7,3,14.5407958984375
1981,7,4,15.8589721679688
1981,7,5,15.1545349121094
1981,7,6,15.9895568847656
1981,7,7,16.7798706054688
1981,7,8,16.9477783203125
1981,7,9,15.9933410644531
1981,7,10,14.0555969238281
1981,7,11,13.284814453125
1981,7,12,13.8926635742188
1981,7,13,13.3162780761719
1981,7,14,15.2476135253906
1981,7,15,15.7764221191406
1981,7,16,15.0184875488281
1981,7,17,18.0312438964844
1981,7,18,17.8176818847656
1981,7,19,13.9651733398438
1981,7,20,13.9237915039063
1981,7,21,13.9305969238281
1981,7,22,15.8291870117188
1981,7,23,16.6615844726563
1981,7,24,13.5577331542969
1981,7,25,13.1431823730469
1981,7,26,12.5096069335938
1981,7,27,12.5930419921875
1981,7,28,13.7766052246094
1981,7,29,13.9592529296875
1981,7,30,12.99208984375
1981,7,31,12.4123168945313
1981,8,1,13.5605102539063
1981,8,2,13.6764770507813
1981,8,3,14.2395568847656
1981,8,4,13.3445068359375
1981,8,5,13.56240234375
1981,8,6,13.9875122070313
1981,8,7,15.9924865722656
1981,8,8,16.0927978515625
1981,8,9,12.7802978515625
1981,8,10,12.6192565917969
1981,8,11,15.1532531738281
1981,8,12,16.2475830078125
1981,8,13,15.658349609375
1981,8,14,15.9324890136719
1981,8,15,16.8689514160156
1981,8,16,16.3093505859375
1981,8,17,12.5403076171875
1981,8,18,12.1792846679688
1981,8,19,11.6836791992188
1981,8,20,10.4931579589844
1981,8,21,12.0188537597656
1981,8,22,10.0280700683594
1981,8,23,10.381494140625
1981,8,24,11.7682739257813
1981,8,25,10.8307434082031
1981,8,26,11.3294616699219
1981,8,27,11.7549377441406
1981,8,28,11.993310546875
1981,8,29,14.7314392089844
1981,8,30,14.6409545898438
1981,8,31,13.6841979980469
1981,9,1,13.420068359375
1981,9,2,11.5651184082031
1981,9,3,11.5664001464844
1981,9,4,10.6855102539063
1981,9,5,10.9875732421875
1981,9,6,9.91402587890627
1981,9,7,11.0882202148438
1981,9,8,12.6472717285156
1981,9,9,13.9659973144531
1981,9,10,10.8503356933594
1981,9,11,11.4890380859375
1981,9,12,13.2179809570313
1981,9,13,12.8944946289063
1981,9,14,13.0353637695313
1981,9,15,12.9463134765625
1981,9,16,13.3536010742188
1981,9,17,13.152734375
1981,9,18,13.7875610351563
1981,9,19,15.0295959472656
1981,9,20,15.6289306640625
1981,9,21,15.803857421875
1981,9,22,15.3559814453125
1981,9,23,12.8089233398438
1981,9,24,9.31487426757815
1981,9,25,7.64333496093752
1981,9,26,7.58733520507815
1981,9,27,7.93938598632815
1981,9,28,7.15618286132815
1981,9,29,3.9998718261719
1981,9,30,6.41713867187502
1981,10,1,5.02047119140627
1981,10,2,3.76348266601565
1981,10,3,4.50588378906252
1981,10,4,5.04671630859377
1981,10,5,4.64043579101565
1981,10,6,3.35723266601565
1981,10,7,2.69216308593752
1981,10,8,3.89544067382815
1981,10,9,4.97078857421877
1981,10,10,5.5477233886719
1981,10,11,9.09407958984377
1981,10,12,7.30010375976565
1981,10,13,8.94631347656252
1981,10,14,8.54293212890627
1981,10,15,6.99227294921877
1981,10,16,6.94219360351565
1981,10,17,7.05605468750002
1981,10,18,9.22698364257815
1981,10,19,9.94722900390627
1981,10,20,9.21904907226565
1981,10,21,10.2398620605469
1981,10,22,8.94692382812502
1981,10,23,9.2806335449219
1981,10,24,6.67647705078127
1981,10,25,6.03057250976565
1981,10,26,4.90838012695315
1981,10,27,4.9062438964844
1981,10,28,1.47988281250002
1981,10,29,0.762658691406273
1981,10,30,0.561273193359398
1981,10,31,4.28643188476565
1981,11,1,7.38063964843752
1981,11,2,6.42473754882815
1981,11,3,6.68889770507815
1981,11,4,6.25270996093752
1981,11,5,5.8577819824219
1981,11,6,4.5943542480469
1981,11,7,5.82601318359377
1981,11,8,6.03594360351565
1981,11,9,7.0710388183594
1981,11,10,4.9694763183594
1981,11,11,4.54000244140627
1981,11,12,5.66774902343752
1981,11,13,7.09066162109377
1981,11,14,5.41817626953127
1981,11,15,6.78853759765627
1981,11,16,5.3427673339844
1981,11,17,3.55050048828127
1981,11,18,2.60540161132815
1981,11,19,2.8238464355469
1981,11,20,0.712121582031273
1981,11,21,0.234796142578148
1981,11,22,1.77218017578127
1981,11,23,3.2615905761719
1981,11,24,3.28359375000002
1981,11,25,3.93538818359377
1981,11,26,2.12221679687502
1981,11,27,1.26674804687502
1981,11,28,-1.18680419921873
1981,11,29,-2.51981201171873
1981,11,30,-2.82504882812498
1981,12,1,-2.95059814453123
1981,12,2,-0.380285644531227
1981,12,3,2.3745056152344
1981,12,4,3.9146667480469
1981,12,5,2.5963073730469
1981,12,6,0.555352783203148
1981,12,7,6.0925231933594
1981,12,8,8.4395690917969
1981,12,9,6.31694946289065
1981,12,10,2.90032348632815
1981,12,11,1.56585083007815
1981,12,12,1.22365722656252
1981,12,13,-0.343389892578102
1981,12,14,-2.94608154296873
1981,12,15,-5.7458557128906
1981,12,16,-7.29682006835935
1981,12,17,-5.8973449707031
1981,12,18,-4.60639038085935
1981,12,19,-0.0390075683593523
1981,12,20,3.86773071289065
1981,12,21,2.22725830078127
1981,12,22,1.3372741699219
1981,12,23,-0.666876220703102
1981,12,24,0.0870605468750227
1981,12,25,0.145166015625023
1981,12,26,-0.537725830078102
1981,12,27,5.02947387695315
1981,12,28,3.11660156250002
1981,12,29,1.01424560546877
1981,12,30,1.77395019531252
1981,12,31,2.55791625976565
1982,1,1,3.8941589355469
1982,1,2,2.16289672851565
1982,1,3,3.3373962402344
1982,1,4,3.89705810546877
1982,1,5,3.25396118164065
1982,1,6,2.8599792480469
1982,1,7,0.266473388671898
1982,1,8,-0.751165771484352
1982,1,9,-1.67435302734373
1982,1,10,0.572076416015648
1982,1,11,2.2534118652344
1982,1,12,0.0891357421875227
1982,1,13,2.00100097656252
1982,1,14,-0.855352783203102
1982,1,15,-2.44754638671873
1982,1,16,-1.3481506347656
1982,1,17,-6.34677734374998
1982,1,18,-9.55704345703123
1982,1,19,-10.4947570800781
1982,1,20,-4.27960815429685
1982,1,21,-5.2116760253906
1982,1,22,-7.63742675781248
1982,1,23,-5.5485900878906
1982,1,24,-2.93756713867185
1982,1,25,-1.09219970703123
1982,1,26,-0.205206298828102
1982,1,27,0.432977294921898
1982,1,28,1.88820800781252
1982,1,29,-0.832769775390602
1982,1,30,-1.05731811523435
1982,1,31,0.792810058593773
1982,2,1,2.18483886718752
1982,2,2,0.829919433593773
1982,2,3,1.6933532714844
1982,2,4,2.94329223632815
1982,2,5,1.43587646484377
1982,2,6,0.900384521484398
1982,2,7,0.799920654296898
1982,2,8,-3.3057922363281
1982,2,9,-4.0771545410156
1982,2,10,2.0756774902344
1982,2,11,3.62175903320315
1982,2,12,2.79860839843752
1982,2,13,1.82085571289065
1982,2,14,3.53801879882815
1982,2,15,3.30587158203127
1982,2,16,5.0897155761719
1982,2,17,6.7923522949219
1982,2,18,4.05581054687502
1982,2,19,0.334680175781273
1982,2,20,-1.81183471679685
1982,2,21,-3.23984374999998
1982,2,22,-5.2757629394531
1982,2,23,-6.22601928710935
1982,2,24,-3.33490600585935
1982,2,25,-6.3216613769531
1982,2,26,-8.83951416015623
1982,2,27,-6.65289916992185
1982,2,28,0.111230468750023
1982,3,1,1.25582275390627
1982,3,2,-0.954870605468727
1982,3,3,0.561090087890648
1982,3,4,-0.662847900390602
1982,3,5,-1.10394897460935
1982,3,6,-0.179602050781227
1982,3,7,2.45559082031252
1982,3,8,2.49138793945315
1982,3,9,-0.517919921874977
1982,3,10,-1.2585510253906
1982,3,11,2.01491699218752
1982,3,12,5.03829345703127
1982,3,13,4.30416259765627
1982,3,14,1.0580993652344
1982,3,15,3.72661743164065
1982,3,16,6.2243591308594
1982,3,17,6.48488769531252
1982,3,18,2.7706237792969
1982,3,19,0.912530517578148
1982,3,20,2.1247497558594
1982,3,21,0.184381103515648
1982,3,22,1.58291015625002
1982,3,23,2.6651550292969
1982,3,24,3.4794860839844
1982,3,25,2.59035644531252
1982,3,26,0.945733642578148
1982,3,27,2.23162231445315
1982,3,28,1.18538818359377
1982,3,29,2.5810485839844
1982,3,30,7.8930603027344
1982,3,31,11.0056091308594
1982,4,1,12.98818359375
1982,4,2,8.01302490234377
1982,4,3,5.53670654296877
1982,4,4,4.38460693359377
1982,4,5,4.25826416015627
1982,4,6,5.05181274414065
1982,4,7,4.07204589843752
1982,4,8,3.27642211914065
1982,4,9,3.33736572265627
1982,4,10,3.7514587402344
1982,4,11,2.36348876953127
1982,4,12,1.37175903320315
1982,4,13,2.39946899414065
1982,4,14,6.17330322265627
1982,4,15,7.9196716308594
1982,4,16,6.40212402343752
1982,4,17,6.82656250000002
1982,4,18,7.87783203125002
1982,4,19,11.9867797851563
1982,4,20,13.3079162597656
1982,4,21,13.8597045898438
1982,4,22,9.4617858886719
1982,4,23,6.61824951171877
1982,4,24,5.24697265625002
1982,4,25,6.64568481445315
1982,4,26,5.17168579101565
1982,4,27,5.28240356445315
1982,4,28,6.77102050781252
1982,4,29,8.37337646484377
1982,4,30,10.3567749023438
1982,5,1,10.0042663574219
1982,5,2,9.3166442871094
1982,5,3,9.0393005371094
1982,5,4,8.60469970703127
1982,5,5,5.7418151855469
1982,5,6,3.52227172851565
1982,5,7,3.34783325195315
1982,5,8,3.3668151855469
1982,5,9,4.37990722656252
1982,5,10,3.78798828125002
1982,5,11,4.21535644531252
1982,5,12,4.95882568359377
1982,5,13,5.79183349609377
1982,5,14,8.4429870605469
1982,5,15,6.70064697265627
1982,5,16,6.8420349121094
1982,5,17,9.55324707031252
1982,5,18,6.2089782714844
1982,5,19,7.78975830078127
1982,5,20,7.17781982421877
1982,5,21,6.5297790527344
1982,5,22,8.47088012695315
1982,5,23,8.99761352539065
1982,5,24,8.03298339843752
1982,5,25,7.15859375000002
1982,5,26,8.15996704101565
1982,5,27,9.56878051757815
1982,5,28,13.4701171875
1982,5,29,12.0207153320313
1982,5,30,9.8051696777344
1982,5,31,10.4580932617188
1982,6,1,10.5342651367188
1982,6,2,11.6109558105469
1982,6,3,12.5987487792969
1982,6,4,11.797998046875
1982,6,5,12.230859375
1982,6,6,14.1219421386719
1982,6,7,15.872216796875
1982,6,8,13.4045043945313
1982,6,9,16.6792846679688
1982,6,10,20.2432495117188
1982,6,11,21.0237670898438
1982,6,12,20.8691650390625
1982,6,13,22.003564453125
1982,6,14,20.5928283691406
1982,6,15,17.5844665527344
1982,6,16,12.8085266113281
1982,6,17,14.0508056640625
1982,6,18,11.7701965332031
1982,6,19,9.82756958007815
1982,6,20,10.5334106445313
1982,6,21,12.3515258789063
1982,6,22,13.2148376464844
1982,6,23,13.6556945800781
1982,6,24,15.1613708496094
1982,6,25,12.0638366699219
1982,6,26,10.0794006347656
1982,6,27,11.7933898925781
1982,6,28,9.9313903808594
1982,6,29,9.42318115234377
1982,6,30,9.5268493652344
1982,7,1,8.86480102539065
1982,7,2,10.2205444335938
1982,7,3,11.0788818359375
1982,7,4,11.2727294921875
1982,7,5,13.6138549804688
1982,7,6,14.3369689941406
1982,7,7,15.2653137207031
1982,7,8,14.9815002441406
1982,7,9,14.9449096679688
1982,7,10,15.330224609375
1982,7,11,16.0472351074219
1982,7,12,16.4451538085938
1982,7,13,16.7655883789063
1982,7,14,15.8908020019531
1982,7,15,14.7993713378906
1982,7,16,14.22109375
1982,7,17,14.8662963867188
1982,7,18,14.960107421875
1982,7,19,13.3694091796875
1982,7,20,11.0912414550781
1982,7,21,12.1653076171875
1982,7,22,13.0800109863281
1982,7,23,14.2924438476563
1982,7,24,16.4053894042969
1982,7,25,15.9164367675781
1982,7,26,15.8091674804688
1982,7,27,16.2218566894531
1982,7,28,16.2240539550781
1982,7,29,14.8068481445313
1982,7,30,15.2690368652344
1982,7,31,15.6951843261719
1982,8,1,15.9253173828125
1982,8,2,15.0116516113281
1982,8,3,13.8961730957031
1982,8,4,13.9831481933594
1982,8,5,14.0807434082031
1982,8,6,14.6103149414063
1982,8,7,14.0574890136719
1982,8,8,13.4062744140625
1982,8,9,13.5090576171875
1982,8,10,13.2815490722656
1982,8,11,13.5654235839844
1982,8,12,13.3816467285156
1982,8,13,14.91201171875
1982,8,14,16.3930908203125
1982,8,15,15.5653930664063
1982,8,16,14.5145812988281
1982,8,17,14.1031433105469
1982,8,18,14.7233215332031
1982,8,19,15.2253051757813
1982,8,20,16.9691711425781
1982,8,21,19.2944274902344
1982,8,22,17.4806762695313
1982,8,23,15.6377502441406
1982,8,24,15.17666015625
1982,8,25,15.6857849121094
1982,8,26,13.829736328125
1982,8,27,12.9331298828125
1982,8,28,13.3861938476563
1982,8,29,14.8036437988281
1982,8,30,14.8062683105469
1982,8,31,17.5813842773438
1982,9,1,14.0615783691406
1982,9,2,13.1997619628906
1982,9,3,13.7245727539063
1982,9,4,12.0425964355469
1982,9,5,14.8482299804688
1982,9,6,12.8936401367188
1982,9,7,11.9842468261719
1982,9,8,11.4341369628906
1982,9,9,11.7185302734375
1982,9,10,14.1959167480469
1982,9,11,12.5443359375
1982,9,12,12.063623046875
1982,9,13,12.5506530761719
1982,9,14,11.3392578125
1982,9,15,11.0300842285156
1982,9,16,10.5471435546875
1982,9,17,10.0211120605469
1982,9,18,11.3368469238281
1982,9,19,10.0506530761719
1982,9,20,10.1244445800781
1982,9,21,10.4724365234375
1982,9,22,10.1762634277344
1982,9,23,8.4240661621094
1982,9,24,8.1840759277344
1982,9,25,5.5934997558594
1982,9,26,6.86211547851565
1982,9,27,6.51677856445315
1982,9,28,8.51079711914065
1982,9,29,9.13021240234377
1982,9,30,10.777734375
1982,10,1,10.71767578125
1982,10,2,9.5629821777344
1982,10,3,7.89251098632815
1982,10,4,12.730859375
1982,10,5,12.4720703125
1982,10,6,12.3882385253906
1982,10,7,14.2180419921875
1982,10,8,14.9755798339844
1982,10,9,13.842919921875
1982,10,10,13.187646484375
1982,10,11,14.1125427246094
1982,10,12,13.9099975585938
1982,10,13,12.4954467773438
1982,10,14,11.5597473144531
1982,10,15,10.3587280273438
1982,10,16,7.87127075195315
1982,10,17,7.2137390136719
1982,10,18,8.25393066406252
1982,10,19,5.1860290527344
1982,10,20,3.99688110351565
1982,10,21,3.12627563476565
1982,10,22,3.56514892578127
1982,10,23,8.07912597656252
1982,10,24,12.0262390136719
1982,10,25,11.9654479980469
1982,10,26,11.196435546875
1982,10,27,11.3642822265625
1982,10,28,9.94045410156252
1982,10,29,8.75734863281252
1982,10,30,8.83587036132815
1982,10,31,7.3292175292969
1982,11,1,7.22207031250002
1982,11,2,5.29415283203127
1982,11,3,5.95220336914065
1982,11,4,4.03240356445315
1982,11,5,-0.419500732421852
1982,11,6,-0.450903320312477
1982,11,7,-1.88010253906248
1982,11,8,-3.22958984374998
1982,11,9,-2.5747131347656
1982,11,10,-4.07391967773435
1982,11,11,0.966546630859398
1982,11,12,7.89614257812502
1982,11,13,5.71932373046877
1982,11,14,6.09041748046877
1982,11,15,5.61367187500002
1982,11,16,5.62996826171877
1982,11,17,3.4302917480469
1982,11,18,5.82747802734377
1982,11,19,7.23598632812502
1982,11,20,7.0731140136719
1982,11,21,3.84688720703127
1982,11,22,1.31435546875002
1982,11,23,-1.0996154785156
1982,11,24,-2.55258789062498
1982,11,25,-1.75687255859373
1982,11,26,1.3863464355469
1982,11,27,0.569390869140648
1982,11,28,-1.56729736328123
1982,11,29,-2.05075683593748
1982,11,30,-2.01630249023435
1982,12,1,-1.6329406738281
1982,12,2,-3.00559082031248
1982,12,3,-1.77591552734373
1982,12,4,-2.17990722656248
1982,12,5,-3.45587768554685
1982,12,6,-5.9984191894531
1982,12,7,-5.66147460937498
1982,12,8,-9.30930175781248
1982,12,9,-9.7993225097656
1982,12,10,-8.82034912109373
1982,12,11,-5.51096191406248
1982,12,12,-2.82358398437498
1982,12,13,-8.57224121093748
1982,12,14,-11.2905029296875
1982,12,15,-11.1425231933594
1982,12,16,-9.27203979492185
1982,12,17,-4.06473388671873
1982,12,18,-2.69992675781248
1982,12,19,-1.5081848144531
1982,12,20,0.472314453125023
1982,12,21,1.09993896484377
1982,12,22,-0.155187988281227
1982,12,23,0.395349121093773
1982,12,24,-0.387701416015602
1982,12,25,-2.21710815429685
1982,12,26,-1.89557495117185
1982,12,27,0.323541259765648
1982,12,28,-2.3447326660156
1982,12,29,-3.58954467773435
1982,12,30,-4.6894592285156
1982,12,31,-5.54865112304685
1983,1,1,-2.57413330078123
1983,1,2,-1.88345947265623
1983,1,3,-0.893377685546852
1983,1,4,3.19442138671877
1983,1,5,1.68792114257815
1983,1,6,-0.708807373046852
1983,1,7,-4.77536621093748
1983,1,8,-5.68002929687498
1983,1,9,-3.75168457031248
1983,1,10,-2.71927490234373
1983,1,11,-3.45798339843748
1983,1,12,-4.24381103515623
1983,1,13,-5.17365112304685
1983,1,14,-6.51529541015623
1983,1,15,-3.2399963378906
1983,1,16,2.26345214843752
1983,1,17,2.1000915527344
1983,1,18,4.17995605468752
1983,1,19,3.75606689453127
1983,1,20,0.898583984375023
1983,1,21,0.650750732421898
1983,1,22,3.5018249511719
1983,1,23,2.43316040039065
1983,1,24,0.106866455078148
1983,1,25,-1.88190307617185
1983,1,26,-4.49420776367185
1983,1,27,-5.6164611816406
1983,1,28,-1.46066894531248
1983,1,29,0.761834716796898
1983,1,30,0.538598632812523
1983,1,31,-0.813238525390602
1983,2,1,-2.01859130859373
1983,2,2,-0.977056884765602
1983,2,3,-0.0960144042968523
1983,2,4,-2.13345947265623
1983,2,5,-2.90839233398435
1983,2,6,-3.06964721679685
1983,2,7,-1.05548706054685
1983,2,8,0.261102294921898
1983,2,9,-0.912512207031227
1983,2,10,1.3200622558594
1983,2,11,2.11455688476565
1983,2,12,1.93569335937502
1983,2,13,-1.44779052734373
1983,2,14,2.5530944824219
1983,2,15,2.39702758789065
1983,2,16,0.982904052734398
1983,2,17,0.00921020507814774
1983,2,18,1.00966796875002
1983,2,19,-0.232061767578102
1983,2,20,-0.697424316406227
1983,2,21,0.427514648437523
1983,2,22,1.49306640625002
1983,2,23,4.61562500000002
1983,2,24,3.40776977539065
1983,2,25,0.948937988281273
1983,2,26,0.914941406250023
1983,2,27,1.83709106445315
1983,2,28,4.09600219726565
1983,3,1,3.74794921875002
1983,3,2,6.1652770996094
1983,3,3,4.82424316406252
1983,3,4,4.95147094726565
1983,3,5,4.16362915039065
1983,3,6,0.705987548828148
1983,3,7,-0.780584716796852
1983,3,8,0.927301025390648
1983,3,9,-3.29068603515623
1983,3,10,-1.51410522460935
1983,3,11,1.48153076171877
1983,3,12,1.57708129882815
1983,3,13,1.28582153320315
1983,3,14,2.52413330078127
1983,3,15,2.00283203125002
1983,3,16,0.593682861328148
1983,3,17,0.502343750000023
1983,3,18,1.9365173339844
1983,3,19,3.53719482421877
1983,3,20,1.69490966796877
1983,3,21,0.539971923828148
1983,3,22,-0.260595703124977
1983,3,23,3.89092407226565
1983,3,24,3.0445495605469
1983,3,25,2.80666503906252
1983,3,26,2.49749145507815
1983,3,27,4.8299499511719
1983,3,28,6.54241333007815
1983,3,29,6.68905029296877
1983,3,30,8.45952758789065
1983,3,31,7.65010986328127
1983,4,1,8.55571899414065
1983,4,2,7.7319274902344
1983,4,3,8.35894165039065
1983,4,4,9.8748718261719
1983,4,5,8.79168090820315
1983,4,6,7.47991333007815
1983,4,7,6.54229125976565
1983,4,8,3.90569458007815
1983,4,9,2.9986511230469
1983,4,10,2.12688598632815
1983,4,11,2.4022155761719
1983,4,12,0.217065429687523
1983,4,13,2.02825317382815
1983,4,14,4.49373779296877
1983,4,15,4.58974609375002
1983,4,16,5.87563476562502
1983,4,17,4.4840026855469
1983,4,18,2.43227539062502
1983,4,19,4.07290039062502
1983,4,20,0.682794189453148
1983,4,21,0.00307617187502274
1983,4,22,-0.225836181640602
1983,4,23,0.477380371093773
1983,4,24,2.02633056640627
1983,4,25,2.76357421875002
1983,4,26,2.79311523437502
1983,4,27,3.8862243652344
1983,4,28,8.03029785156252
1983,4,29,8.72371826171877
1983,4,30,7.80205688476565
1983,5,1,7.38698730468752
1983,5,2,8.40908203125002
1983,5,3,7.0809265136719
1983,5,4,8.75405273437502
1983,5,5,12.3831115722656
1983,5,6,13.2392517089844
1983,5,7,13.9611145019531
1983,5,8,10.5781494140625
1983,5,9,8.2712341308594
1983,5,10,7.87154541015627
1983,5,11,5.20757446289065
1983,5,12,4.91030273437502
1983,5,13,5.53191528320315
1983,5,14,7.2646423339844
1983,5,15,6.82756958007815
1983,5,16,6.60885009765627
1983,5,17,7.25408325195315
1983,5,18,8.50625000000002
1983,5,19,9.47661743164065
1983,5,20,8.5665222167969
1983,5,21,8.40737304687502
1983,5,22,7.86443481445315
1983,5,23,8.6556335449219
1983,5,24,9.37664184570315
1983,5,25,11.3779235839844
1983,5,26,10.4787231445313
1983,5,27,13.0652709960938
1983,5,28,17.2781616210938
1983,5,29,11.36513671875
1983,5,30,7.16933593750002
1983,5,31,7.01632080078127
1983,6,1,7.57766113281252
1983,6,2,9.27065429687502
1983,6,3,11.25869140625
1983,6,4,13.4067626953125
1983,6,5,13.0229431152344
1983,6,6,11.9764953613281
1983,6,7,13.05166015625
1983,6,8,12.322900390625
1983,6,9,12.24208984375
1983,6,10,13.1390014648438
1983,6,11,13.6646667480469
1983,6,12,14.0468994140625
1983,6,13,14.5046630859375
1983,6,14,13.3834167480469
1983,6,15,12.5869079589844
1983,6,16,11.3798461914063
1983,6,17,11.0133605957031
1983,6,18,10.7317443847656
1983,6,19,10.7723937988281
1983,6,20,10.2317749023438
1983,6,21,11.7800842285156
1983,6,22,12.013330078125
1983,6,23,12.3980346679688
1983,6,24,13.7029357910156
1983,6,25,13.6014343261719
1983,6,26,10.98623046875
1983,6,27,10.7693725585938
1983,6,28,10.6735168457031
1983,6,29,9.72719726562502
1983,6,30,8.8912292480469
1983,7,1,9.43459472656252
1983,7,2,9.98256835937502
1983,7,3,12.0420776367188
1983,7,4,13.7698303222656
1983,7,5,14.8734375
1983,7,6,15.9316955566406
1983,7,7,17.0888916015625
1983,7,8,13.8442016601563
1983,7,9,12.4963623046875
1983,7,10,12.659326171875
1983,7,11,14.8892150878906
1983,7,12,17.4246459960938
1983,7,13,20.9087158203125
1983,7,14,20.9966064453125
1983,7,15,18.3581787109375
1983,7,16,13.9930053710938
1983,7,17,15.9930358886719
1983,7,18,17.6303344726563
1983,7,19,18.9916625976563
1983,7,20,14.6963745117188
1983,7,21,14.0015808105469
1983,7,22,12.6531311035156
1983,7,23,13.5119262695313
1983,7,24,14.0096374511719
1983,7,25,12.0034729003906
1983,7,26,11.0244995117188
1983,7,27,13.93349609375
1983,7,28,14.7673278808594
1983,7,29,12.8140808105469
1983,7,30,13.0546203613281
1983,7,31,13.449365234375
1983,8,1,13.2481628417969
1983,8,2,13.9117370605469
1983,8,3,14.4840637207031
1983,8,4,13.1702514648438
1983,8,5,13.0950561523438
1983,8,6,13.9262329101563
1983,8,7,14.199609375
1983,8,8,14.5953308105469
1983,8,9,16.4511962890625
1983,8,10,17.0302368164063
1983,8,11,17.7400146484375
1983,8,12,18.6683288574219
1983,8,13,18.8971496582031
1983,8,14,19.3580261230469
1983,8,15,20.2937255859375
1983,8,16,15.8616882324219
1983,8,17,14.0292602539063
1983,8,18,14.8896118164063
1983,8,19,14.6598754882813
1983,8,20,13.5645080566406
1983,8,21,12.9343505859375
1983,8,22,11.8755737304688
1983,8,23,12.9125610351563
1983,8,24,12.853173828125
1983,8,25,12.0483032226563
1983,8,26,14.970849609375
1983,8,27,15.7531372070313
1983,8,28,15.229150390625
1983,8,29,12.7841735839844
1983,8,30,12.8038879394531
1983,8,31,17.8324829101563
1983,9,1,19.4061828613281
1983,9,2,20.1780944824219
1983,9,3,19.693505859375
1983,9,4,13.9820495605469
1983,9,5,12.8147216796875
1983,9,6,13.4013610839844
1983,9,7,13.8267761230469
1983,9,8,13.7813049316406
1983,9,9,15.348291015625
1983,9,10,16.5084167480469
1983,9,11,14.9447265625
1983,9,12,13.6680847167969
1983,9,13,13.0601745605469
1983,9,14,13.0103393554688
1983,9,15,15.2487121582031
1983,9,16,16.9380737304688
1983,9,17,14.5945068359375
1983,9,18,13.9019104003906
1983,9,19,11.4487243652344
1983,9,20,12.1601501464844
1983,9,21,12.2997375488281
1983,9,22,13.4763427734375
1983,9,23,14.9160705566406
1983,9,24,16.2936950683594
1983,9,25,17.2830444335938
1983,9,26,16.5856567382813
1983,9,27,13.7878662109375
1983,9,28,12.3943725585938
1983,9,29,12.7301879882813
1983,9,30,11.385400390625
1983,10,1,11.0761962890625
1983,10,2,12.3463989257813
1983,10,3,10.2753845214844
1983,10,4,12.6203247070313
1983,10,5,14.7229858398438
1983,10,6,12.9724365234375
1983,10,7,10.2546325683594
1983,10,8,8.42775878906252
1983,10,9,10.0627380371094
1983,10,10,9.5986267089844
1983,10,11,6.90139160156252
1983,10,12,7.83110961914065
1983,10,13,5.45049438476565
1983,10,14,4.36361083984377
1983,10,15,2.34942016601565
1983,10,16,3.8710876464844
1983,10,17,4.76006469726565
1983,10,18,7.69973144531252
1983,10,19,11.7814575195313
1983,10,20,10.6586242675781
1983,10,21,10.3415466308594
1983,10,22,9.5021911621094
1983,10,23,10.2178894042969
1983,10,24,8.83248291015627
1983,10,25,8.73577270507815
1983,10,26,8.7780700683594
1983,10,27,11.396142578125
1983,10,28,11.6080871582031
1983,10,29,11.085595703125
1983,10,30,9.00139770507815
1983,10,31,6.7932067871094
1983,11,1,11.1247802734375
1983,11,2,9.99212036132815
1983,11,3,9.74941406250002
1983,11,4,10.9411865234375
1983,11,5,7.88018188476565
1983,11,6,7.40645751953127
1983,11,7,5.76088867187502
1983,11,8,4.23586425781252
1983,11,9,3.94060668945315
1983,11,10,4.40517578125002
1983,11,11,4.93279418945315
1983,11,12,2.12105712890627
1983,11,13,0.578759765625023
1983,11,14,0.336633300781273
1983,11,15,1.69158325195315
1983,11,16,3.25722656250002
1983,11,17,2.04131469726565
1983,11,18,4.22930297851565
1983,11,19,4.83352050781252
1983,11,20,4.17379150390627
1983,11,21,2.76543579101565
1983,11,22,0.728936767578148
1983,11,23,-1.89752807617185
1983,11,24,-3.11871948242185
1983,11,25,-4.9985412597656
1983,11,26,-4.2044738769531
1983,11,27,2.7183776855469
1983,11,28,4.60244140625002
1983,11,29,0.384118652343773
1983,11,30,-0.577520751953102
1983,12,1,-0.0980590820312273
1983,12,2,-0.0249999999999773
1983,12,3,-0.0680908203124773
1983,12,4,-3.47806396484373
1983,12,5,-6.5733703613281
1983,12,6,-6.87555541992185
1983,12,7,-8.74667968749998
1983,12,8,-5.8327697753906
1983,12,9,-3.87692871093748
1983,12,10,-2.1742004394531
1983,12,11,-1.99466552734373
1983,12,12,-4.38858642578123
1983,12,13,-5.19510498046873
1983,12,14,-5.3001770019531
1983,12,15,-7.62515869140623
1983,12,16,-8.0560363769531
1983,12,17,-4.81061401367185
1983,12,18,-3.72952880859373
1983,12,19,-3.19266357421873
1983,12,20,-2.27579345703123
1983,12,21,-0.999243164062477
1983,12,22,4.28096923828127
1983,12,23,4.9558044433594
1983,12,24,0.801477050781273
1983,12,25,0.322503662109398
1983,12,26,0.111566162109398
1983,12,27,1.2938171386719
1983,12,28,0.739160156250023
1983,12,29,1.8090759277344
1983,12,30,-0.145971679687477
1983,12,31,0.807031250000023
1984,1,1,3.75087890625002
1984,1,2,5.25652465820315
1984,1,3,3.61821899414065
1984,1,4,0.0435424804687727
1984,1,5,-0.589300537109352
1984,1,6,1.34868774414065
1984,1,7,-0.0685485839843523
1984,1,8,1.0607849121094
1984,1,9,0.159875488281273
1984,1,10,-1.24982299804685
1984,1,11,-1.07578124999998
1984,1,12,-4.10993041992185
1984,1,13,-2.96555175781248
1984,1,14,-4.32974853515623
1984,1,15,-4.49722900390623
1984,1,16,-3.41119995117185
1984,1,17,-4.98239746093748
1984,1,18,-5.31363525390623
1984,1,19,-6.26764526367185
1984,1,20,0.260797119140648
1984,1,21,4.6310974121094
1984,1,22,7.36055908203127
1984,1,23,6.47609863281252
1984,1,24,1.85329589843752
1984,1,25,2.8729187011719
1984,1,26,3.3959899902344
1984,1,27,4.44082031250002
1984,1,28,5.5151306152344
1984,1,29,2.15862426757815
1984,1,30,-0.0789245605468523
1984,1,31,0.720880126953148
1984,2,1,-0.00406494140622726
1984,2,2,-0.571905517578102
1984,2,3,-0.0397705078124773
1984,2,4,0.101556396484398
1984,2,5,2.00063476562502
1984,2,6,0.922845458984398
1984,2,7,-1.44489135742185
1984,2,8,-2.51691284179685
1984,2,9,0.157464599609398
1984,2,10,2.3023620605469
1984,2,11,2.93935546875002
1984,2,12,1.4803405761719
1984,2,13,-2.26004638671873
1984,2,14,-2.45383300781248
1984,2,15,-2.5426086425781
1984,2,16,-0.0976318359374773
1984,2,17,-0.441595458984352
1984,2,18,2.93569335937502
1984,2,19,1.57131347656252
1984,2,20,1.6144958496094
1984,2,21,2.6229187011719
1984,2,22,6.24334106445315
1984,2,23,5.65993652343752
1984,2,24,1.05288085937502
1984,2,25,-0.832403564453102
1984,2,26,-1.36051025390623
1984,2,27,1.37725219726565
1984,2,28,4.5522399902344
1984,2,29,1.1479431152344
1984,3,1,0.402856445312523
1984,3,2,2.20211181640627
1984,3,3,2.87929687500002
1984,3,4,-0.0700134277343523
1984,3,5,-0.152746582031227
1984,3,6,0.913201904296898
1984,3,7,3.2277770996094
1984,3,8,0.790826416015648
1984,3,9,0.117272949218773
1984,3,10,0.166986083984398
1984,3,11,-0.291571044921852
1984,3,12,-0.897344970703102
1984,3,13,-0.742132568359352
1984,3,14,1.1512390136719
1984,3,15,1.21993408203127
1984,3,16,-0.137426757812477
1984,3,17,0.981988525390648
1984,3,18,5.54888305664065
1984,3,19,5.8231140136719
1984,3,20,4.13784179687502
1984,3,21,2.14479980468752
1984,3,22,-0.892309570312477
1984,3,23,-1.35724487304685
1984,3,24,-0.733618164062477
1984,3,25,-0.612982177734352
1984,3,26,0.451776123046898
1984,3,27,0.665277099609398
1984,3,28,0.0674682617187727
1984,3,29,0.115167236328148
1984,3,30,0.629296875000023
1984,3,31,1.76094970703127
1984,4,1,1.39333496093752
1984,4,2,1.93605957031252
1984,4,3,1.15444335937502
1984,4,4,1.81545410156252
1984,4,5,3.27681884765627
1984,4,6,3.08406982421877
1984,4,7,2.42241821289065
1984,4,8,2.7412048339844
1984,4,9,1.27007446289065
1984,4,10,2.1948181152344
1984,4,11,2.19912109375002
1984,4,12,1.81011352539065
1984,4,13,1.27181396484377
1984,4,14,1.96148071289065
1984,4,15,2.90960083007815
1984,4,16,0.254846191406273
1984,4,17,-0.318334960937477
1984,4,18,-0.459753417968727
1984,4,19,1.22841796875002
1984,4,20,4.2106872558594
1984,4,21,6.7609802246094
1984,4,22,7.11098632812502
1984,4,23,5.04351196289065
1984,4,24,5.03530273437502
1984,4,25,4.28423461914065
1984,4,26,5.00197753906252
1984,4,27,7.25826416015627
1984,4,28,7.99288330078127
1984,4,29,7.96074829101565
1984,4,30,5.99251708984377
1984,5,1,5.03328857421877
1984,5,2,5.65654907226565
1984,5,3,6.94304809570315
1984,5,4,7.66854248046877
1984,5,5,9.05886230468752
1984,5,6,6.24978027343752
1984,5,7,6.0712829589844
1984,5,8,7.26824340820315
1984,5,9,8.31389770507815
1984,5,10,8.1523376464844
1984,5,11,8.55483398437502
1984,5,12,9.1664978027344
1984,5,13,7.61800537109377
1984,5,14,8.01812133789065
1984,5,15,10.4595581054688
1984,5,16,13.8132263183594
1984,5,17,14.7490478515625
1984,5,18,10.9293762207031
1984,5,19,10.6617980957031
1984,5,20,12.9544616699219
1984,5,21,9.45205078125002
1984,5,22,10.1697937011719
1984,5,23,14.2112060546875
1984,5,24,15.5791259765625
1984,5,25,16.6430297851563
1984,5,26,17.5969787597656
1984,5,27,17.6597534179688
1984,5,28,17.5719848632813
1984,5,29,15.8892150878906
1984,5,30,13.2998901367188
1984,5,31,8.35979614257815
1984,6,1,7.3312927246094
1984,6,2,8.8094421386719
1984,6,3,9.76448974609377
1984,6,4,9.31142578125002
1984,6,5,9.09969482421877
1984,6,6,10.0912719726563
1984,6,7,10.4790893554688
1984,6,8,9.20144042968752
1984,6,9,8.7360778808594
1984,6,10,9.63210449218752
1984,6,11,10.0623413085938
1984,6,12,10.6261535644531
1984,6,13,11.626123046875
1984,6,14,10.6818786621094
1984,6,15,10.3910766601563
1984,6,16,12.6810852050781
1984,6,17,16.7261596679688
1984,6,18,13.6775146484375
1984,6,19,12.9180847167969
1984,6,20,15.3489318847656
1984,6,21,17.5707946777344
1984,6,22,19.2194763183594
1984,6,23,14.3190856933594
1984,6,24,11.7864929199219
1984,6,25,12.947412109375
1984,6,26,13.6824584960938
1984,6,27,16.3664489746094
1984,6,28,19.6948486328125
1984,6,29,19.891259765625
1984,6,30,18.0014282226563
1984,7,1,19.0288635253906
1984,7,2,14.9955993652344
1984,7,3,13.9854064941406
1984,7,4,16.395166015625
1984,7,5,16.6778198242188
1984,7,6,14.1227355957031
1984,7,7,16.7050720214844
1984,7,8,15.9269653320313
1984,7,9,13.8864074707031
1984,7,10,17.6188293457031
1984,7,11,19.846337890625
1984,7,12,18.9806762695313
1984,7,13,15.0815063476563
1984,7,14,15.7002502441406
1984,7,15,13.0847106933594
1984,7,16,13.485009765625
1984,7,17,14.1812377929688
1984,7,18,13.1515441894531
1984,7,19,13.5699096679688
1984,7,20,14.4074035644531
1984,7,21,15.1312194824219
1984,7,22,13.1562133789063
1984,7,23,13.2621398925781
1984,7,24,14.445458984375
1984,7,25,16.2418762207031
1984,7,26,18.3232360839844
1984,7,27,18.7470642089844
1984,7,28,19.4427429199219
1984,7,29,20.9184814453125
1984,7,30,22.066064453125
1984,7,31,23.3157592773438
1984,8,1,14.9191833496094
1984,8,2,14.8272033691406
1984,8,3,14.8434387207031
1984,8,4,18.2921691894531
1984,8,5,19.7759033203125
1984,8,6,20.1726623535156
1984,8,7,17.8336120605469
1984,8,8,15.4693542480469
1984,8,9,14.6665588378906
1984,8,10,14.2583557128906
1984,8,11,13.7642761230469
1984,8,12,13.5811096191406
1984,8,13,15.1670471191406
1984,8,14,13.4851623535156
1984,8,15,12.5878234863281
1984,8,16,13.1301208496094
1984,8,17,14.9469543457031
1984,8,18,14.9343811035156
1984,8,19,13.5559020996094
1984,8,20,13.5646301269531
1984,8,21,14.3183227539063
1984,8,22,14.1724792480469
1984,8,23,14.3438354492188
1984,8,24,14.0587707519531
1984,8,25,12.8926635742188
1984,8,26,12.4108215332031
1984,8,27,12.4858642578125
1984,8,28,12.3914428710938
1984,8,29,11.6997009277344
1984,8,30,12.0083557128906
1984,8,31,11.6548095703125
1984,9,1,12.1530090332031
1984,9,2,12.8776184082031
1984,9,3,12.6985717773438
1984,9,4,12.9573608398438
1984,9,5,12.961328125
1984,9,6,12.692041015625
1984,9,7,12.277978515625
1984,9,8,11.2709594726563
1984,9,9,11.4047790527344
1984,9,10,12.6908203125
1984,9,11,14.4984375
1984,9,12,16.1060424804688
1984,9,13,14.6676574707031
1984,9,14,12.5948425292969
1984,9,15,12.9693237304688
1984,9,16,14.2250915527344
1984,9,17,13.6116882324219
1984,9,18,12.1940551757813
1984,9,19,13.4174743652344
1984,9,20,12.9832092285156
1984,9,21,13.2198425292969
1984,9,22,13.5866943359375
1984,9,23,14.57314453125
1984,9,24,13.8809143066406
1984,9,25,12.8837219238281
1984,9,26,14.9593444824219
1984,9,27,12.9371887207031
1984,9,28,11.1108337402344
1984,9,29,11.0015502929688
1984,9,30,10.1573425292969
1984,10,1,10.7358032226563
1984,10,2,8.93428955078127
1984,10,3,8.6284118652344
1984,10,4,8.61028442382815
1984,10,5,6.9966979980469
1984,10,6,8.3802429199219
1984,10,7,10.0752502441406
1984,10,8,7.9418884277344
1984,10,9,6.4140563964844
1984,10,10,5.95256958007815
1984,10,11,5.3019958496094
1984,10,12,7.8392272949219
1984,10,13,7.47030029296877
1984,10,14,8.23113403320315
1984,10,15,10.6517272949219
1984,10,16,10.4302612304688
1984,10,17,9.77791748046877
1984,10,18,9.7512145996094
1984,10,19,8.1385437011719
1984,10,20,6.01088867187502
1984,10,21,3.59572753906252
1984,10,22,4.04525146484377
1984,10,23,5.77150878906252
1984,10,24,8.68816528320315
1984,10,25,8.57326660156252
1984,10,26,9.7531677246094
1984,10,27,12.9082580566406
1984,10,28,13.9693237304688
1984,10,29,14.3671508789063
1984,10,30,13.9393859863281
1984,10,31,12.8930908203125
1984,11,1,10.6353088378906
1984,11,2,9.22933349609377
1984,11,3,9.05098876953127
1984,11,4,8.03090820312502
1984,11,5,6.19484863281252
1984,11,6,4.7191101074219
1984,11,7,5.2521911621094
1984,11,8,3.40850219726565
1984,11,9,5.66695556640627
1984,11,10,9.95211181640627
1984,11,11,12.4346862792969
1984,11,12,10.1828247070313
1984,11,13,9.10146484375002
1984,11,14,6.85601196289065
1984,11,15,6.19863281250002
1984,11,16,3.71709594726565
1984,11,17,3.14751586914065
1984,11,18,1.15850219726565
1984,11,19,1.2672058105469
1984,11,20,3.52874145507815
1984,11,21,1.92714843750002
1984,11,22,4.10439453125002
1984,11,23,6.0607849121094
1984,11,24,4.32326660156252
1984,11,25,8.7576843261719
1984,11,26,8.9708190917969
1984,11,27,4.0137878417969
1984,11,28,3.63057861328127
1984,11,29,2.84047851562502
1984,11,30,5.77691040039065
1984,12,1,8.6719909667969
1984,12,2,9.78292236328127
1984,12,3,9.12050781250002
1984,12,4,8.19783935546877
1984,12,5,8.6295104980469
1984,12,6,10.2968078613281
1984,12,7,6.18166503906252
1984,12,8,3.65334472656252
1984,12,9,4.42641601562502
1984,12,10,-1.58688964843748
1984,12,11,-6.00046386718748
1984,12,12,-7.06955566406248
1984,12,13,-3.5732482910156
1984,12,14,1.2484069824219
1984,12,15,2.13063964843752
1984,12,16,0.410974121093773
1984,12,17,0.989373779296898
1984,12,18,2.5086608886719
1984,12,19,2.56960449218752
1984,12,20,-0.556829833984352
1984,12,21,0.380303955078148
1984,12,22,1.17513427734377
1984,12,23,2.9941345214844
1984,12,24,0.0847106933593977
1984,12,25,2.06221923828127
1984,12,26,5.16423950195315
1984,12,27,1.65474853515627
1984,12,28,-0.824499511718727
1984,12,29,-1.73941650390623
1984,12,30,-0.753820800781227
1984,12,31,5.29696044921877
1985,1,1,6.27449951171877
1985,1,2,2.93294677734377
1985,1,3,-1.66605224609373
1985,1,4,-6.6352600097656
1985,1,5,-6.26370849609373
1985,1,6,-9.76468505859373
1985,1,7,-9.82333984374998
1985,1,8,-4.19663085937498
1985,1,9,-8.6479553222656
1985,1,10,-10.0491394042969
1985,1,11,-9.63760986328123
1985,1,12,-7.9995178222656
1985,1,13,-8.2224182128906
1985,1,14,-6.7053283691406
1985,1,15,-2.30158081054685
1985,1,16,-3.39227905273435
1985,1,17,-3.2297424316406
1985,1,18,-4.4260314941406
1985,1,19,-6.19431152343748
1985,1,20,-8.93735351562498
1985,1,21,-11.2458862304687
1985,1,22,-11.1786865234375
1985,1,23,-10.2433837890625
1985,1,24,-8.4375061035156
1985,1,25,-9.42136230468748
1985,1,26,-5.51981201171873
1985,1,27,0.277490234375023
1985,1,28,-0.245001220703102
1985,1,29,-0.370458984374977
1985,1,30,1.0867858886719
1985,1,31,0.670953369140648
1985,2,1,0.938867187500023
1985,2,2,-0.230749511718727
1985,2,3,-0.785284423828102
1985,2,4,-1.4140686035156
1985,2,5,-0.729895019531227
1985,2,6,-2.2628234863281
1985,2,7,-2.78070678710935
1985,2,8,-3.85690917968748
1985,2,9,-1.13889160156248
1985,2,10,3.31987915039065
1985,2,11,-0.129797363281227
1985,2,12,2.88506469726565
1985,2,13,4.0672546386719
1985,2,14,1.23198852539065
1985,2,15,0.973382568359398
1985,2,16,0.765893554687523
1985,2,17,0.475213623046898
1985,2,18,-2.4096740722656
1985,2,19,-2.48380126953123
1985,2,20,-0.315252685546852
1985,2,21,0.601770019531273
1985,2,22,0.792932128906273
1985,2,23,-0.288305664062477
1985,2,24,2.36150512695315
1985,2,25,6.85354003906252
1985,2,26,4.48922119140627
1985,2,27,3.50496826171877
1985,2,28,6.5591979980469
1985,3,1,5.3994079589844
1985,3,2,3.70302734375002
1985,3,3,5.73745117187502
1985,3,4,3.7292419433594
1985,3,5,4.54042968750002
1985,3,6,5.6761413574219
1985,3,7,6.97707519531252
1985,3,8,6.40651855468752
1985,3,9,8.87249145507815
1985,3,10,7.96822509765627
1985,3,11,8.83709106445315
1985,3,12,3.84917602539065
1985,3,13,1.29143676757815
1985,3,14,0.953820800781273
1985,3,15,1.40627441406252
1985,3,16,1.43416748046877
1985,3,17,1.20504150390627
1985,3,18,1.58547363281252
1985,3,19,2.47725830078127
1985,3,20,6.22744140625002
1985,3,21,1.09755859375002
1985,3,22,1.05056152343752
1985,3,23,-0.522924804687477
1985,3,24,-2.68781127929685
1985,3,25,-1.92633666992185
1985,3,26,0.838128662109398
1985,3,27,2.22844848632815
1985,3,28,1.8050476074219
1985,3,29,2.10543212890627
1985,3,30,2.4133239746094
1985,3,31,2.3375183105469
1985,4,1,2.13164672851565
1985,4,2,2.9841247558594
1985,4,3,2.61867675781252
1985,4,4,2.53591308593752
1985,4,5,3.5482116699219
1985,4,6,4.9597106933594
1985,4,7,7.91692504882815
1985,4,8,8.9796081542969
1985,4,9,10.0698791503906
1985,4,10,10.3301025390625
1985,4,11,6.64571533203127
1985,4,12,3.98174438476565
1985,4,13,3.52321777343752
1985,4,14,3.5272155761719
1985,4,15,4.5355163574219
1985,4,16,5.6121765136719
1985,4,17,7.69951782226565
1985,4,18,7.52507934570315
1985,4,19,8.90834960937502
1985,4,20,9.99514160156252
1985,4,21,9.58895263671877
1985,4,22,9.00783691406252
1985,4,23,10.1296630859375
1985,4,24,7.63201293945315
1985,4,25,8.35894165039065
1985,4,26,11.2941223144531
1985,4,27,12.0752502441406
1985,4,28,11.4889465332031
1985,4,29,11.3075500488281
1985,4,30,10.2461791992188
1985,5,1,9.54519042968752
1985,5,2,11.1299987792969
1985,5,3,9.90877685546877
1985,5,4,3.6795593261719
1985,5,5,1.31234130859377
1985,5,6,2.83831176757815
1985,5,7,6.71917114257815
1985,5,8,10.3816162109375
1985,5,9,10.2611938476563
1985,5,10,9.14760742187502
1985,5,11,10.8029724121094
1985,5,12,9.27504882812502
1985,5,13,8.23854980468752
1985,5,14,6.99151000976565
1985,5,15,6.59322509765627
1985,5,16,7.60781250000002
1985,5,17,6.82302246093752
1985,5,18,6.91726074218752
1985,5,19,6.23745117187502
1985,5,20,5.1534362792969
1985,5,21,6.20778808593752
1985,5,22,7.6784606933594
1985,5,23,8.35006103515627
1985,5,24,7.43364868164065
1985,5,25,8.84563598632815
1985,5,26,10.7365966796875
1985,5,27,11.8880249023438
1985,5,28,12.8207641601563
1985,5,29,9.60372314453127
1985,5,30,9.73787841796877
1985,5,31,13.0342956542969
1985,6,1,11.4887329101563
1985,6,2,9.63570556640627
1985,6,3,10.334130859375
1985,6,4,11.8765197753906
1985,6,5,11.9822326660156
1985,6,6,15.1755920410156
1985,6,7,11.1643615722656
1985,6,8,14.6476379394531
1985,6,9,18.2036071777344
1985,6,10,18.2378784179688
1985,6,11,20.3331237792969
1985,6,12,20.6726623535156
1985,6,13,18.2398010253906
1985,6,14,16.7454772949219
1985,6,15,19.6307922363281
1985,6,16,20.4727722167969
1985,6,17,19.3098999023438
1985,6,18,16.7516723632813
1985,6,19,13.8721862792969
1985,6,20,12.7017761230469
1985,6,21,12.6609436035156
1985,6,22,13.13125
1985,6,23,12.5772033691406
1985,6,24,12.6047302246094
1985,6,25,12.2601257324219
1985,6,26,12.5154968261719
1985,6,27,11.043603515625
1985,6,28,10.3074584960938
1985,6,29,9.82769165039065
1985,6,30,13.3316284179688
1985,7,1,14.9985595703125
1985,7,2,19.1798645019531
1985,7,3,19.7342468261719
1985,7,4,16.5877014160156
1985,7,5,15.6747985839844
1985,7,6,18.2386413574219
1985,7,7,15.2432189941406
1985,7,8,13.9157348632813
1985,7,9,16.4411254882813
1985,7,10,16.8268371582031
1985,7,11,17.8644348144531
1985,7,12,15.5522705078125
1985,7,13,16.4584899902344
1985,7,14,18.2641845703125
1985,7,15,18.06240234375
1985,7,16,16.2556396484375
1985,7,17,14.016748046875
1985,7,18,13.3668762207031
1985,7,19,13.7598510742188
1985,7,20,15.9912658691406
1985,7,21,14.6310974121094
1985,7,22,13.5556579589844
1985,7,23,14.2496887207031
1985,7,24,14.4323059082031
1985,7,25,13.7179809570313
1985,7,26,14.7160278320313
1985,7,27,14.221826171875
1985,7,28,15.81484375
1985,7,29,17.5004821777344
1985,7,30,17.8306213378906
1985,7,31,18.3293701171875
1985,8,1,17.6055541992188
1985,8,2,17.8617797851563
1985,8,3,17.5746398925781
1985,8,4,17.4893432617188
1985,8,5,18.5437866210938
1985,8,6,19.1732421875
1985,8,7,19.6856628417969
1985,8,8,19.8549438476563
1985,8,9,18.9444213867188
1985,8,10,18.4516235351563
1985,8,11,16.9071594238281
1985,8,12,15.0975280761719
1985,8,13,15.5648132324219
1985,8,14,16.0039611816406
1985,8,15,14.9061218261719
1985,8,16,14.6911254882813
1985,8,17,15.5772033691406
1985,8,18,15.3519226074219
1985,8,19,15.121728515625
1985,8,20,15.3551879882813
1985,8,21,15.0598999023438
1985,8,22,16.1093078613281
1985,8,23,16.0788208007813
1985,8,24,15.4209838867188
1985,8,25,14.1035400390625
1985,8,26,13.7288757324219
1985,8,27,12.8798461914063
1985,8,28,12.7153869628906
1985,8,29,12.0202880859375
1985,8,30,12.7105346679688
1985,8,31,12.704736328125
1985,9,1,13.7502075195313
1985,9,2,14.0774169921875
1985,9,3,12.0590148925781
1985,9,4,12.4810119628906
1985,9,5,14.5772644042969
1985,9,6,14.1262451171875
1985,9,7,14.051904296875
1985,9,8,14.5427795410156
1985,9,9,14.5176025390625
1985,9,10,13.9315734863281
1985,9,11,16.14931640625
1985,9,12,18.8503662109375
1985,9,13,17.7091613769531
1985,9,14,15.8579040527344
1985,9,15,16.684228515625
1985,9,16,14.9949584960938
1985,9,17,13.3731323242188
1985,9,18,13.38759765625
1985,9,19,11.8565002441406
1985,9,20,14.2372680664063
1985,9,21,14.2022033691406
1985,9,22,13.8387084960938
1985,9,23,12.5725952148438
1985,9,24,11.2964721679688
1985,9,25,11.1400085449219
1985,9,26,10.9570556640625
1985,9,27,9.84291992187502
1985,9,28,9.34111938476565
1985,9,29,10.05654296875
1985,9,30,10.1963745117188
1985,10,1,8.31987915039065
1985,10,2,8.3360534667969
1985,10,3,6.48488769531252
1985,10,4,7.67888793945315
1985,10,5,11.3112426757813
1985,10,6,10.1531921386719
1985,10,7,6.97307739257815
1985,10,8,4.78316650390627
1985,10,9,5.34688720703127
1985,10,10,8.57778320312502
1985,10,11,10.5119567871094
1985,10,12,8.7171569824219
1985,10,13,6.21355590820315
1985,10,14,5.2543884277344
1985,10,15,2.8365417480469
1985,10,16,5.9970642089844
1985,10,17,5.24920043945315
1985,10,18,5.2674499511719
1985,10,19,5.40572509765627
1985,10,20,6.31319580078127
1985,10,21,7.91237792968752
1985,10,22,8.04793701171877
1985,10,23,8.53493652343752
1985,10,24,8.93630371093752
1985,10,25,10.0834594726563
1985,10,26,9.70345458984377
1985,10,27,8.2762390136719
1985,10,28,7.46914062500002
1985,10,29,7.01717529296877
1985,10,30,3.8713317871094
1985,10,31,2.74483642578127
1985,11,1,1.21199951171877
1985,11,2,2.8504577636719
1985,11,3,2.40065917968752
1985,11,4,2.72426757812502
1985,11,5,2.67424926757815
1985,11,6,4.63152465820315
1985,11,7,3.66152343750002
1985,11,8,2.48418579101565
1985,11,9,1.0659118652344
1985,11,10,1.01546630859377
1985,11,11,0.885522460937523
1985,11,12,0.464593505859398
1985,11,13,0.926751708984398
1985,11,14,-0.724218749999977
1985,11,15,-0.992071533203102
1985,11,16,1.45821533203127
1985,11,17,1.43084106445315
1985,11,18,1.02791748046877
1985,11,19,-0.822302246093727
1985,11,20,-0.641424560546852
1985,11,21,-1.16702880859373
1985,11,22,0.282403564453148
1985,11,23,3.5656677246094
1985,11,24,2.9522644042969
1985,11,25,2.7329040527344
1985,11,26,2.13955078125002
1985,11,27,0.859490966796898
1985,11,28,-1.55484619140623
1985,11,29,-0.0106567382812273
1985,11,30,-0.806188964843727
1985,12,1,-0.803594970703102
1985,12,2,-2.17380371093748
1985,12,3,-4.20456542968748
1985,12,4,-2.55106201171873
1985,12,5,-4.04440917968748
1985,12,6,-3.1082824707031
1985,12,7,-1.6075500488281
1985,12,8,-0.420019531249977
1985,12,9,-1.61408081054685
1985,12,10,-1.93509521484373
1985,12,11,-3.66620483398435
1985,12,12,-3.29865112304685
1985,12,13,-0.632513427734352
1985,12,14,-5.19904174804685
1985,12,15,-1.56119384765623
1985,12,16,-0.450140380859352
1985,12,17,0.312554931640648
1985,12,18,3.23549804687502
1985,12,19,5.89425048828127
1985,12,20,6.44841918945315
1985,12,21,3.31685791015627
1985,12,22,2.71047363281252
1985,12,23,0.121087646484398
1985,12,24,-0.634497070312477
1985,12,25,-1.9237121582031
1985,12,26,4.20220336914065
1985,12,27,6.81234130859377
1985,12,28,9.48479614257815
1985,12,29,7.95699462890627
1985,12,30,4.92556152343752
1985,12,31,2.79097900390627
1986,1,1,4.2089782714844
1986,1,2,3.29226074218752
1986,1,3,-0.568945312499977
1986,1,4,-0.262426757812477
1986,1,5,2.92446289062502
1986,1,6,1.74288330078127
1986,1,7,0.393670654296898
1986,1,8,0.788507080078148
1986,1,9,-0.203375244140602
1986,1,10,0.244836425781273
1986,1,11,2.09407958984377
1986,1,12,1.9694763183594
1986,1,13,2.24819335937502
1986,1,14,4.7680603027344
1986,1,15,1.56520996093752
1986,1,16,6.13314208984377
1986,1,17,6.11773071289065
1986,1,18,4.16848144531252
1986,1,19,1.04604492187502
1986,1,20,1.05007324218752
1986,1,21,6.10027465820315
1986,1,22,6.1081481933594
1986,1,23,5.16729125976565
1986,1,24,4.0386901855469
1986,1,25,3.9161315917969
1986,1,26,1.96126708984377
1986,1,27,0.286218261718773
1986,1,28,0.316827392578148
1986,1,29,-2.15213623046873
1986,1,30,-0.110662841796852
1986,1,31,-0.752020263671852
1986,2,1,-2.18424072265623
1986,2,2,-3.67752685546873
1986,2,3,-4.50986328124998
1986,2,4,-5.42484130859373
1986,2,5,-5.8645080566406
1986,2,6,-6.15033569335935
1986,2,7,-1.21799316406248
1986,2,8,-1.59979858398435
1986,2,9,-0.718389892578102
1986,2,10,-1.66416015624998
1986,2,11,-2.53265991210935
1986,2,12,-1.60684814453123
1986,2,13,-1.12558593749998
1986,2,14,-1.68097534179685
1986,2,15,1.03496704101565
1986,2,16,0.584436035156273
1986,2,17,-0.564337158203102
1986,2,18,-1.73178710937498
1986,2,19,-1.3413146972656
1986,2,20,-3.87238159179685
1986,2,21,-5.56961669921873
1986,2,22,-5.2164367675781
1986,2,23,-7.61252441406248
1986,2,24,-7.92478027343748
1986,2,25,-4.3040832519531
1986,2,26,-3.65604248046873
1986,2,27,-3.64981689453123
1986,2,28,-1.0152648925781
1986,3,1,-0.248083496093727
1986,3,2,1.14534912109377
1986,3,3,2.2652526855469
1986,3,4,2.2711120605469
1986,3,5,3.37862548828127
1986,3,6,3.02764282226565
1986,3,7,4.99099121093752
1986,3,8,2.90740356445315
1986,3,9,2.23284301757815
1986,3,10,3.17232666015627
1986,3,11,5.84099731445315
1986,3,12,5.8008972167969
1986,3,13,1.4885192871094
1986,3,14,-0.456396484374977
1986,3,15,0.0185180664062727
1986,3,16,6.31459960937502
1986,3,17,1.11043701171877
1986,3,18,-0.267309570312477
1986,3,19,0.406854248046898
1986,3,20,0.437982177734398
1986,3,21,1.52828369140627
1986,3,22,3.15157470703127
1986,3,23,2.67263183593752
1986,3,24,2.19118652343752
1986,3,25,3.69124755859377
1986,3,26,4.0529724121094
1986,3,27,2.87380371093752
1986,3,28,2.64699707031252
1986,3,29,3.92339477539065
1986,3,30,3.09356079101565
1986,3,31,2.37111816406252
1986,4,1,2.0764099121094
1986,4,2,2.3185974121094
1986,4,3,0.813592529296898
1986,4,4,0.448358154296898
1986,4,5,2.37395629882815
1986,4,6,5.54226074218752
1986,4,7,3.6309753417969
1986,4,8,3.26397094726565
1986,4,9,3.09993896484377
1986,4,10,6.68850097656252
1986,4,11,4.80864868164065
1986,4,12,1.86379394531252
1986,4,13,1.6854187011719
1986,4,14,3.21636352539065
1986,4,15,8.28072509765627
1986,4,16,7.25960693359377
1986,4,17,5.63091430664065
1986,4,18,4.2468200683594
1986,4,19,5.99358520507815
1986,4,20,6.64455566406252
1986,4,21,5.81557617187502
1986,4,22,4.90300903320315
1986,4,23,4.45610961914065
1986,4,24,4.36980590820315
1986,4,25,5.15114746093752
1986,4,26,6.8350769042969
1986,4,27,14.566796875
1986,4,28,16.9181457519531
1986,4,29,9.5956970214844
1986,4,30,12.15908203125
1986,5,1,14.5425659179688
1986,5,2,14.6221862792969
1986,5,3,15.3734069824219
1986,5,4,15.4934020996094
1986,5,5,14.1333251953125
1986,5,6,11.11513671875
1986,5,7,8.16851196289065
1986,5,8,5.50762329101565
1986,5,9,4.92293701171877
1986,5,10,4.99178466796877
1986,5,11,6.22139892578127
1986,5,12,7.94487915039065
1986,5,13,7.8199401855469
1986,5,14,7.4957214355469
1986,5,15,8.7336364746094
1986,5,16,10.9726806640625
1986,5,17,11.527734375
1986,5,18,11.4490905761719
1986,5,19,11.7602478027344
1986,5,20,10.8557067871094
1986,5,21,8.01506958007815
1986,5,22,7.9619079589844
1986,5,23,7.33355102539065
1986,5,24,7.05620727539065
1986,5,25,6.78823242187502
1986,5,26,6.33345947265627
1986,5,27,7.35323486328127
1986,5,28,7.3386169433594
1986,5,29,9.93489990234377
1986,5,30,10.5642333984375
1986,5,31,7.0089050292969
1986,6,1,6.8769470214844
1986,6,2,8.37957153320315
1986,6,3,9.92897949218752
1986,6,4,10.6067749023438
1986,6,5,7.9102722167969
1986,6,6,7.99822387695315
1986,6,7,8.55401000976565
1986,6,8,9.64809570312502
1986,6,9,10.5313354492188
1986,6,10,11.742333984375
1986,6,11,12.3423706054688
1986,6,12,13.2358032226563
1986,6,13,14.0891052246094
1986,6,14,13.3544250488281
1986,6,15,12.5862670898438
1986,6,16,14.0327087402344
1986,6,17,16.3845153808594
1986,6,18,17.5978332519531
1986,6,19,16.6966186523438
1986,6,20,11.2354064941406
1986,6,21,13.6406799316406
1986,6,22,17.996728515625
1986,6,23,15.6622253417969
1986,6,24,13.2209411621094
1986,6,25,14.3208862304688
1986,6,26,16.5662780761719
1986,6,27,17.3002563476563
1986,6,28,10.7070556640625
1986,6,29,9.32229003906252
1986,6,30,10.1523986816406
1986,7,1,9.81560668945315
1986,7,2,11.27822265625
1986,7,3,12.1625305175781
1986,7,4,15.8965698242188
1986,7,5,18.7056213378906
1986,7,6,16.7417541503906
1986,7,7,14.4381958007813
1986,7,8,14.0601440429688
1986,7,9,13.9315124511719
1986,7,10,14.4183288574219
1986,7,11,12.8414245605469
1986,7,12,11.6570068359375
1986,7,13,11.2966552734375
1986,7,14,10.6732116699219
1986,7,15,11.63125
1986,7,16,12.215478515625
1986,7,17,14.1028991699219
1986,7,18,12.8989501953125
1986,7,19,13.25869140625
1986,7,20,14.9600158691406
1986,7,21,16.4039855957031
1986,7,22,18.3017517089844
1986,7,23,19.7105651855469
1986,7,24,19.22353515625
1986,7,25,17.4189392089844
1986,7,26,16.8558898925781
1986,7,27,18.0747924804688
1986,7,28,19.1847473144531
1986,7,29,17.9866577148438
1986,7,30,17.7918640136719
1986,7,31,20.8588500976563
1986,8,1,21.6595092773438
1986,8,2,17.6881652832031
1986,8,3,16.4321228027344
1986,8,4,14.7187438964844
1986,8,5,14.9665771484375
1986,8,6,14.8023010253906
1986,8,7,16.5783630371094
1986,8,8,17.1421142578125
1986,8,9,18.4279418945313
1986,8,10,15.3950744628906
1986,8,11,15.6736083984375
1986,8,12,16.0723510742188
1986,8,13,16.0754028320313
1986,8,14,22.9190002441406
1986,8,15,24.5432678222656
1986,8,16,17.325830078125
1986,8,17,15.2972045898438
1986,8,18,16.5501037597656
1986,8,19,18.6823059082031
1986,8,20,20.8526550292969
1986,8,21,20.9878479003906
1986,8,22,17.6707092285156
1986,8,23,17.2520385742188
1986,8,24,16.3396850585938
1986,8,25,14.6646667480469
1986,8,26,14.1579223632813
1986,8,27,14.4883972167969
1986,8,28,14.117333984375
1986,8,29,13.0146118164063
1986,8,30,12.9366394042969
1986,8,31,13.073388671875
1986,9,1,11.4192138671875
1986,9,2,11.8565002441406
1986,9,3,12.8182006835938
1986,9,4,11.3946472167969
1986,9,5,11.0427185058594
1986,9,6,11.249169921875
1986,9,7,13.5305114746094
1986,9,8,15.3882080078125
1986,9,9,16.5269104003906
1986,9,10,17.1091857910156
1986,9,11,18.3298889160156
1986,9,12,12.3100830078125
1986,9,13,10.3088012695313
1986,9,14,10.2829833984375
1986,9,15,10.4504333496094
1986,9,16,9.00649414062502
1986,9,17,11.4607177734375
1986,9,18,9.29689941406252
1986,9,19,8.05620727539065
1986,9,20,8.45708618164065
1986,9,21,8.55703125000002
1986,9,22,9.03585205078127
1986,9,23,8.16250000000002
1986,9,24,7.7440124511719
1986,9,25,9.61031494140627
1986,9,26,11.4618469238281
1986,9,27,9.71419677734377
1986,9,28,9.05538330078127
1986,9,29,6.2379089355469
1986,9,30,9.45577392578127
1986,10,1,8.51711425781252
1986,10,2,5.58358154296877
1986,10,3,6.4189392089844
1986,10,4,7.8818298339844
1986,10,5,8.59072265625002
1986,10,6,6.83376464843752
1986,10,7,7.3608337402344
1986,10,8,7.97365722656252
1986,10,9,10.2913452148438
1986,10,10,9.40511474609377
1986,10,11,6.94658813476565
1986,10,12,6.16915283203127
1986,10,13,6.8229919433594
1986,10,14,8.86614379882815
1986,10,15,12.2493530273438
1986,10,16,12.8506408691406
1986,10,17,13.6088500976563
1986,10,18,10.7818542480469
1986,10,19,9.6894470214844
1986,10,20,10.1731506347656
1986,10,21,10.4235168457031
1986,10,22,10.5463195800781
1986,10,23,10.0267272949219
1986,10,24,8.71517333984377
1986,10,25,8.4437194824219
1986,10,26,10.8112121582031
1986,10,27,5.51946411132815
1986,10,28,4.09151611328127
1986,10,29,3.8005310058594
1986,10,30,3.94454345703127
1986,10,31,3.23696289062502
1986,11,1,3.34304199218752
1986,11,2,4.79342041015627
1986,11,3,2.1424499511719
1986,11,4,2.63735351562502
1986,11,5,4.89565429687502
1986,11,6,3.6934753417969
1986,11,7,1.69240722656252
1986,11,8,1.87929687500002
1986,11,9,5.5888610839844
1986,11,10,4.84462890625002
1986,11,11,4.82021484375002
1986,11,12,4.85003051757815
1986,11,13,4.66060791015627
1986,11,14,6.34087524414065
1986,11,15,4.84481201171877
1986,11,16,3.0380798339844
1986,11,17,4.45211181640627
1986,11,18,3.5933776855469
1986,11,19,1.64040527343752
1986,11,20,3.01998291015627
1986,11,21,1.51372680664065
1986,11,22,-0.337896728515602
1986,11,23,-0.864416503906227
1986,11,24,-0.819036865234352
1986,11,25,0.539300537109398
1986,11,26,4.74813232421877
1986,11,27,7.59914550781252
1986,11,28,5.60283813476565
1986,11,29,3.05880126953127
1986,11,30,0.119256591796898
1986,12,1,-1.18326416015623
1986,12,2,0.287713623046898
1986,12,3,3.1309753417969
1986,12,4,1.5244079589844
1986,12,5,1.30782470703127
1986,12,6,-0.0124877929687273
1986,12,7,5.53557739257815
1986,12,8,6.3248229980469
1986,12,9,6.36745605468752
1986,12,10,6.75997314453127
1986,12,11,8.40667114257815
1986,12,12,3.55242309570315
1986,12,13,1.6434265136719
1986,12,14,2.0956970214844
1986,12,15,5.8159118652344
1986,12,16,6.50356445312502
1986,12,17,7.8535095214844
1986,12,18,7.8214050292969
1986,12,19,8.03814086914065
1986,12,20,5.84291992187502
1986,12,21,-0.394598388671852
1986,12,22,-2.7805236816406
1986,12,23,-0.544439697265602
1986,12,24,4.34499511718752
1986,12,25,5.25539550781252
1986,12,26,4.8406921386719
1986,12,27,2.45015869140627
1986,12,28,0.810418701171898
1986,12,29,2.13295898437502
1986,12,30,2.14901123046877
1986,12,31,1.27236328125002
1987,1,1,-1.06845703124998
1987,1,2,-3.61545410156248
1987,1,3,-0.348669433593727
1987,1,4,1.00847778320315
1987,1,5,1.53115234375002
1987,1,6,-0.840643310546852
1987,1,7,4.00057373046877
1987,1,8,1.1245056152344
1987,1,9,-0.723425292968727
1987,1,10,1.63918457031252
1987,1,11,1.01131591796877
1987,1,12,2.01641235351565
1987,1,13,1.73665771484377
1987,1,14,3.45195922851565
1987,1,15,-0.362768554687477
1987,1,16,0.462396240234398
1987,1,17,-1.73569335937498
1987,1,18,-3.47232666015623
1987,1,19,-3.52072753906248
1987,1,20,-0.256384277343727
1987,1,21,-1.68320312499998
1987,1,22,-3.82929077148435
1987,1,23,-3.17783203124998
1987,1,24,-2.99762573242185
1987,1,25,-6.40765991210935
1987,1,26,-6.97244873046873
1987,1,27,-5.96457519531248
1987,1,28,-6.46127929687498
1987,1,29,-5.50214233398435
1987,1,30,-4.39237060546873
1987,1,31,-4.8455871582031
1987,2,1,-4.70978393554685
1987,2,2,-4.87949218749998
1987,2,3,-4.6184143066406
1987,2,4,-4.86228027343748
1987,2,5,-6.4376281738281
1987,2,6,-8.85358276367185
1987,2,7,-6.0214904785156
1987,2,8,0.189019775390648
1987,2,9,0.856103515625023
1987,2,10,0.437310791015648
1987,2,11,-0.673956298828102
1987,2,12,1.2166687011719
1987,2,13,3.85064086914065
1987,2,14,0.716210937500023
1987,2,15,-1.83475341796873
1987,2,16,-0.770758056640602
1987,2,17,0.0768981933593977
1987,2,18,1.10158691406252
1987,2,19,1.3876892089844
1987,2,20,0.332574462890648
1987,2,21,0.234735107421898
1987,2,22,-0.195318603515602
1987,2,23,-2.31131591796873
1987,2,24,-0.0108703613281023
1987,2,25,1.71175537109377
1987,2,26,1.4133239746094
1987,2,27,1.80886230468752
1987,2,28,-1.04208984374998
1987,3,1,-1.1497863769531
1987,3,2,0.460778808593773
1987,3,3,2.4934020996094
1987,3,4,2.48519287109377
1987,3,5,1.92156372070315
1987,3,6,0.778558349609398
1987,3,7,1.40175781250002
1987,3,8,1.91665039062502
1987,3,9,3.6495300292969
1987,3,10,3.09566650390627
1987,3,11,2.5518737792969
1987,3,12,3.86419067382815
1987,3,13,3.86696777343752
1987,3,14,1.9074645996094
1987,3,15,-0.346044921874977
1987,3,16,-1.1253723144531
1987,3,17,-0.360418701171852
1987,3,18,2.85650024414065
1987,3,19,4.00582275390627
1987,3,20,3.41732177734377
1987,3,21,3.17733154296877
1987,3,22,1.8134704589844
1987,3,23,-0.872381591796852
1987,3,24,-2.1926330566406
1987,3,25,-4.1781066894531
1987,3,26,-2.71243896484373
1987,3,27,-1.52365722656248
1987,3,28,-0.272161865234352
1987,3,29,0.880151367187523
1987,3,30,1.24077758789065
1987,3,31,1.40093383789065
1987,4,1,4.45232543945315
1987,4,2,3.0251403808594
1987,4,3,4.48296508789065
1987,4,4,4.32326660156252
1987,4,5,4.03106079101565
1987,4,6,3.63381347656252
1987,4,7,3.00063476562502
1987,4,8,4.26369628906252
1987,4,9,4.09560546875002
1987,4,10,7.1942077636719
1987,4,11,9.19692382812502
1987,4,12,10.4667297363281
1987,4,13,8.31356201171877
1987,4,14,4.8414245605469
1987,4,15,4.72286376953127
1987,4,16,6.3321472167969
1987,4,17,6.9345642089844
1987,4,18,8.26046142578127
1987,4,19,6.5288024902344
1987,4,20,5.0239196777344
1987,4,21,7.65081176757815
1987,4,22,6.29580078125002
1987,4,23,4.40834960937502
1987,4,24,5.64104614257815
1987,4,25,5.22005615234377
1987,4,26,3.60054931640627
1987,4,27,4.53469238281252
1987,4,28,6.98348388671877
1987,4,29,9.80465087890627
1987,4,30,6.58550415039065
1987,5,1,6.2305847167969
1987,5,2,9.39653930664065
1987,5,3,6.5093933105469
1987,5,4,6.31337890625002
1987,5,5,11.4096008300781
1987,5,6,13.6869445800781
1987,5,7,7.09368286132815
1987,5,8,6.1299987792969
1987,5,9,6.1603942871094
1987,5,10,6.84661254882815
1987,5,11,7.80449829101565
1987,5,12,7.40020141601565
1987,5,13,6.0959411621094
1987,5,14,6.98980102539065
1987,5,15,6.94240722656252
1987,5,16,6.96499023437502
1987,5,17,5.9063659667969
1987,5,18,6.8550964355469
1987,5,19,9.14449462890627
1987,5,20,10.5739990234375
1987,5,21,7.79909667968752
1987,5,22,8.66704711914065
1987,5,23,7.0090270996094
1987,5,24,8.37600097656252
1987,5,25,9.3480163574219
1987,5,26,9.8126159667969
1987,5,27,9.66182861328127
1987,5,28,8.28692016601565
1987,5,29,8.64852294921877
1987,5,30,9.1918884277344
1987,5,31,9.37667236328127
1987,6,1,7.83541259765627
1987,6,2,7.40447387695315
1987,6,3,8.65191040039065
1987,6,4,9.93569335937502
1987,6,5,13.0795532226563
1987,6,6,13.5586181640625
1987,6,7,13.9837585449219
1987,6,8,11.9434448242188
1987,6,9,11.0443969726563
1987,6,10,10.7056518554688
1987,6,11,9.10842285156252
1987,6,12,10.5468383789063
1987,6,13,9.73433837890627
1987,6,14,8.36589965820315
1987,6,15,8.8775573730469
1987,6,16,11.5194641113281
1987,6,17,14.0346313476563
1987,6,18,15.0276428222656
1987,6,19,16.3208862304688
1987,6,20,16.8275085449219
1987,6,21,14.057763671875
1987,6,22,13.8250061035156
1987,6,23,12.6824584960938
1987,6,24,12.3582397460938
1987,6,25,11.862939453125
1987,6,26,10.4378295898438
1987,6,27,12.2911010742188
1987,6,28,13.7876525878906
1987,6,29,13.082421875
1987,6,30,14.3192993164063
1987,7,1,11.3251892089844
1987,7,2,12.4330078125
1987,7,3,14.5987487792969
1987,7,4,14.1769958496094
1987,7,5,13.41884765625
1987,7,6,15.1007629394531
1987,7,7,16.7322326660156
1987,7,8,17.6281066894531
1987,7,9,18.4290405273438
1987,7,10,17.054345703125
1987,7,11,18.459619140625
1987,7,12,19.413720703125
1987,7,13,17.7009521484375
1987,7,14,15.6981750488281
1987,7,15,13.9551940917969
1987,7,16,12.4792114257813
1987,7,17,12.8919921875
1987,7,18,13.9455505371094
1987,7,19,14.5535522460938
1987,7,20,15.0948120117188
1987,7,21,15.4216552734375
1987,7,22,14.9481750488281
1987,7,23,16.4319702148438
1987,7,24,16.8512817382813
1987,7,25,15.4326721191406
1987,7,26,15.7126098632813
1987,7,27,16.4328552246094
1987,7,28,15.6273742675781
1987,7,29,15.7432189941406
1987,7,30,16.1204772949219
1987,7,31,15.506005859375
1987,8,1,15.2591186523438
1987,8,2,16.8370300292969
1987,8,3,16.9956909179688
1987,8,4,19.1917663574219
1987,8,5,18.9040161132813
1987,8,6,18.9631896972656
1987,8,7,19.5508056640625
1987,8,8,16.9327026367188
1987,8,9,15.2564025878906
1987,8,10,15.585107421875
1987,8,11,15.2278991699219
1987,8,12,13.95009765625
1987,8,13,12.7419982910156
1987,8,14,12.2647033691406
1987,8,15,10.7685791015625
1987,8,16,13.6630493164063
1987,8,17,15.2456604003906
1987,8,18,17.4416442871094
1987,8,19,17.4121948242188
1987,8,20,17.292626953125
1987,8,21,16.61708984375
1987,8,22,16.75234375
1987,8,23,17.277734375
1987,8,24,16.3310485839844
1987,8,25,16.0073181152344
1987,8,26,18.0787902832031
1987,8,27,15.6704956054688
1987,8,28,14.1679321289063
1987,8,29,14.3640686035156
1987,8,30,16.0722290039063
1987,8,31,18.5697570800781
1987,9,1,16.3523803710938
1987,9,2,13.6408630371094
1987,9,3,13.4534240722656
1987,9,4,14.7744689941406
1987,9,5,17.1854797363281
1987,9,6,14.9281555175781
1987,9,7,12.2820983886719
1987,9,8,14.7521301269531
1987,9,9,13.4757019042969
1987,9,10,12.0007263183594
1987,9,11,11.5874877929688
1987,9,12,11.2806030273438
1987,9,13,14.4533935546875
1987,9,14,12.4892517089844
1987,9,15,13.3909545898438
1987,9,16,11.867578125
1987,9,17,11.212548828125
1987,9,18,14.267236328125
1987,9,19,12.5452514648438
1987,9,20,13.0941101074219
1987,9,21,13.9457946777344
1987,9,22,13.7320495605469
1987,9,23,15.8568664550781
1987,9,24,15.376123046875
1987,9,25,14.0579467773438
1987,9,26,13.9045654296875
1987,9,27,16.3896728515625
1987,9,28,15.4844604492188
1987,9,29,14.5288635253906
1987,9,30,12.1679016113281
1987,10,1,6.97207031250002
1987,10,2,6.67110595703127
1987,10,3,10.5382934570313
1987,10,4,8.2663513183594
1987,10,5,5.80898437500002
1987,10,6,8.5521179199219
1987,10,7,8.71968994140627
1987,10,8,6.6920104980469
1987,10,9,7.38747558593752
1987,10,10,7.11226806640627
1987,10,11,6.63131103515627
1987,10,12,4.84832153320315
1987,10,13,6.76751098632815
1987,10,14,10.2144714355469
1987,10,15,9.58577880859377
1987,10,16,9.63909301757815
1987,10,17,8.60024414062502
1987,10,18,5.15935668945315
1987,10,19,6.01198730468752
1987,10,20,5.2778259277344
1987,10,21,5.26433715820315
1987,10,22,4.0831237792969
1987,10,23,5.05120239257815
1987,10,24,4.95769653320315
1987,10,25,3.1121765136719
1987,10,26,2.74202880859377
1987,10,27,3.53457031250002
1987,10,28,4.3403259277344
1987,10,29,5.7685485839844
1987,10,30,2.66533813476565
1987,10,31,-1.12949218749998
1987,11,1,0.133020019531273
1987,11,2,6.27459106445315
1987,11,3,10.2050109863281
1987,11,4,7.8459411621094
1987,11,5,1.5544372558594
1987,11,6,2.47792968750002
1987,11,7,3.92803344726565
1987,11,8,1.92656860351565
1987,11,9,1.71047363281252
1987,11,10,2.8997741699219
1987,11,11,0.818994140625023
1987,11,12,-1.37985839843748
1987,11,13,1.68044433593752
1987,11,14,5.67632446289065
1987,11,15,5.46392211914065
1987,11,16,4.91570434570315
1987,11,17,9.04802856445315
1987,11,18,8.1021667480469
1987,11,19,9.17302856445315
1987,11,20,6.83138427734377
1987,11,21,7.6180358886719
1987,11,22,9.95449218750002
1987,11,23,10.4436279296875
1987,11,24,7.1961608886719
1987,11,25,9.13945922851565
1987,11,26,7.35781250000002
1987,11,27,7.62810668945315
1987,11,28,6.44683227539065
1987,11,29,6.34481201171877
1987,11,30,6.8831726074219
1987,12,1,7.83135375976565
1987,12,2,4.96285400390627
1987,12,3,5.03945312500002
1987,12,4,8.05291137695315
1987,12,5,8.0945983886719
1987,12,6,6.74599609375002
1987,12,7,5.93886718750002
1987,12,8,4.3311706542969
1987,12,9,4.86892089843752
1987,12,10,2.6796813964844
1987,12,11,0.773797607421898
1987,12,12,4.45620117187502
1987,12,13,4.9062438964844
1987,12,14,7.77556762695315
1987,12,15,1.65178833007815
1987,12,16,-1.46219482421873
1987,12,17,-2.2034973144531
1987,12,18,-0.782415771484352
1987,12,19,0.287652587890648
1987,12,20,1.9980407714844
1987,12,21,1.1136413574219
1987,12,22,-5.52219238281248
1987,12,23,-2.7149719238281
1987,12,24,7.37395629882815
1987,12,25,6.13567504882815
1987,12,26,2.22139892578127
1987,12,27,5.35427246093752
1987,12,28,-0.00586547851560226
1987,12,29,1.8785339355469
1987,12,30,-1.23114624023435
1987,12,31,-3.5334533691406
1988,1,1,3.23269042968752
1988,1,2,3.93581542968752
1988,1,3,1.79952392578127
1988,1,4,2.6577087402344
1988,1,5,2.4743591308594
1988,1,6,4.8393493652344
1988,1,7,3.15194091796877
1988,1,8,1.34487304687502
1988,1,9,-0.0922302246093523
1988,1,10,-1.24295654296873
1988,1,11,-0.867651367187477
1988,1,12,-1.32697143554685
1988,1,13,-0.255224609374977
1988,1,14,2.40117797851565
1988,1,15,1.63643798828127
1988,1,16,5.8454528808594
1988,1,17,5.31597290039065
1988,1,18,4.55843505859377
1988,1,19,5.5960632324219
1988,1,20,7.00759277343752
1988,1,21,5.39266357421877
1988,1,22,1.33803710937502
1988,1,23,-3.21661987304685
1988,1,24,-4.3121398925781
1988,1,25,-6.68106689453123
1988,1,26,-3.4337219238281
1988,1,27,0.167810058593773
1988,1,28,0.879235839843773
1988,1,29,1.63335571289065
1988,1,30,0.820947265625023
1988,1,31,0.700982666015648
1988,2,1,2.9598327636719
1988,2,2,1.5753112792969
1988,2,3,0.448052978515648
1988,2,4,3.33620605468752
1988,2,5,3.94686279296877
1988,2,6,1.81926879882815
1988,2,7,0.581018066406273
1988,2,8,1.16692504882815
1988,2,9,0.579431152343773
1988,2,10,0.0679870605468977
1988,2,11,0.818963623046898
1988,2,12,-0.554632568359352
1988,2,13,-2.06220092773435
1988,2,14,-1.5095275878906
1988,2,15,0.0868774414062727
1988,2,16,-0.764776611328102
1988,2,17,0.433862304687523
1988,2,18,0.261315917968773
1988,2,19,1.09737548828127
1988,2,20,0.538842773437523
1988,2,21,1.82100830078127
1988,2,22,-0.136419677734352
1988,2,23,-0.168218994140602
1988,2,24,1.9869323730469
1988,2,25,5.55458984375002
1988,2,26,6.19362792968752
1988,2,27,7.31755981445315
1988,2,28,8.1894470214844
1988,2,29,2.20369873046877
1988,3,1,0.527337646484398
1988,3,2,-0.193273925781227
1988,3,3,1.07863769531252
1988,3,4,-0.137335205078102
1988,3,5,-0.927252197265602
1988,3,6,2.55916748046877
1988,3,7,4.88100585937502
1988,3,8,1.97280273437502
1988,3,9,0.929437255859398
1988,3,10,0.626489257812523
1988,3,11,2.57528076171877
1988,3,12,2.64089355468752
1988,3,13,1.64241943359377
1988,3,14,2.29964599609377
1988,3,15,3.25603637695315
1988,3,16,3.36281738281252
1988,3,17,1.55642089843752
1988,3,18,-0.659490966796852
1988,3,19,-2.49616088867185
1988,3,20,-2.29465332031248
1988,3,21,-1.73209228515623
1988,3,22,0.195916748046898
1988,3,23,-0.130773925781227
1988,3,24,-1.2045959472656
1988,3,25,-0.987799072265602
1988,3,26,-0.771154785156227
1988,3,27,2.87093505859377
1988,3,28,3.70382080078127
1988,3,29,3.6502624511719
1988,3,30,3.99508056640627
1988,3,31,5.0111022949219
1988,4,1,6.88961181640627
1988,4,2,5.34993896484377
1988,4,3,5.7764831542969
1988,4,4,8.52474365234377
1988,4,5,10.1625
1988,4,6,11.5694519042969
1988,4,7,8.70357666015627
1988,4,8,7.66079101562502
1988,4,9,8.08156738281252
1988,4,10,6.42049560546877
1988,4,11,5.98897705078127
1988,4,12,5.50591430664065
1988,4,13,6.64010009765627
1988,4,14,7.4872985839844
1988,4,15,5.83223876953127
1988,4,16,4.36626586914065
1988,4,17,5.95891723632815
1988,4,18,5.4429870605469
1988,4,19,5.5826354980469
1988,4,20,5.72609863281252
1988,4,21,5.47893676757815
1988,4,22,4.41573486328127
1988,4,23,6.19356689453127
1988,4,24,5.71169433593752
1988,4,25,7.0556579589844
1988,4,26,7.1480651855469
1988,4,27,5.91152343750002
1988,4,28,6.50502929687502
1988,4,29,8.0306335449219
1988,4,30,5.93660888671877
1988,5,1,6.95009765625002
1988,5,2,6.3903747558594
1988,5,3,7.21187744140627
1988,5,4,6.53829345703127
1988,5,5,6.03164062500002
1988,5,6,6.3176208496094
1988,5,7,4.98211059570315
1988,5,8,3.96889648437502
1988,5,9,4.36831054687502
1988,5,10,3.8552185058594
1988,5,11,6.6008239746094
1988,5,12,11.4853149414063
1988,5,13,7.8520446777344
1988,5,14,8.4180847167969
1988,5,15,9.35576782226565
1988,5,16,6.15627441406252
1988,5,17,5.67385253906252
1988,5,18,9.04470214843752
1988,5,19,12.3855224609375
1988,5,20,12.4236694335938
1988,5,21,13.9309020996094
1988,5,22,8.71318969726565
1988,5,23,7.96352539062502
1988,5,24,11.8440490722656
1988,5,25,15.2904296875
1988,5,26,13.0119262695313
1988,5,27,8.83687744140627
1988,5,28,9.0366149902344
1988,5,29,8.87478027343752
1988,5,30,10.0033508300781
1988,5,31,8.35723266601565
1988,6,1,8.3655944824219
1988,6,2,8.2752624511719
1988,6,3,7.9991394042969
1988,6,4,12.117822265625
1988,6,5,14.0876098632813
1988,6,6,17.3974548339844
1988,6,7,14.4592529296875
1988,6,8,15.838037109375
1988,6,9,11.1562744140625
1988,6,10,9.6256042480469
1988,6,11,9.18325195312502
1988,6,12,8.68068847656252
1988,6,13,11.3237548828125
1988,6,14,13.2707763671875
1988,6,15,12.390771484375
1988,6,16,12.2663818359375
1988,6,17,11.7120910644531
1988,6,18,16.0822082519531
1988,6,19,18.6915222167969
1988,6,20,19.6728454589844
1988,6,21,19.6754699707031
1988,6,22,14.1227355957031
1988,6,23,12.9906860351563
1988,6,24,13.4699645996094
1988,6,25,14.0485168457031
1988,6,26,14.5319458007813
1988,6,27,13.6309448242188
1988,6,28,14.7377258300781
1988,6,29,16.5009094238281
1988,6,30,18.8225036621094
1988,7,1,17.5698486328125
1988,7,2,19.5056091308594
1988,7,3,21.0706420898438
1988,7,4,21.229150390625
1988,7,5,18.8059631347656
1988,7,6,16.5343872070313
1988,7,7,17.4043518066406
1988,7,8,19.0230041503906
1988,7,9,17.7676940917969
1988,7,10,17.2920166015625
1988,7,11,19.6636901855469
1988,7,12,20.5140319824219
1988,7,13,21.2725769042969
1988,7,14,18.7444091796875
1988,7,15,17.6627136230469
1988,7,16,19.9800048828125
1988,7,17,17.3747497558594
1988,7,18,16.3361755371094
1988,7,19,17.2705627441406
1988,7,20,14.5831848144531
1988,7,21,13.6133361816406
1988,7,22,14.78505859375
1988,7,23,16.2268615722656
1988,7,24,19.3692260742188
1988,7,25,16.3005310058594
1988,7,26,17.76796875
1988,7,27,19.8572021484375
1988,7,28,18.0151611328125
1988,7,29,18.6235290527344
1988,7,30,20.8284851074219
1988,7,31,21.9025817871094
1988,8,1,21.5375305175781
1988,8,2,21.9588562011719
1988,8,3,23.191796875
1988,8,4,23.9515930175781
1988,8,5,24.1396118164063
1988,8,6,25.3591247558594
1988,8,7,26.2478271484375
1988,8,8,26.3886657714844
1988,8,9,25.1536804199219
1988,8,10,21.9910827636719
1988,8,11,22.1374755859375
1988,8,12,23.1077819824219
1988,8,13,24.5243774414063
1988,8,14,23.056298828125
1988,8,15,17.5210205078125
1988,8,16,15.8392272949219
1988,8,17,17.96669921875
1988,8,18,20.6841674804688
1988,8,19,22.0287719726563
1988,8,20,16.9661804199219
1988,8,21,15.9088073730469
1988,8,22,18.7441955566406
1988,8,23,20.5621276855469
1988,8,24,23.8400207519531
1988,8,25,25.2557006835938
1988,8,26,19.3534484863281
1988,8,27,19.4872375488281
1988,8,28,21.664208984375
1988,8,29,22.3838134765625
1988,8,30,19.6917663574219
1988,8,31,16.80263671875
1988,9,1,18.2644897460938
1988,9,2,18.4958740234375
1988,9,3,16.8642211914063
1988,9,4,14.3734985351563
1988,9,5,14.44765625
1988,9,6,16.6547180175781
1988,9,7,17.6895385742188
1988,9,8,18.506005859375
1988,9,9,12.3438659667969
1988,9,10,11.8907409667969
1988,9,11,15.2773376464844
1988,9,12,13.1778503417969
1988,9,13,14.5130554199219
1988,9,14,11.9842163085938
1988,9,15,11.5323425292969
1988,9,16,13.91640625
1988,9,17,11.0066772460938
1988,9,18,11.5927673339844
1988,9,19,10.5310607910156
1988,9,20,10.63564453125
1988,9,21,14.0143676757813
1988,9,22,14.8628173828125
1988,9,23,15.91005859375
1988,9,24,15.2905822753906
1988,9,25,14.2925659179688
1988,9,26,10.6124206542969
1988,9,27,9.95241699218752
1988,9,28,11.6550231933594
1988,9,29,11.7593322753906
1988,9,30,11.2172790527344
1988,10,1,8.6935974121094
1988,10,2,7.4407897949219
1988,10,3,5.5034118652344
1988,10,4,5.55156860351565
1988,10,5,5.98781738281252
1988,10,6,7.96575317382815
1988,10,7,11.8245788574219
1988,10,8,13.439111328125
1988,10,9,13.609765625
1988,10,10,15.0169006347656
1988,10,11,13.5222106933594
1988,10,12,10.4269348144531
1988,10,13,10.3888488769531
1988,10,14,9.73333129882815
1988,10,15,7.92727050781252
1988,10,16,8.47469482421877
1988,10,17,9.41192016601565
1988,10,18,8.28545532226565
1988,10,19,7.49886474609377
1988,10,20,8.43779907226565
1988,10,21,7.7039733886719
1988,10,22,8.01247558593752
1988,10,23,7.01455078125002
1988,10,24,6.93917236328127
1988,10,25,5.70635375976565
1988,10,26,3.58696899414065
1988,10,27,6.84441528320315
1988,10,28,8.15267333984377
1988,10,29,7.2969909667969
1988,10,30,7.0185485839844
1988,10,31,6.87481079101565
1988,11,1,6.26384887695315
1988,11,2,5.63775024414065
1988,11,3,4.70757446289065
1988,11,4,4.30629882812502
1988,11,5,4.34206542968752
1988,11,6,2.43425903320315
1988,11,7,-0.989141845703102
1988,11,8,-2.3546203613281
1988,11,9,-1.4165100097656
1988,11,10,3.22799072265627
1988,11,11,5.37844238281252
1988,11,12,6.70134887695315
1988,11,13,7.33184204101565
1988,11,14,5.30294189453127
1988,11,15,4.94552001953127
1988,11,16,3.5034118652344
1988,11,17,3.53597412109377
1988,11,18,1.97332153320315
1988,11,19,2.0406433105469
1988,11,20,2.98079833984377
1988,11,21,2.44512329101565
1988,11,22,4.96578369140627
1988,11,23,3.8415466308594
1988,11,24,2.57967529296877
1988,11,25,3.00640258789065
1988,11,26,5.58269653320315
1988,11,27,7.55425415039065
1988,11,28,5.76958618164065
1988,11,29,4.45778808593752
1988,11,30,3.9354187011719
1988,12,1,1.0036560058594
1988,12,2,2.68877563476565
1988,12,3,0.920190429687523
1988,12,4,-1.75812377929685
1988,12,5,-2.90769042968748
1988,12,6,2.08693847656252
1988,12,7,1.51668701171877
1988,12,8,-1.55853881835935
1988,12,9,-1.59915771484373
1988,12,10,0.260430908203148
1988,12,11,5.35540161132815
1988,12,12,6.5432067871094
1988,12,13,4.12947998046877
1988,12,14,-2.30118408203123
1988,12,15,-6.3155578613281
1988,12,16,-5.68558349609373
1988,12,17,-5.18948974609373
1988,12,18,-3.09024658203123
1988,12,19,-0.100012207031227
1988,12,20,2.27443847656252
1988,12,21,-0.481542968749977
1988,12,22,3.9688659667969
1988,12,23,3.97011718750002
1988,12,24,2.24163208007815
1988,12,25,3.30977783203127
1988,12,26,0.473687744140648
1988,12,27,0.398370361328148
1988,12,28,1.7188659667969
1988,12,29,2.3613220214844
1988,12,30,1.54790649414065
1988,12,31,2.23153076171877
1989,1,1,2.2282653808594
1989,1,2,-1.29434814453123
1989,1,3,-0.872442626953102
1989,1,4,-0.697760009765602
1989,1,5,1.33486328125002
1989,1,6,1.62532958984377
1989,1,7,0.982324218750023
1989,1,8,4.17745361328127
1989,1,9,4.75563964843752
1989,1,10,5.4818054199219
1989,1,11,6.50802001953127
1989,1,12,6.0538269042969
1989,1,13,6.7103210449219
1989,1,14,5.69643554687502
1989,1,15,5.9119812011719
1989,1,16,6.37636718750002
1989,1,17,3.60726318359377
1989,1,18,1.46700439453127
1989,1,19,0.0511108398437727
1989,1,20,-0.993933105468727
1989,1,21,-0.281835937499977
1989,1,22,0.691430664062523
1989,1,23,-0.799597167968727
1989,1,24,1.93465576171877
1989,1,25,3.3769470214844
1989,1,26,3.04509887695315
1989,1,27,2.4486022949219
1989,1,28,3.12032470703127
1989,1,29,2.03145751953127
1989,1,30,0.607049560546898
1989,1,31,-0.133520507812477
1989,2,1,2.12886962890627
1989,2,2,3.57015380859377
1989,2,3,2.2299743652344
1989,2,4,2.13750610351565
1989,2,5,5.39946899414065
1989,2,6,5.2568298339844
1989,2,7,1.8637634277344
1989,2,8,1.21196899414065
1989,2,9,1.2343688964844
1989,2,10,4.70391235351565
1989,2,11,6.52877197265627
1989,2,12,4.69417724609377
1989,2,13,0.537469482421898
1989,2,14,-0.534307861328102
1989,2,15,-1.3107971191406
1989,2,16,-1.27078857421873
1989,2,17,-0.448156738281227
1989,2,18,-0.274694824218727
1989,2,19,2.00069580078127
1989,2,20,1.69271240234377
1989,2,21,-0.0958923339843523
1989,2,22,-1.6464904785156
1989,2,23,0.244927978515648
1989,2,24,-0.245581054687477
1989,2,25,0.245355224609398
1989,2,26,-0.426336669921852
1989,2,27,-1.68768920898435
1989,2,28,-0.499578857421852
1989,3,1,-1.14017333984373
1989,3,2,-1.16864624023435
1989,3,3,-1.17636718749998
1989,3,4,0.714105224609398
1989,3,5,1.56289062500002
1989,3,6,0.429345703125023
1989,3,7,-0.113897705078102
1989,3,8,-0.345220947265602
1989,3,9,-1.6973937988281
1989,3,10,-0.756536865234352
1989,3,11,-1.7399963378906
1989,3,12,-1.75998535156248
1989,3,13,-2.99457397460935
1989,3,14,-3.30817260742185
1989,3,15,-0.985815429687477
1989,3,16,0.703515625000023
1989,3,17,1.90752563476565
1989,3,18,1.95223388671877
1989,3,19,2.5983825683594
1989,3,20,2.57149658203127
1989,3,21,3.0302673339844
1989,3,22,2.91021118164065
1989,3,23,2.99471435546877
1989,3,24,2.61971435546877
1989,3,25,3.74776611328127
1989,3,26,3.72054443359377
1989,3,27,1.8601013183594
1989,3,28,4.20351562500002
1989,3,29,2.86443481445315
1989,3,30,3.74614868164065
1989,3,31,5.2774597167969
1989,4,1,6.27056274414065
1989,4,2,8.41448364257815
1989,4,3,7.9927917480469
1989,4,4,6.76961669921877
1989,4,5,7.80498657226565
1989,4,6,6.26625976562502
1989,4,7,5.82607421875002
1989,4,8,6.69747314453127
1989,4,9,5.57354125976565
1989,4,10,6.85115966796877
1989,4,11,9.38485107421877
1989,4,12,10.4265686035156
1989,4,13,6.12825927734377
1989,4,14,5.49282226562502
1989,4,15,4.95681152343752
1989,4,16,2.55037841796877
1989,4,17,0.893792724609398
1989,4,18,0.967767333984398
1989,4,19,4.02724609375002
1989,4,20,4.43166503906252
1989,4,21,6.12923583984377
1989,4,22,4.9381042480469
1989,4,23,4.03765258789065
1989,4,24,3.71749267578127
1989,4,25,4.7108093261719
1989,4,26,5.78371582031252
1989,4,27,7.19268188476565
1989,4,28,8.44436035156252
1989,4,29,8.67427978515627
1989,4,30,11.2106872558594
1989,5,1,9.26802978515627
1989,5,2,7.96248779296877
1989,5,3,8.19509277343752
1989,5,4,6.9257751464844
1989,5,5,7.97768554687502
1989,5,6,8.89730224609377
1989,5,7,7.65752563476565
1989,5,8,6.47451171875002
1989,5,9,6.66188964843752
1989,5,10,7.89254150390627
1989,5,11,8.05520019531252
1989,5,12,8.96248779296877
1989,5,13,8.06731567382815
1989,5,14,9.32442626953127
1989,5,15,12.2661071777344
1989,5,16,10.8425842285156
1989,5,17,8.84270629882815
1989,5,18,10.1454711914063
1989,5,19,11.024560546875
1989,5,20,12.2885375976563
1989,5,21,10.8698059082031
1989,5,22,10.4422241210938
1989,5,23,8.59295043945315
1989,5,24,7.17196044921877
1989,5,25,8.77031860351565
1989,5,26,8.0773864746094
1989,5,27,6.94472656250002
1989,5,28,8.53594360351565
1989,5,29,9.35723266601565
1989,5,30,10.2722717285156
1989,5,31,11.1615844726563
1989,6,1,9.28389892578127
1989,6,2,9.99617919921877
1989,6,3,12.7808776855469
1989,6,4,15.6110168457031
1989,6,5,17.4738403320313
1989,6,6,17.9849792480469
1989,6,7,18.2678161621094
1989,6,8,18.9821105957031
1989,6,9,18.2842956542969
1989,6,10,13.9045349121094
1989,6,11,11.8122497558594
1989,6,12,8.4553161621094
1989,6,13,9.74898681640627
1989,6,14,10.5541625976563
1989,6,15,10.7759033203125
1989,6,16,9.95125732421877
1989,6,17,9.95040283203127
1989,6,18,10.19033203125
1989,6,19,10.3145690917969
1989,6,20,12.2922912597656
1989,6,21,14.2722717285156
1989,6,22,14.0193725585938
1989,6,23,11.953759765625
1989,6,24,10.0117126464844
1989,6,25,12.578515625
1989,6,26,14.0780883789063
1989,6,27,14.904931640625
1989,6,28,12.2230163574219
1989,6,29,11.76455078125
1989,6,30,13.0677734375
1989,7,1,14.7224670410156
1989,7,2,13.178369140625
1989,7,3,13.2157836914063
1989,7,4,14.7046142578125
1989,7,5,15.0457702636719
1989,7,6,16.5896545410156
1989,7,7,15.045556640625
1989,7,8,18.2146545410156
1989,7,9,19.5744262695313
1989,7,10,21.2201782226563
1989,7,11,22.7086730957031
1989,7,12,24.5745483398438
1989,7,13,23.7936950683594
1989,7,14,15.4456726074219
1989,7,15,15.7939086914063
1989,7,16,16.1348815917969
1989,7,17,15.4993225097656
1989,7,18,15.3673950195313
1989,7,19,14.9963623046875
1989,7,20,12.9272094726563
1989,7,21,11.9276672363281
1989,7,22,14.5826354980469
1989,7,23,15.3079467773438
1989,7,24,14.6531921386719
1989,7,25,15.4129272460938
1989,7,26,15.9281555175781
1989,7,27,15.7729125976563
1989,7,28,16.0866638183594
1989,7,29,15.8658996582031
1989,7,30,17.4876037597656
1989,7,31,17.9385620117188
1989,8,1,18.6681762695313
1989,8,2,19.2804504394531
1989,8,3,18.0495544433594
1989,8,4,19.0956665039063
1989,8,5,19.9599548339844
1989,8,6,22.5605407714844
1989,8,7,21.5725341796875
1989,8,8,21.5498291015625
1989,8,9,20.1182495117188
1989,8,10,20.6385131835938
1989,8,11,22.1026550292969
1989,8,12,23.1595703125
1989,8,13,23.2278381347656
1989,8,14,23.5751586914063
1989,8,15,22.9271179199219
1989,8,16,21.1500183105469
1989,8,17,21.2590270996094
1989,8,18,21.2155090332031
1989,8,19,18.0029846191406
1989,8,20,17.9283386230469
1989,8,21,16.2653442382813
1989,8,22,15.9306579589844
1989,8,23,18.3960205078125
1989,8,24,17.2461791992188
1989,8,25,14.8951354980469
1989,8,26,16.19619140625
1989,8,27,15.3416076660156
1989,8,28,13.3944030761719
1989,8,29,13.3906188964844
1989,8,30,14.6556030273438
1989,8,31,14.4151245117188
1989,9,1,15.0480895996094
1989,9,2,13.6620422363281
1989,9,3,14.5204406738281
1989,9,4,13.7458740234375
1989,9,5,12.3793884277344
1989,9,6,12.1944519042969
1989,9,7,12.6490112304688
1989,9,8,15.2016540527344
1989,9,9,15.5071044921875
1989,9,10,15.427880859375
1989,9,11,13.1326538085938
1989,9,12,11.5677734375
1989,9,13,13.5696655273438
1989,9,14,12.5075927734375
1989,9,15,11.2562194824219
1989,9,16,10.1799255371094
1989,9,17,9.95778808593752
1989,9,18,9.92604980468752
1989,9,19,9.5692077636719
1989,9,20,12.1929260253906
1989,9,21,13.2767578125
1989,9,22,14.8573547363281
1989,9,23,15.4548278808594
1989,9,24,16.1390319824219
1989,9,25,15.526025390625
1989,9,26,15.337548828125
1989,9,27,13.8191467285156
1989,9,28,10.6043029785156
1989,9,29,9.32406005859377
1989,9,30,9.6679626464844
1989,10,1,9.01345214843752
1989,10,2,8.2687927246094
1989,10,3,8.28084716796877
1989,10,4,9.85244140625002
1989,10,5,11.1574340820313
1989,10,6,13.7326293945313
1989,10,7,12.5725036621094
1989,10,8,11.2291198730469
1989,10,9,9.01909790039065
1989,10,10,8.31893310546877
1989,10,11,9.45174560546877
1989,10,12,7.02840576171877
1989,10,13,7.08513793945315
1989,10,14,9.7003112792969
1989,10,15,11.4530578613281
1989,10,16,8.4309020996094
1989,10,17,7.10946044921877
1989,10,18,7.55361328125002
1989,10,19,6.93926391601565
1989,10,20,9.85811767578127
1989,10,21,7.92754516601565
1989,10,22,8.6141296386719
1989,10,23,8.44170532226565
1989,10,24,9.64739379882815
1989,10,25,8.90520629882815
1989,10,26,8.36284790039065
1989,10,27,9.21477661132815
1989,10,28,9.02752075195315
1989,10,29,8.84865722656252
1989,10,30,7.66317138671877
1989,10,31,6.38729248046877
1989,11,1,3.19796142578127
1989,11,2,5.02004394531252
1989,11,3,3.6140075683594
1989,11,4,3.0854431152344
1989,11,5,2.02764282226565
1989,11,6,1.04805908203127
1989,11,7,1.3010192871094
1989,11,8,2.7813659667969
1989,11,9,5.0063415527344
1989,11,10,6.30550537109377
1989,11,11,6.91396484375002
1989,11,12,5.60341796875002
1989,11,13,6.58403930664065
1989,11,14,6.20125732421877
1989,11,15,3.84194335937502
1989,11,16,2.1951843261719
1989,11,17,2.61263427734377
1989,11,18,0.467431640625023
1989,11,19,0.639245605468773
1989,11,20,0.712701416015648
1989,11,21,-0.295385742187477
1989,11,22,1.37886962890627
1989,11,23,1.6441589355469
1989,11,24,-0.178503417968727
1989,11,25,-1.1669982910156
1989,11,26,-0.277655029296852
1989,11,27,1.91713867187502
1989,11,28,1.94246826171877
1989,11,29,6.42385253906252
1989,11,30,6.54934082031252
1989,12,1,3.0051208496094
1989,12,2,-0.119512939453102
1989,12,3,-0.382940673828102
1989,12,4,0.179132080078148
1989,12,5,1.91387329101565
1989,12,6,-0.0868286132812273
1989,12,7,0.0782409667968977
1989,12,8,-0.420324707031227
1989,12,9,-0.155523681640602
1989,12,10,1.0347839355469
1989,12,11,2.9027038574219
1989,12,12,4.18511352539065
1989,12,13,2.44893798828127
1989,12,14,0.630181884765648
1989,12,15,-2.13272705078123
1989,12,16,-4.4857238769531
1989,12,17,-2.93088378906248
1989,12,18,0.0582519531250227
1989,12,19,2.38070068359377
1989,12,20,1.54543457031252
1989,12,21,1.61898193359377
1989,12,22,3.70314941406252
1989,12,23,4.23519287109377
1989,12,24,4.1691833496094
1989,12,25,1.89336547851565
1989,12,26,0.659356689453148
1989,12,27,0.605737304687523
1989,12,28,3.92608032226565
1989,12,29,0.352563476562523
1989,12,30,0.108728027343773
1989,12,31,-1.8717102050781
1990,1,1,0.0641418457031477
1990,1,2,-1.83658447265623
1990,1,3,-1.53998413085935
1990,1,4,-1.51386108398435
1990,1,5,-2.14420166015623
1990,1,6,-1.7763732910156
1990,1,7,-0.373205566406227
1990,1,8,3.39425048828127
1990,1,9,6.30306396484377
1990,1,10,3.70394287109377
1990,1,11,2.7736755371094
1990,1,12,4.87197265625002
1990,1,13,5.1555114746094
1990,1,14,4.7042175292969
1990,1,15,5.39254150390627
1990,1,16,5.58248291015627
1990,1,17,5.64449462890627
1990,1,18,1.45818481445315
1990,1,19,-3.27487792968748
1990,1,20,-5.22910156249998
1990,1,21,-2.21527709960935
1990,1,22,-7.8877014160156
1990,1,23,-11.9974731445312
1990,1,24,-14.7691711425781
1990,1,25,-12.3965515136719
1990,1,26,-10.2217163085937
1990,1,27,-8.94876708984373
1990,1,28,-7.22662963867185
1990,1,29,-7.56793823242185
1990,1,30,-6.80502929687498
1990,1,31,-7.03592529296873
1990,2,1,-5.70444335937498
1990,2,2,-4.98880615234373
1990,2,3,-1.02817382812498
1990,2,4,-0.291418457031227
1990,2,5,-1.5208801269531
1990,2,6,-0.391729736328102
1990,2,7,3.0760437011719
1990,2,8,1.39510498046877
1990,2,9,0.0704589843750227
1990,2,10,0.296655273437523
1990,2,11,-1.46573486328123
1990,2,12,-2.06436767578123
1990,2,13,-3.00275268554685
1990,2,14,-4.69699707031248
1990,2,15,-5.24405517578123
1990,2,16,-3.4001525878906
1990,2,17,-0.610479736328102
1990,2,18,0.780389404296898
1990,2,19,-2.34747924804685
1990,2,20,-3.6153625488281
1990,2,21,-4.9692443847656
1990,2,22,-9.27619018554685
1990,2,23,-9.44608154296873
1990,2,24,-8.9586242675781
1990,2,25,-5.9364074707031
1990,2,26,-3.06564941406248
1990,2,27,-4.27835693359373
1990,2,28,-2.39993896484373
1990,3,1,-0.519384765624977
1990,3,2,0.830957031250023
1990,3,3,-2.16351928710935
1990,3,4,-3.5318664550781
1990,3,5,-4.18536987304685
1990,3,6,-2.4683898925781
1990,3,7,-0.930792236328102
1990,3,8,2.90728149414065
1990,3,9,1.21334228515627
1990,3,10,2.34197387695315
1990,3,11,4.6243835449219
1990,3,12,4.21389160156252
1990,3,13,4.65093383789065
1990,3,14,4.68779907226565
1990,3,15,3.48931274414065
1990,3,16,2.04851684570315
1990,3,17,4.19460449218752
1990,3,18,5.48500976562502
1990,3,19,4.11531982421877
1990,3,20,4.86907348632815
1990,3,21,4.95488891601565
1990,3,22,7.75234375000002
1990,3,23,6.70394287109377
1990,3,24,10.1092468261719
1990,3,25,4.80526123046877
1990,3,26,7.49126586914065
1990,3,27,7.0124450683594
1990,3,28,3.9147888183594
1990,3,29,5.59221801757815
1990,3,30,7.07644042968752
1990,3,31,5.54067382812502
1990,4,1,3.88897094726565
1990,4,2,3.42495117187502
1990,4,3,3.0944763183594
1990,4,4,2.57222900390627
1990,4,5,4.44448242187502
1990,4,6,4.05547485351565
1990,4,7,5.34151611328127
1990,4,8,5.91311035156252
1990,4,9,4.9052673339844
1990,4,10,2.40749511718752
1990,4,11,0.510369873046898
1990,4,12,0.859979248046898
1990,4,13,6.4083190917969
1990,4,14,7.62636718750002
1990,4,15,8.20913085937502
1990,4,16,8.23598632812502
1990,4,17,9.3215270996094
1990,4,18,6.5567565917969
1990,4,19,5.60845336914065
1990,4,20,6.8611999511719
1990,4,21,6.66250000000002
1990,4,22,6.7745300292969
1990,4,23,5.80706176757815
1990,4,24,7.88778076171877
1990,4,25,9.63491210937502
1990,4,26,9.87166748046877
1990,4,27,7.28670654296877
1990,4,28,7.28792724609377
1990,4,29,7.3375183105469
1990,4,30,8.3050476074219
1990,5,1,7.30361328125002
1990,5,2,7.61959228515627
1990,5,3,7.95632324218752
1990,5,4,7.80812988281252
1990,5,5,5.75905761718752
1990,5,6,5.72637329101565
1990,5,7,8.81398925781252
1990,5,8,7.2689147949219
1990,5,9,8.9753356933594
1990,5,10,8.0198913574219
1990,5,11,8.01580200195315
1990,5,12,7.92962036132815
1990,5,13,8.13250122070315
1990,5,14,9.0971618652344
1990,5,15,9.41707763671877
1990,5,16,9.57857666015627
1990,5,17,9.1021667480469
1990,5,18,9.1562438964844
1990,5,19,9.8535095214844
1990,5,20,9.2154479980469
1990,5,21,13.0620361328125
1990,5,22,12.7654357910156
1990,5,23,11.532373046875
1990,5,24,8.9645935058594
1990,5,25,10.7288452148438
1990,5,26,15.1098571777344
1990,5,27,17.0287414550781
1990,5,28,10.5790649414063
1990,5,29,8.8872009277344
1990,5,30,8.53664550781252
1990,5,31,8.5079284667969
1990,6,1,8.92696533203127
1990,6,2,8.41811523437502
1990,6,3,9.0725036621094
1990,6,4,10.814599609375
1990,6,5,14.0062805175781
1990,6,6,14.4982849121094
1990,6,7,9.96590576171877
1990,6,8,8.52340087890627
1990,6,9,10.9142700195313
1990,6,10,15.6475463867188
1990,6,11,16.3103881835938
1990,6,12,15.3121887207031
1990,6,13,14.6953674316406
1990,6,14,10.96669921875
1990,6,15,14.0363403320313
1990,6,16,13.4737182617188
1990,6,17,14.3871398925781
1990,6,18,14.8881164550781
1990,6,19,15.2084289550781
1990,6,20,13.3053527832031
1990,6,21,13.3618408203125
1990,6,22,9.99675903320315
1990,6,23,9.8830505371094
1990,6,24,10.40517578125
1990,6,25,13.6210571289063
1990,6,26,16.5198303222656
1990,6,27,16.1342102050781
1990,6,28,16.6653076171875
1990,6,29,15.944482421875
1990,6,30,15.3553405761719
1990,7,1,16.0277038574219
1990,7,2,15.5017639160156
1990,7,3,16.6016479492188
1990,7,4,17.0094543457031
1990,7,5,16.7664733886719
1990,7,6,14.5934692382813
1990,7,7,12.8354125976563
1990,7,8,12.9684997558594
1990,7,9,13.726708984375
1990,7,10,16.2376037597656
1990,7,11,18.6356750488281
1990,7,12,15.5603576660156
1990,7,13,14.3413024902344
1990,7,14,13.6070190429688
1990,7,15,12.9448486328125
1990,7,16,14.4422546386719
1990,7,17,15.6467224121094
1990,7,18,16.8836608886719
1990,7,19,14.3575073242188
1990,7,20,14.6344543457031
1990,7,21,15.0261169433594
1990,7,22,15.1855712890625
1990,7,23,14.4849487304688
1990,7,24,13.8601013183594
1990,7,25,13.8447204589844
1990,7,26,15.132958984375
1990,7,27,14.5191589355469
1990,7,28,14.530419921875
1990,7,29,16.2661376953125
1990,7,30,13.6024719238281
1990,7,31,15.1829772949219
1990,8,1,15.6829772949219
1990,8,2,16.4416137695313
1990,8,3,17.9679504394531
1990,8,4,19.126611328125
1990,8,5,17.3123413085938
1990,8,6,16.0142456054688
1990,8,7,15.886376953125
1990,8,8,17.3258605957031
1990,8,9,18.5203796386719
1990,8,10,22.0765014648438
1990,8,11,17.082666015625
1990,8,12,14.0945678710938
1990,8,13,15.5317321777344
1990,8,14,16.7565246582031
1990,8,15,15.4719482421875
1990,8,16,13.5839477539063
1990,8,17,13.1245056152344
1990,8,18,16.111474609375
1990,8,19,16.8142333984375
1990,8,20,16.558984375
1990,8,21,13.9999328613281
1990,8,22,13.7788940429688
1990,8,23,14.5799499511719
1990,8,24,16.3868347167969
1990,8,25,16.4491821289063
1990,8,26,15.1964050292969
1990,8,27,15.9925476074219
1990,8,28,15.5886169433594
1990,8,29,13.838037109375
1990,8,30,13.738916015625
1990,8,31,13.7387634277344
1990,9,1,14.0500427246094
1990,9,2,11.2220703125
1990,9,3,11.2436767578125
1990,9,4,12.9092651367188
1990,9,5,11.1810546875
1990,9,6,11.8094421386719
1990,9,7,12.1057678222656
1990,9,8,14.365380859375
1990,9,9,14.6394897460938
1990,9,10,15.2644287109375
1990,9,11,16.0920654296875
1990,9,12,15.3997131347656
1990,9,13,12.2786499023438
1990,9,14,13.4861389160156
1990,9,15,13.510888671875
1990,9,16,12.9943176269531
1990,9,17,13.0784545898438
1990,9,18,12.1578308105469
1990,9,19,13.7856689453125
1990,9,20,11.29677734375
1990,9,21,11.0451293945313
1990,9,22,13.9695983886719
1990,9,23,12.6936584472656
1990,9,24,12.1686950683594
1990,9,25,12.2072692871094
1990,9,26,11.1807495117188
1990,9,27,9.95040283203127
1990,9,28,10.0003295898438
1990,9,29,9.60381469726565
1990,9,30,8.09600219726565
1990,10,1,10.8324829101563
1990,10,2,12.1919799804688
1990,10,3,10.8967529296875
1990,10,4,7.65264282226565
1990,10,5,7.89971313476565
1990,10,6,9.07866821289065
1990,10,7,10.8120056152344
1990,10,8,11.4377075195313
1990,10,9,8.58120117187502
1990,10,10,7.71892700195315
1990,10,11,7.90065917968752
1990,10,12,8.92376098632815
1990,10,13,9.04110107421877
1990,10,14,9.05800781250002
1990,10,15,9.6987243652344
1990,10,16,7.75704345703127
1990,10,17,6.7525573730469
1990,10,18,7.35750732421877
1990,10,19,4.92965087890627
1990,10,20,1.73409423828127
1990,10,21,-0.552496337890602
1990,10,22,-0.0247253417968523
1990,10,23,1.11007080078127
1990,10,24,3.98861083984377
1990,10,25,4.99672851562502
1990,10,26,6.87172851562502
1990,10,27,4.71138916015627
1990,10,28,2.0333190917969
1990,10,29,2.6444030761719
1990,10,30,5.7465759277344
1990,10,31,6.3083435058594
1990,11,1,8.94378051757815
1990,11,2,6.34792480468752
1990,11,3,5.61699829101565
1990,11,4,6.05300292968752
1990,11,5,2.81716308593752
1990,11,6,1.45736083984377
1990,11,7,1.8027282714844
1990,11,8,1.43547973632815
1990,11,9,3.82393798828127
1990,11,10,5.36849365234377
1990,11,11,4.11910400390627
1990,11,12,6.12850341796877
1990,11,13,6.87285766601565
1990,11,14,6.10588989257815
1990,11,15,5.72908935546877
1990,11,16,3.1562438964844
1990,11,17,1.81588134765627
1990,11,18,8.08449707031252
1990,11,19,11.1131530761719
1990,11,20,8.86330566406252
1990,11,21,5.73479614257815
1990,11,22,4.17580566406252
1990,11,23,6.10720214843752
1990,11,24,5.12404785156252
1990,11,25,5.36724243164065
1990,11,26,5.2276550292969
1990,11,27,3.02181396484377
1990,11,28,3.06856689453127
1990,11,29,-0.434942626953102
1990,11,30,-1.7985900878906
1990,12,1,-3.43002929687498
1990,12,2,-2.23508300781248
1990,12,3,-0.656958007812477
1990,12,4,-3.48990478515623
1990,12,5,-5.14578857421873
1990,12,6,-5.56186523437498
1990,12,7,-6.33209838867185
1990,12,8,-8.30499877929685
1990,12,9,-8.87668457031248
1990,12,10,-9.65872802734373
1990,12,11,-11.7215026855469
1990,12,12,-9.37213745117185
1990,12,13,-8.85898437499998
1990,12,14,-8.40146484374998
1990,12,15,-5.81369628906248
1990,12,16,-3.3241027832031
1990,12,17,-1.09223022460935
1990,12,18,0.137200927734398
1990,12,19,0.569085693359398
1990,12,20,-0.649786376953102
1990,12,21,1.24562988281252
1990,12,22,2.2383972167969
1990,12,23,0.429345703125023
1990,12,24,-2.76190795898435
1990,12,25,-2.54849853515623
1990,12,26,-2.4753479003906
1990,12,27,-5.34238281249998
1990,12,28,-7.4443420410156
1990,12,29,-9.95163574218748
1990,12,30,-2.3955139160156
1990,12,31,-1.22495117187498
1991,1,1,-1.93137207031248
1991,1,2,0.510095214843773
1991,1,3,2.9611755371094
1991,1,4,-1.48883666992185
1991,1,5,-2.5507873535156
1991,1,6,-0.718847656249977
1991,1,7,-0.0454772949218523
1991,1,8,1.6855407714844
1991,1,9,2.94509277343752
1991,1,10,1.39019165039065
1991,1,11,3.35650024414065
1991,1,12,4.3693786621094
1991,1,13,0.850915527343773
1991,1,14,-0.991369628906227
1991,1,15,1.31032714843752
1991,1,16,1.7164245605469
1991,1,17,1.4529968261719
1991,1,18,2.40285644531252
1991,1,19,0.899224853515648
1991,1,20,0.780664062500023
1991,1,21,2.1208435058594
1991,1,22,1.34792480468752
1991,1,23,1.5657897949219
1991,1,24,2.25057373046877
1991,1,25,1.11385498046877
1991,1,26,1.96480712890627
1991,1,27,1.3603454589844
1991,1,28,4.5486999511719
1991,1,29,0.623376464843773
1991,1,30,-0.777655029296852
1991,1,31,0.508142089843773
1991,2,1,-0.147894287109352
1991,2,2,1.37746582031252
1991,2,3,4.75722656250002
1991,2,4,1.27739868164065
1991,2,5,1.73757324218752
1991,2,6,3.29192504882815
1991,2,7,2.17928466796877
1991,2,8,-0.0264038085937273
1991,2,9,-0.558508300781227
1991,2,10,0.154626464843773
1991,2,11,-2.24356689453123
1991,2,12,-1.92551269531248
1991,2,13,-2.90350952148435
1991,2,14,0.839807128906273
1991,2,15,0.278375244140648
1991,2,16,-1.1330627441406
1991,2,17,-0.918554687499977
1991,2,18,-0.580084228515602
1991,2,19,-0.240209960937477
1991,2,20,-0.459967041015602
1991,2,21,-1.64188232421873
1991,2,22,-4.09235229492185
1991,2,23,-5.89401855468748
1991,2,24,-6.46103515624998
1991,2,25,-6.12265624999998
1991,2,26,-6.28623046874998
1991,2,27,-5.86984863281248
1991,2,28,-5.8903869628906
1991,3,1,-7.52597656249998
1991,3,2,-7.80771484374998
1991,3,3,-7.93942871093748
1991,3,4,-6.10333862304685
1991,3,5,-4.89032592773435
1991,3,6,-4.79453124999998
1991,3,7,-1.89481201171873
1991,3,8,-1.47440185546873
1991,3,9,-2.70133056640623
1991,3,10,-3.13687744140623
1991,3,11,-3.67316284179685
1991,3,12,-3.71185913085935
1991,3,13,-2.33927001953123
1991,3,14,-0.104284667968727
1991,3,15,2.2239929199219
1991,3,16,-0.0585083007812273
1991,3,17,-2.0260070800781
1991,3,18,-3.61539306640623
1991,3,19,-2.3399719238281
1991,3,20,-2.10623779296873
1991,3,21,-0.746893310546852
1991,3,22,0.213555908203148
1991,3,23,0.697747802734398
1991,3,24,3.13619384765627
1991,3,25,6.31340942382815
1991,3,26,8.19036254882815
1991,3,27,4.3008972167969
1991,3,28,0.675927734375023
1991,3,29,0.593255615234398
1991,3,30,2.84456787109377
1991,3,31,5.43435058593752
1991,4,1,5.45717773437502
1991,4,2,4.96102294921877
1991,4,3,4.33205566406252
1991,4,4,3.3985534667969
1991,4,5,2.0301452636719
1991,4,6,1.27248535156252
1991,4,7,3.61062011718752
1991,4,8,1.5832458496094
1991,4,9,2.48787841796877
1991,4,10,3.18718872070315
1991,4,11,2.65572509765627
1991,4,12,2.9443298339844
1991,4,13,2.10564575195315
1991,4,14,1.40749511718752
1991,4,15,1.89699707031252
1991,4,16,2.97426757812502
1991,4,17,2.09072265625002
1991,4,18,2.3671813964844
1991,4,19,5.15276489257815
1991,4,20,5.01397094726565
1991,4,21,5.1776062011719
1991,4,22,4.64333496093752
1991,4,23,5.14937744140627
1991,4,24,5.04403076171877
1991,4,25,5.2460876464844
1991,4,26,4.29146728515627
1991,4,27,3.1818786621094
1991,4,28,3.01128540039065
1991,4,29,3.04818115234377
1991,4,30,6.20589599609377
1991,5,1,5.52047119140627
1991,5,2,7.89266357421877
1991,5,3,9.10891113281252
1991,5,4,7.32000122070315
1991,5,5,7.77666625976565
1991,5,6,9.29708251953127
1991,5,7,10.1090026855469
1991,5,8,7.14873657226565
1991,5,9,6.52178344726565
1991,5,10,7.5493103027344
1991,5,11,9.12954101562502
1991,5,12,8.8917175292969
1991,5,13,9.58205566406252
1991,5,14,8.8939147949219
1991,5,15,10.286279296875
1991,5,16,11.2211547851563
1991,5,17,11.6377502441406
1991,5,18,8.9615417480469
1991,5,19,10.9009948730469
1991,5,20,13.8453002929688
1991,5,21,9.5275817871094
1991,5,22,10.8651977539063
1991,5,23,9.42733154296877
1991,5,24,10.4651123046875
1991,5,25,8.85479125976565
1991,5,26,7.28560791015627
1991,5,27,7.1877380371094
1991,5,28,8.00350341796877
1991,5,29,11.3805786132813
1991,5,30,9.1014343261719
1991,5,31,7.30080566406252
1991,6,1,8.3660827636719
1991,6,2,9.22112426757815
1991,6,3,9.2432800292969
1991,6,4,9.95754394531252
1991,6,5,11.3724304199219
1991,6,6,13.5463500976563
1991,6,7,14.3827758789063
1991,6,8,11.4125610351563
1991,6,9,11.016259765625
1991,6,10,12.3456359863281
1991,6,11,9.89275512695315
1991,6,12,10.6463562011719
1991,6,13,12.3877197265625
1991,6,14,13.1824890136719
1991,6,15,15.0473571777344
1991,6,16,15.149560546875
1991,6,17,15.4014526367188
1991,6,18,15.5455261230469
1991,6,19,16.7014709472656
1991,6,20,17.0512023925781
1991,6,21,11.9270874023438
1991,6,22,13.1898742675781
1991,6,23,14.0869995117188
1991,6,24,14.6174560546875
1991,6,25,14.2632080078125
1991,6,26,15.6891418457031
1991,6,27,15.8487487792969
1991,6,28,19.3383728027344
1991,6,29,21.028955078125
1991,6,30,17.9280944824219
1991,7,1,13.5518737792969
1991,7,2,13.2619567871094
1991,7,3,12.5129028320313
1991,7,4,13.5473876953125
1991,7,5,16.2029052734375
1991,7,6,17.8323303222656
1991,7,7,19.0825744628906
1991,7,8,19.7883850097656
1991,7,9,20.355615234375
1991,7,10,18.9251647949219
1991,7,11,17.4070983886719
1991,7,12,18.6333862304688
1991,7,13,19.68203125
1991,7,14,19.8505493164063
1991,7,15,20.7861877441406
1991,7,16,20.5557495117188
1991,7,17,16.6791320800781
1991,7,18,15.3991333007813
1991,7,19,16.2347961425781
1991,7,20,16.1562438964844
1991,7,21,16.7015930175781
1991,7,22,16.3732238769531
1991,7,23,14.6613403320313
1991,7,24,14.3807312011719
1991,7,25,13.9363952636719
1991,7,26,13.7331481933594
1991,7,27,14.3410278320313
1991,7,28,14.9768615722656
1991,7,29,16.1385437011719
1991,7,30,17.2549682617188
1991,7,31,18.1767211914063
1991,8,1,17.0459228515625
1991,8,2,17.128564453125
1991,8,3,17.3039184570313
1991,8,4,18.2340637207031
1991,8,5,19.2303100585938
1991,8,6,19.15712890625
1991,8,7,19.5859924316406
1991,8,8,19.3269592285156
1991,8,9,19.794580078125
1991,8,10,16.4629455566406
1991,8,11,15.8947692871094
1991,8,12,15.5400634765625
1991,8,13,14.0674682617188
1991,8,14,14.4929138183594
1991,8,15,16.1379943847656
1991,8,16,16.9392028808594
1991,8,17,17.8066650390625
1991,8,18,18.0356994628906
1991,8,19,16.8125244140625
1991,8,20,14.6644836425781
1991,8,21,15.4694152832031
1991,8,22,15.4973388671875
1991,8,23,17.3959594726563
1991,8,24,17.7509094238281
1991,8,25,12.9893737792969
1991,8,26,13.1369873046875
1991,8,27,14.42568359375
1991,8,28,16.9144836425781
1991,8,29,17.3733764648438
1991,8,30,18.9463745117188
1991,8,31,19.1905151367188
1991,9,1,19.6674743652344
1991,9,2,20.1241088867188
1991,9,3,16.500634765625
1991,9,4,18.513330078125
1991,9,5,19.0402465820313
1991,9,6,15.7329040527344
1991,9,7,15.2925659179688
1991,9,8,17.2778869628906
1991,9,9,16.9185424804688
1991,9,10,14.30458984375
1991,9,11,14.8518615722656
1991,9,12,14.9205261230469
1991,9,13,13.9675231933594
1991,9,14,13.7114196777344
1991,9,15,15.2631164550781
1991,9,16,17.6276489257813
1991,9,17,18.4381958007813
1991,9,18,13.9537902832031
1991,9,19,12.4168640136719
1991,9,20,12.5575500488281
1991,9,21,13.0165344238281
1991,9,22,16.3908325195313
1991,9,23,16.6433654785156
1991,9,24,14.6876770019531
1991,9,25,14.6436401367188
1991,9,26,13.8845153808594
1991,9,27,11.10634765625
1991,9,28,13.129296875
1991,9,29,14.9663330078125
1991,9,30,16.470849609375
1991,10,1,14.7552124023438
1991,10,2,9.95144042968752
1991,10,3,8.08635864257815
1991,10,4,7.39309082031252
1991,10,5,7.5170837402344
1991,10,6,10.6936279296875
1991,10,7,11.9328857421875
1991,10,8,11.4560485839844
1991,10,9,11.3852478027344
1991,10,10,12.09658203125
1991,10,11,11.6404968261719
1991,10,12,9.82659301757815
1991,10,13,11.0591979980469
1991,10,14,11.1773620605469
1991,10,15,10.6346984863281
1991,10,16,11.5956970214844
1991,10,17,11.3957458496094
1991,10,18,13.0699096679688
1991,10,19,12.4603820800781
1991,10,20,11.5617919921875
1991,10,21,9.32869873046877
1991,10,22,9.41262207031252
1991,10,23,10.7307067871094
1991,10,24,10.1868225097656
1991,10,25,8.8400817871094
1991,10,26,8.95198974609377
1991,10,27,9.81520996093752
1991,10,28,7.7341247558594
1991,10,29,5.2905212402344
1991,10,30,4.85878906250002
1991,10,31,7.5465026855469
1991,11,1,6.96392211914065
1991,11,2,5.47994384765627
1991,11,3,5.50722656250002
1991,11,4,5.74233398437502
1991,11,5,3.83187255859377
1991,11,6,4.27254638671877
1991,11,7,3.73293457031252
1991,11,8,8.20281372070315
1991,11,9,5.92998657226565
1991,11,10,3.79537353515627
1991,11,11,2.6408630371094
1991,11,12,2.81911621093752
1991,11,13,2.99166259765627
1991,11,14,6.15142211914065
1991,11,15,7.79085693359377
1991,11,16,6.88137207031252
1991,11,17,4.96621093750002
1991,11,18,3.88851318359377
1991,11,19,6.39809570312502
1991,11,20,4.09963378906252
1991,11,21,3.6861511230469
1991,11,22,3.33120117187502
1991,11,23,1.06743774414065
1991,11,24,-1.17703857421873
1991,11,25,-0.995703124999977
1991,11,26,-1.0754455566406
1991,11,27,-0.155462646484352
1991,11,28,0.0279174804687727
1991,11,29,-1.16828002929685
1991,11,30,0.260919189453148
1991,12,1,3.45513305664065
1991,12,2,3.96962890625002
1991,12,3,5.67427978515627
1991,12,4,3.81060180664065
1991,12,5,3.10247192382815
1991,12,6,3.42922363281252
1991,12,7,1.67669067382815
1991,12,8,0.990991210937523
1991,12,9,1.49941406250002
1991,12,10,3.01433715820315
1991,12,11,2.1632019042969
1991,12,12,8.07027587890627
1991,12,13,7.07204589843752
1991,12,14,4.18892822265627
1991,12,15,3.81990966796877
1991,12,16,1.0971618652344
1991,12,17,-0.289862060546852
1991,12,18,-1.6831115722656
1991,12,19,-2.30402221679685
1991,12,20,-0.388677978515602
1991,12,21,-0.402441406249977
1991,12,22,7.83281860351565
1991,12,23,3.7684265136719
1991,12,24,-0.136450195312477
1991,12,25,-1.69013061523435
1991,12,26,-2.30084838867185
1991,12,27,8.01943359375002
1991,12,28,8.49233398437502
1991,12,29,5.8795104980469
1991,12,30,0.844201660156273
1991,12,31,-0.983312988281227
1992,1,1,-1.8569396972656
1992,1,2,-2.75031127929685
1992,1,3,-3.0821594238281
1992,1,4,-2.17050781249998
1992,1,5,-2.01740112304685
1992,1,6,-2.52960815429685
1992,1,7,-2.01926269531248
1992,1,8,-0.453497314453102
1992,1,9,-1.43100585937498
1992,1,10,-3.85837402343748
1992,1,11,-3.12210693359373
1992,1,12,-5.3930725097656
1992,1,13,-7.56256713867185
1992,1,14,-0.0782226562499773
1992,1,15,1.44252929687502
1992,1,16,1.8402038574219
1992,1,17,4.31865844726565
1992,1,18,4.0445495605469
1992,1,19,7.31011352539065
1992,1,20,6.29360351562502
1992,1,21,4.52291259765627
1992,1,22,4.15645751953127
1992,1,23,4.77190551757815
1992,1,24,1.0478454589844
1992,1,25,-0.376196289062477
1992,1,26,-0.585516357421852
1992,1,27,2.1643005371094
1992,1,28,3.3498474121094
1992,1,29,1.12810668945315
1992,1,30,1.37148437500002
1992,1,31,1.33937988281252
1992,2,1,0.646508789062523
1992,2,2,5.55684814453127
1992,2,3,3.8994079589844
1992,2,4,8.16896972656252
1992,2,5,6.44484863281252
1992,2,6,2.62053833007815
1992,2,7,1.78756103515627
1992,2,8,4.14425048828127
1992,2,9,5.5076843261719
1992,2,10,5.1478210449219
1992,2,11,4.52547607421877
1992,2,12,1.39141235351565
1992,2,13,0.557336425781273
1992,2,14,0.577783203125023
1992,2,15,0.741448974609398
1992,2,16,3.99770507812502
1992,2,17,4.46700439453127
1992,2,18,2.3403259277344
1992,2,19,2.78688964843752
1992,2,20,5.81157836914065
1992,2,21,3.76934204101565
1992,2,22,4.8293395996094
1992,2,23,5.9194274902344
1992,2,24,3.53933105468752
1992,2,25,0.387170410156273
1992,2,26,-0.920050048828102
1992,2,27,-0.531469726562477
1992,2,28,2.11934814453127
1992,2,29,2.97524414062502
1992,3,1,4.4243103027344
1992,3,2,7.5452819824219
1992,3,3,9.20028076171877
1992,3,4,9.2593933105469
1992,3,5,8.37819824218752
1992,3,6,9.2465759277344
1992,3,7,9.69576416015627
1992,3,8,7.34905395507815
1992,3,9,9.50139770507815
1992,3,10,8.40007934570315
1992,3,11,4.95894775390627
1992,3,12,4.43923339843752
1992,3,13,3.08345947265627
1992,3,14,5.02620849609377
1992,3,15,3.21636352539065
1992,3,16,2.38552246093752
1992,3,17,1.7925964355469
1992,3,18,2.39510498046877
1992,3,19,2.81258544921877
1992,3,20,2.1031433105469
1992,3,21,-1.13446655273435
1992,3,22,-2.10013427734373
1992,3,23,0.148736572265648
1992,3,24,-1.40872802734373
1992,3,25,-1.3900207519531
1992,3,26,-1.95050659179685
1992,3,27,-1.0238098144531
1992,3,28,-0.00479736328122726
1992,3,29,0.282800292968773
1992,3,30,0.224023437500023
1992,3,31,-0.0925354003906023
1992,4,1,-1.15665283203123
1992,4,2,-2.1444152832031
1992,4,3,-1.8460754394531
1992,4,4,0.111230468750023
1992,4,5,2.00295410156252
1992,4,6,5.18633422851565
1992,4,7,6.25078735351565
1992,4,8,6.9294372558594
1992,4,9,5.7217956542969
1992,4,10,3.68093261718752
1992,4,11,2.0153747558594
1992,4,12,2.21526489257815
1992,4,13,2.66265258789065
1992,4,14,3.71126708984377
1992,4,15,4.59114990234377
1992,4,16,8.8593688964844
1992,4,17,11.5183044433594
1992,4,18,10.6842590332031
1992,4,19,8.84246215820315
1992,4,20,5.53969726562502
1992,4,21,5.69512329101565
1992,4,22,7.06044921875002
1992,4,23,7.78554687500002
1992,4,24,8.24837646484377
1992,4,25,11.0141235351563
1992,4,26,11.3959594726563
1992,4,27,10.6444641113281
1992,4,28,6.61971435546877
1992,4,29,7.8974548339844
1992,4,30,8.9426208496094
1992,5,1,10.4319091796875
1992,5,2,11.86220703125
1992,5,3,11.1673522949219
1992,5,4,11.0905700683594
1992,5,5,15.0761657714844
1992,5,6,17.7697998046875
1992,5,7,10.3605285644531
1992,5,8,7.54631958007815
1992,5,9,8.0823913574219
1992,5,10,7.0903259277344
1992,5,11,6.82244262695315
1992,5,12,7.55642089843752
1992,5,13,9.42147216796877
1992,5,14,9.53762207031252
1992,5,15,8.45501098632815
1992,5,16,8.12716064453127
1992,5,17,7.32601318359377
1992,5,18,8.26983032226565
1992,5,19,9.94768676757815
1992,5,20,15.8384033203125
1992,5,21,17.059228515625
1992,5,22,15.6520324707031
1992,5,23,16.4128051757813
1992,5,24,15.5096984863281
1992,5,25,13.6447082519531
1992,5,26,14.8110900878906
1992,5,27,16.6411376953125
1992,5,28,16.5032897949219
1992,5,29,13.3831115722656
1992,5,30,12.1851440429688
1992,5,31,9.64797363281252
1992,6,1,8.5709167480469
1992,6,2,8.96318969726565
1992,6,3,9.20986328125002
1992,6,4,9.20015869140627
1992,6,5,8.83675537109377
1992,6,6,10.8276306152344
1992,6,7,10.609033203125
1992,6,8,10.6442810058594
1992,6,9,10.4020324707031
1992,6,10,11.0315795898438
1992,6,11,10.7395874023438
1992,6,12,13.618798828125
1992,6,13,15.5132080078125
1992,6,14,16.6951538085938
1992,6,15,16.6168151855469
1992,6,16,13.9211364746094
1992,6,17,12.5566345214844
1992,6,18,13.0281921386719
1992,6,19,14.6905456542969
1992,6,20,17.6657348632813
1992,6,21,18.6519409179688
1992,6,22,18.1543518066406
1992,6,23,16.197412109375
1992,6,24,14.6902099609375
1992,6,25,13.8700805664063
1992,6,26,12.0463500976563
1992,6,27,12.3462158203125
1992,6,28,12.6182189941406
1992,6,29,13.4423461914063
1992,6,30,13.2878967285156
1992,7,1,13.3472839355469
1992,7,2,13.1978393554688
1992,7,3,13.52919921875
1992,7,4,13.470361328125
1992,7,5,12.6565185546875
1992,7,6,12.0922485351563
1992,7,7,13.7458435058594
1992,7,8,15.6608215332031
1992,7,9,15.3553100585938
1992,7,10,17.5803466796875
1992,7,11,16.5473266601563
1992,7,12,17.0974670410156
1992,7,13,17.3721557617188
1992,7,14,17.9253479003906
1992,7,15,17.5654541015625
1992,7,16,16.3291564941406
1992,7,17,14.8894897460938
1992,7,18,14.4235473632813
1992,7,19,14.1059509277344
1992,7,20,13.1245971679688
1992,7,21,13.6282897949219
1992,7,22,15.1413818359375
1992,7,23,13.1967102050781
1992,7,24,12.5658203125
1992,7,25,12.4021240234375
1992,7,26,12.0550170898438
1992,7,27,12.1671997070313
1992,7,28,14.60927734375
1992,7,29,15.3572937011719
1992,7,30,13.5407348632813
1992,7,31,14.3101745605469
1992,8,1,14.3395935058594
1992,8,2,13.4118591308594
1992,8,3,14.3573547363281
1992,8,4,15.9822021484375
1992,8,5,15.1868225097656
1992,8,6,16.2239013671875
1992,8,7,16.5477844238281
1992,8,8,16.1001831054688
1992,8,9,15.1226440429688
1992,8,10,15.5275207519531
1992,8,11,15.32412109375
1992,8,12,15.1564270019531
1992,8,13,18.2182556152344
1992,8,14,17.8790222167969
1992,8,15,15.1054016113281
1992,8,16,15.0951171875
1992,8,17,16.3585144042969
1992,8,18,18.5539794921875
1992,8,19,18.5510192871094
1992,8,20,13.8463989257813
1992,8,21,14.0766540527344
1992,8,22,15.215478515625
1992,8,23,17.159326171875
1992,8,24,14.5902038574219
1992,8,25,15.3490539550781
1992,8,26,16.6451965332031
1992,8,27,17.3692260742188
1992,8,28,18.0435729980469
1992,8,29,16.1245971679688
1992,8,30,14.1443420410156
1992,8,31,14.7544494628906
1992,9,1,16.2490173339844
1992,9,2,16.4987121582031
1992,9,3,17.5345092773438
1992,9,4,18.7246032714844
1992,9,5,19.1638732910156
1992,9,6,19.7424560546875
1992,9,7,19.0612731933594
1992,9,8,19.2314392089844
1992,9,9,17.9761901855469
1992,9,10,15.047998046875
1992,9,11,11.9876953125
1992,9,12,10.1233154296875
1992,9,13,12.2471557617188
1992,9,14,16.0982604980469
1992,9,15,17.1060729980469
1992,9,16,18.5955749511719
1992,9,17,14.7212463378906
1992,9,18,13.7211242675781
1992,9,19,13.3460327148438
1992,9,20,13.4755493164063
1992,9,21,14.750146484375
1992,9,22,15.0009094238281
1992,9,23,15.8021789550781
1992,9,24,16.969384765625
1992,9,25,17.8149047851563
1992,9,26,17.12490234375
1992,9,27,15.5939270019531
1992,9,28,14.3864990234375
1992,9,29,15.3173156738281
1992,9,30,14.077783203125
1992,10,1,12.5753723144531
1992,10,2,11.6477294921875
1992,10,3,12.4030700683594
1992,10,4,11.0082946777344
1992,10,5,11.0381408691406
1992,10,6,10.1786437988281
1992,10,7,9.43728027343752
1992,10,8,7.9582458496094
1992,10,9,8.7874694824219
1992,10,10,9.25356445312502
1992,10,11,7.86495361328127
1992,10,12,7.5786071777344
1992,10,13,6.52272949218752
1992,10,14,5.6839538574219
1992,10,15,5.42061767578127
1992,10,16,5.8624206542969
1992,10,17,6.36171875000002
1992,10,18,8.89278564453127
1992,10,19,8.82171020507815
1992,10,20,5.9433532714844
1992,10,21,4.07268676757815
1992,10,22,4.46840820312502
1992,10,23,3.07845458984377
1992,10,24,5.2862487792969
1992,10,25,7.06685791015627
1992,10,26,7.50261840820315
1992,10,27,6.60561523437502
1992,10,28,4.37835083007815
1992,10,29,2.3364196777344
1992,10,30,1.79256591796877
1992,10,31,3.34078369140627
1992,11,1,5.35177001953127
1992,11,2,5.25399169921877
1992,11,3,3.8621765136719
1992,11,4,3.88970336914065
1992,11,5,6.1020446777344
1992,11,6,7.9201599121094
1992,11,7,8.30404052734377
1992,11,8,6.4819274902344
1992,11,9,7.06450805664065
1992,11,10,5.8590026855469
1992,11,11,6.63863525390627
1992,11,12,4.39150390625002
1992,11,13,0.278405761718773
1992,11,14,1.09291992187502
1992,11,15,3.7819763183594
1992,11,16,5.54067382812502
1992,11,17,5.86867675781252
1992,11,18,5.49355468750002
1992,11,19,3.07705078125002
1992,11,20,4.8262878417969
1992,11,21,3.10659179687502
1992,11,22,3.3727966308594
1992,11,23,4.29964599609377
1992,11,24,3.3024841308594
1992,11,25,2.48153076171877
1992,11,26,1.84392700195315
1992,11,27,5.50521240234377
1992,11,28,5.13970336914065
1992,11,29,5.41408691406252
1992,11,30,2.0654235839844
1992,12,1,1.63555297851565
1992,12,2,2.21563110351565
1992,12,3,1.57985839843752
1992,12,4,-1.05307617187498
1992,12,5,0.0201660156250227
1992,12,6,-0.245977783203102
1992,12,7,1.24404296875002
1992,12,8,2.4387145996094
1992,12,9,5.85268554687502
1992,12,10,1.31789550781252
1992,12,11,1.5668884277344
1992,12,12,0.376123046875023
1992,12,13,1.07503662109377
1992,12,14,-0.0631469726562273
1992,12,15,0.153344726562523
1992,12,16,1.40047607421877
1992,12,17,3.33696899414065
1992,12,18,3.27834472656252
1992,12,19,1.50509033203127
1992,12,20,2.2243591308594
1992,12,21,2.48772583007815
1992,12,22,1.65133056640627
1992,12,23,0.861566162109398
1992,12,24,2.25570068359377
1992,12,25,1.47734985351565
1992,12,26,-0.261694335937477
1992,12,27,-1.92340698242185
1992,12,28,-1.54074707031248
1992,12,29,-3.17642822265623
1992,12,30,-5.56625976562498
1992,12,31,-2.06564941406248
1993,1,1,0.503564453125023
1993,1,2,0.137322998046898
1993,1,3,-1.21744384765623
1993,1,4,-1.4680236816406
1993,1,5,-5.50589599609373
1993,1,6,-7.5214904785156
1993,1,7,-8.03470458984373
1993,1,8,-0.271063232421852
1993,1,9,0.971093750000023
1993,1,10,0.579522705078148
1993,1,11,4.77715454101565
1993,1,12,0.726220703125023
1993,1,13,0.0239807128906477
1993,1,14,0.471978759765648
1993,1,15,-0.302282714843727
1993,1,16,-1.5935119628906
1993,1,17,-1.76627197265623
1993,1,18,-1.72135009765623
1993,1,19,-1.95453491210935
1993,1,20,2.83724365234377
1993,1,21,1.10585937500002
1993,1,22,1.2053161621094
1993,1,23,5.5377136230469
1993,1,24,5.42852172851565
1993,1,25,-0.102087402343727
1993,1,26,0.514672851562523
1993,1,27,0.945855712890648
1993,1,28,0.823693847656273
1993,1,29,1.34243164062502
1993,1,30,-0.485357666015602
1993,1,31,2.28005371093752
1993,2,1,0.675927734375023
1993,2,2,3.43059692382815
1993,2,3,4.64763793945315
1993,2,4,5.30709228515627
1993,2,5,2.21465454101565
1993,2,6,1.12191162109377
1993,2,7,3.3925720214844
1993,2,8,0.252770996093773
1993,2,9,-1.4863342285156
1993,2,10,0.595483398437523
1993,2,11,-0.180883789062477
1993,2,12,-2.73810424804685
1993,2,13,-1.36789550781248
1993,2,14,-0.451483154296852
1993,2,15,-1.47122802734373
1993,2,16,-0.271490478515602
1993,2,17,-0.304602050781227
1993,2,18,-0.657873535156227
1993,2,19,-0.843634033203102
1993,2,20,-2.0285705566406
1993,2,21,-1.17673339843748
1993,2,22,1.28463134765627
1993,2,23,1.76046142578127
1993,2,24,1.74813232421877
1993,2,25,0.435876464843773
1993,2,26,0.549310302734398
1993,2,27,-1.48615112304685
1993,2,28,-0.133642578124977
1993,3,1,3.33327636718752
1993,3,2,0.628533935546898
1993,3,3,1.07772216796877
1993,3,4,1.43438110351565
1993,3,5,3.76479492187502
1993,3,6,3.33318481445315
1993,3,7,3.71184692382815
1993,3,8,7.13350830078127
1993,3,9,5.74697265625002
1993,3,10,3.44228515625002
1993,3,11,4.87044677734377
1993,3,12,5.44283447265627
1993,3,13,4.62420043945315
1993,3,14,5.85177001953127
1993,3,15,5.52370605468752
1993,3,16,6.48256835937502
1993,3,17,4.62337646484377
1993,3,18,2.89333496093752
1993,3,19,1.3624206542969
1993,3,20,0.670495605468773
1993,3,21,6.23308715820315
1993,3,22,6.36196289062502
1993,3,23,5.33501586914065
1993,3,24,4.18166503906252
1993,3,25,5.50420532226565
1993,3,26,6.10076293945315
1993,3,27,9.21309814453127
1993,3,28,10.238916015625
1993,3,29,11.8207946777344
1993,3,30,6.18767700195315
1993,3,31,5.1774841308594
1993,4,1,5.09063110351565
1993,4,2,5.60842285156252
1993,4,3,7.4875427246094
1993,4,4,3.63894042968752
1993,4,5,4.39443359375002
1993,4,6,4.41536865234377
1993,4,7,4.40291748046877
1993,4,8,3.61831054687502
1993,4,9,3.9163757324219
1993,4,10,5.40358886718752
1993,4,11,6.32964477539065
1993,4,12,6.06813964843752
1993,4,13,5.48308715820315
1993,4,14,6.23433837890627
1993,4,15,8.02291259765627
1993,4,16,4.76140747070315
1993,4,17,-0.217657470703102
1993,4,18,-0.437597656249977
1993,4,19,0.609155273437523
1993,4,20,2.66814575195315
1993,4,21,3.34722290039065
1993,4,22,3.7540222167969
1993,4,23,4.66555175781252
1993,4,24,5.19747314453127
1993,4,25,5.53679809570315
1993,4,26,5.32674560546877
1993,4,27,1.43911132812502
1993,4,28,1.45940551757815
1993,4,29,3.05831298828127
1993,4,30,1.97719726562502
1993,5,1,2.22585449218752
1993,5,2,3.60299072265627
1993,5,3,5.90639648437502
1993,5,4,7.60225830078127
1993,5,5,5.39467773437502
1993,5,6,6.38823852539065
1993,5,7,9.07680664062502
1993,5,8,10.7051635742188
1993,5,9,10.0620666503906
1993,5,10,8.24089965820315
1993,5,11,8.33583984375002
1993,5,12,9.51030883789065
1993,5,13,9.6815124511719
1993,5,14,12.1194091796875
1993,5,15,14.2754150390625
1993,5,16,12.6744934082031
1993,5,17,10.7520690917969
1993,5,18,10.0610595703125
1993,5,19,10.4105163574219
1993,5,20,10.4318176269531
1993,5,21,10.8289733886719
1993,5,22,10.3820739746094
1993,5,23,9.30071411132815
1993,5,24,7.12127075195315
1993,5,25,4.65593872070315
1993,5,26,4.25374755859377
1993,5,27,5.26558837890627
1993,5,28,8.70699462890627
1993,5,29,10.1246276855469
1993,5,30,6.7076354980469
1993,5,31,6.5975280761719
1993,6,1,7.20256958007815
1993,6,2,7.77852783203127
1993,6,3,9.7112976074219
1993,6,4,10.8225952148438
1993,6,5,9.81728515625002
1993,6,6,10.3060241699219
1993,6,7,10.7700134277344
1993,6,8,10.4485412597656
1993,6,9,9.7161804199219
1993,6,10,10.3717590332031
1993,6,11,12.2341857910156
1993,6,12,12.5886474609375
1993,6,13,11.4418884277344
1993,6,14,12.6606994628906
1993,6,15,10.8667541503906
1993,6,16,12.1019226074219
1993,6,17,15.2984558105469
1993,6,18,16.2238708496094
1993,6,19,16.3742309570313
1993,6,20,15.041650390625
1993,6,21,15.4264465332031
1993,6,22,13.8992248535156
1993,6,23,12.2258544921875
1993,6,24,11.4109130859375
1993,6,25,11.0624938964844
1993,6,26,10.8125854492188
1993,6,27,10.9705139160156
1993,6,28,11.0175109863281
1993,6,29,13.72744140625
1993,6,30,15.6121154785156
1993,7,1,16.6686340332031
1993,7,2,17.6867614746094
1993,7,3,19.4742980957031
1993,7,4,18.513818359375
1993,7,5,16.3894592285156
1993,7,6,15.3976684570313
1993,7,7,14.4521728515625
1993,7,8,15.1468139648438
1993,7,9,18.0843139648438
1993,7,10,20.6557556152344
1993,7,11,22.0218139648438
1993,7,12,21.349267578125
1993,7,13,17.4302307128906
1993,7,14,15.7665649414063
1993,7,15,16.3004089355469
1993,7,16,16.9951416015625
1993,7,17,18.930810546875
1993,7,18,18.3547912597656
1993,7,19,15.8911682128906
1993,7,20,14.533349609375
1993,7,21,14.830224609375
1993,7,22,15.8566223144531
1993,7,23,15.0389038085938
1993,7,24,15.1000610351563
1993,7,25,16.6646362304688
1993,7,26,18.4787231445313
1993,7,27,13.5622192382813
1993,7,28,14.3967529296875
1993,7,29,14.8326965332031
1993,7,30,14.2575317382813
1993,7,31,15.2462097167969
1993,8,1,16.3124938964844
1993,8,2,15.9155822753906
1993,8,3,14.0135131835938
1993,8,4,14.085107421875
1993,8,5,14.5809875488281
1993,8,6,16.7853332519531
1993,8,7,17.3799072265625
1993,8,8,15.098291015625
1993,8,9,16.3149353027344
1993,8,10,16.2289978027344
1993,8,11,13.8843627929688
1993,8,12,12.883935546875
1993,8,13,12.5167785644531
1993,8,14,13.5775390625
1993,8,15,13.5645080566406
1993,8,16,13.31337890625
1993,8,17,15.908837890625
1993,8,18,13.5584045410156
1993,8,19,12.7182250976563
1993,8,20,12.784814453125
1993,8,21,12.69765625
1993,8,22,13.2429748535156
1993,8,23,14.9261108398438
1993,8,24,16.6730285644531
1993,8,25,16.7251220703125
1993,8,26,15.3920532226563
1993,8,27,15.484033203125
1993,8,28,15.7161804199219
1993,8,29,15.355126953125
1993,8,30,15.4683776855469
1993,8,31,17.6957946777344
1993,9,1,15.4482055664063
1993,9,2,13.4346557617188
1993,9,3,13.3781982421875
1993,9,4,13.1211791992188
1993,9,5,11.3813415527344
1993,9,6,12.3565002441406
1993,9,7,14.2740112304688
1993,9,8,13.3044677734375
1993,9,9,12.1684509277344
1993,9,10,12.1768432617188
1993,9,11,11.518212890625
1993,9,12,10.7792297363281
1993,9,13,12.5797668457031
1993,9,14,14.7595764160156
1993,9,15,14.2071472167969
1993,9,16,11.6062255859375
1993,9,17,11.0563598632813
1993,9,18,15.3057495117188
1993,9,19,16.5933471679688
1993,9,20,15.8646179199219
1993,9,21,15.1223693847656
1993,9,22,18.0300231933594
1993,9,23,15.0759216308594
1993,9,24,14.0039001464844
1993,9,25,15.2619567871094
1993,9,26,15.7985778808594
1993,9,27,17.3457580566406
1993,9,28,17.4292846679688
1993,9,29,18.44326171875
1993,9,30,16.0120178222656
1993,10,1,11.0221801757813
1993,10,2,9.14739379882815
1993,10,3,11.0290771484375
1993,10,4,9.04934082031252
1993,10,5,7.42763671875002
1993,10,6,5.8580261230469
1993,10,7,9.22051391601565
1993,10,8,9.7529235839844
1993,10,9,9.50203857421877
1993,10,10,10.2294860839844
1993,10,11,7.63527832031252
1993,10,12,6.1542907714844
1993,10,13,6.55776367187502
1993,10,14,9.29702148437502
1993,10,15,8.73528442382815
1993,10,16,8.07073364257815
1993,10,17,8.15541992187502
1993,10,18,8.06389770507815
1993,10,19,7.9155212402344
1993,10,20,7.0497985839844
1993,10,21,6.74529418945315
1993,10,22,6.31008300781252
1993,10,23,5.8470397949219
1993,10,24,6.87905273437502
1993,10,25,7.22063598632815
1993,10,26,8.6733337402344
1993,10,27,8.3789001464844
1993,10,28,6.97738037109377
1993,10,29,8.55608520507815
1993,10,30,7.3649841308594
1993,10,31,7.45638427734377
1993,11,1,8.12777099609377
1993,11,2,5.26210937500002
1993,11,3,3.94634399414065
1993,11,4,2.85173950195315
1993,11,5,1.07964477539065
1993,11,6,1.25737915039065
1993,11,7,-0.0278991699218523
1993,11,8,0.564111328125023
1993,11,9,-0.467474365234352
1993,11,10,1.04729614257815
1993,11,11,1.2795349121094
1993,11,12,4.94439086914065
1993,11,13,4.04058227539065
1993,11,14,2.99849853515627
1993,11,15,2.38314208984377
1993,11,16,0.426873779296898
1993,11,17,-0.693975830078102
1993,11,18,-1.43585815429685
1993,11,19,-0.469763183593727
1993,11,20,0.907861328125023
1993,11,21,1.31035766601565
1993,11,22,4.1474548339844
1993,11,23,7.20217285156252
1993,11,24,7.07851562500002
1993,11,25,5.92019042968752
1993,11,26,2.47121582031252
1993,11,27,5.6683288574219
1993,11,28,6.76180419921877
1993,11,29,2.46206054687502
1993,11,30,1.60506591796877
1993,12,1,0.557275390625023
1993,12,2,2.63601074218752
1993,12,3,2.71914062500002
1993,12,4,4.15950927734377
1993,12,5,2.74691162109377
1993,12,6,2.1771179199219
1993,12,7,2.1673522949219
1993,12,8,3.6274353027344
1993,12,9,5.39187011718752
1993,12,10,5.76284179687502
1993,12,11,3.50344238281252
1993,12,12,6.9725280761719
1993,12,13,3.9811950683594
1993,12,14,1.63387451171877
1993,12,15,2.7982116699219
1993,12,16,3.16170654296877
1993,12,17,1.85286865234377
1993,12,18,-2.14890136718748
1993,12,19,0.790826416015648
1993,12,20,0.416131591796898
1993,12,21,2.00127563476565
1993,12,22,2.99053344726565
1993,12,23,2.20559082031252
1993,12,24,1.62386474609377
1993,12,25,-0.0543579101562273
1993,12,26,-1.6005920410156
1993,12,27,1.13945922851565
1993,12,28,-0.952642822265602
1993,12,29,-2.15631713867185
1993,12,30,-3.9845031738281
1993,12,31,-2.77670898437498
1994,1,1,-3.19229736328123
1994,1,2,-2.21195068359373
1994,1,3,-4.30911865234373
1994,1,4,-2.34958496093748
1994,1,5,-1.38703002929685
1994,1,6,-2.49698486328123
1994,1,7,-3.6346496582031
1994,1,8,-5.35629882812498
1994,1,9,-5.49103393554685
1994,1,10,-1.48749389648435
1994,1,11,1.8727966308594
1994,1,12,4.5425964355469
1994,1,13,1.33944091796877
1994,1,14,0.168481445312523
1994,1,15,4.33034667968752
1994,1,16,4.01210937500002
1994,1,17,3.70144042968752
1994,1,18,2.28133544921877
1994,1,19,4.72197875976565
1994,1,20,2.56307373046877
1994,1,21,-0.00168457031247726
1994,1,22,-1.26260986328123
1994,1,23,-1.16925659179685
1994,1,24,-0.734167480468727
1994,1,25,4.6945739746094
1994,1,26,0.377160644531273
1994,1,27,-1.9366516113281
1994,1,28,-2.6350158691406
1994,1,29,-0.236181640624977
1994,1,30,0.411645507812523
1994,1,31,2.18331298828127
1994,2,1,0.116967773437523
1994,2,2,-0.123358154296852
1994,2,3,2.83760986328127
1994,2,4,1.4853454589844
1994,2,5,-1.1063293457031
1994,2,6,-1.6104797363281
1994,2,7,-1.37869873046873
1994,2,8,-2.34345092773435
1994,2,9,0.517602539062523
1994,2,10,2.45327148437502
1994,2,11,1.57790527343752
1994,2,12,0.0638671875000227
1994,2,13,-0.341406249999977
1994,2,14,-0.761785888671852
1994,2,15,2.41140136718752
1994,2,16,4.0212341308594
1994,2,17,3.29329833984377
1994,2,18,1.51271972656252
1994,2,19,-1.79813232421873
1994,2,20,-1.3542541503906
1994,2,21,0.367272949218773
1994,2,22,1.4410339355469
1994,2,23,0.887933349609398
1994,2,24,3.27626953125002
1994,2,25,2.42049560546877
1994,2,26,1.87764892578127
1994,2,27,1.99395141601565
1994,2,28,2.12484130859377
1994,3,1,1.39205322265627
1994,3,2,-0.404821777343727
1994,3,3,0.377404785156273
1994,3,4,0.265130615234398
1994,3,5,0.627709960937523
1994,3,6,0.105279541015648
1994,3,7,0.217675781250023
1994,3,8,-0.791174316406227
1994,3,9,-2.07120361328123
1994,3,10,-3.42972412109373
1994,3,11,-4.62027587890623
1994,3,12,-2.33331909179685
1994,3,13,-1.71210327148435
1994,3,14,-2.52084960937498
1994,3,15,-3.34793701171873
1994,3,16,-1.65158691406248
1994,3,17,0.0508972167968977
1994,3,18,0.832635498046898
1994,3,19,3.04534301757815
1994,3,20,2.47042236328127
1994,3,21,-0.980841064453102
1994,3,22,-3.49332275390623
1994,3,23,-1.98489990234373
1994,3,24,-0.877600097656227
1994,3,25,-0.441168212890602
1994,3,26,0.992913818359398
1994,3,27,5.0504089355469
1994,3,28,4.23208007812502
1994,3,29,3.19130859375002
1994,3,30,5.48073730468752
1994,3,31,4.80422363281252
1994,4,1,4.00493774414065
1994,4,2,4.46633300781252
1994,4,3,3.50765380859377
1994,4,4,3.5446716308594
1994,4,5,2.8702331542969
1994,4,6,1.58571777343752
1994,4,7,3.21819458007815
1994,4,8,2.69057617187502
1994,4,9,2.96676025390627
1994,4,10,4.8576599121094
1994,4,11,8.17983398437502
1994,4,12,7.07985839843752
1994,4,13,4.84114990234377
1994,4,14,4.05095825195315
1994,4,15,4.3607116699219
1994,4,16,4.35711059570315
1994,4,17,3.68837890625002
1994,4,18,4.54537353515627
1994,4,19,3.14003906250002
1994,4,20,1.6019226074219
1994,4,21,-0.566229248046852
1994,4,22,-1.36594238281248
1994,4,23,-0.982794189453102
1994,4,24,-0.294134521484352
1994,4,25,0.970666503906273
1994,4,26,4.62728271484377
1994,4,27,4.3747497558594
1994,4,28,3.09136352539065
1994,4,29,2.50136718750002
1994,4,30,2.60494384765627
1994,5,1,2.90706787109377
1994,5,2,2.92446289062502
1994,5,3,6.0607849121094
1994,5,4,6.31234130859377
1994,5,5,6.09209594726565
1994,5,6,5.24904785156252
1994,5,7,4.2626892089844
1994,5,8,3.39138183593752
1994,5,9,3.04863891601565
1994,5,10,3.8553405761719
1994,5,11,3.70430908203127
1994,5,12,4.28994140625002
1994,5,13,4.67330322265627
1994,5,14,4.7403503417969
1994,5,15,5.64785156250002
1994,5,16,5.8367858886719
1994,5,17,6.49892578125002
1994,5,18,8.7637878417969
1994,5,19,10.3532348632813
1994,5,20,9.36519775390627
1994,5,21,10.7822509765625
1994,5,22,13.0487915039063
1994,5,23,13.4714599609375
1994,5,24,12.1831298828125
1994,5,25,9.40364990234377
1994,5,26,10.5175109863281
1994,5,27,10.9692626953125
1994,5,28,9.3071228027344
1994,5,29,10.1534973144531
1994,5,30,11.5626770019531
1994,5,31,13.128076171875
1994,6,1,13.1978698730469
1994,6,2,11.4887939453125
1994,6,3,11.9383178710938
1994,6,4,12.0553527832031
1994,6,5,16.1738525390625
1994,6,6,19.2898193359375
1994,6,7,15.4541870117188
1994,6,8,11.5955749511719
1994,6,9,10.2062927246094
1994,6,10,11.0220275878906
1994,6,11,10.599267578125
1994,6,12,11.2170043945313
1994,6,13,11.8255859375
1994,6,14,12.4366394042969
1994,6,15,12.7396484375
1994,6,16,13.9111572265625
1994,6,17,16.8671508789063
1994,6,18,19.3918090820313
1994,6,19,21.0628295898438
1994,6,20,17.0917297363281
1994,6,21,9.78627929687502
1994,6,22,10.7304931640625
1994,6,23,14.4603820800781
1994,6,24,18.0005737304688
1994,6,25,16.8015075683594
1994,6,26,12.2664428710938
1994,6,27,11.2514587402344
1994,6,28,11.9208923339844
1994,6,29,12.448388671875
1994,6,30,11.2999206542969
1994,7,1,11.3273559570313
1994,7,2,14.3976684570313
1994,7,3,15.812158203125
1994,7,4,15.1621032714844
1994,7,5,15.88076171875
1994,7,6,16.2284790039063
1994,7,7,17.9237609863281
1994,7,8,16.3132568359375
1994,7,9,19.9837585449219
1994,7,10,14.7354370117188
1994,7,11,14.7856079101563
1994,7,12,15.8174682617188
1994,7,13,17.0349975585938
1994,7,14,17.0644470214844
1994,7,15,18.5012451171875
1994,7,16,19.6411376953125
1994,7,17,20.3415771484375
1994,7,18,20.3808837890625
1994,7,19,20.0614868164063
1994,7,20,18.3090759277344
1994,7,21,14.74306640625
1994,7,22,14.7505432128906
1994,7,23,14.3664489746094
1994,7,24,14.6963134765625
1994,7,25,14.030419921875
1994,7,26,13.8676086425781
1994,7,27,15.1044250488281
1994,7,28,16.7833190917969
1994,7,29,18.9420715332031
1994,7,30,21.1051879882813
1994,7,31,21.1586242675781
1994,8,1,20.5778442382813
1994,8,2,20.6937194824219
1994,8,3,21.4547058105469
1994,8,4,19.8041320800781
1994,8,5,18.6476379394531
1994,8,6,20.235009765625
1994,8,7,15.6804138183594
1994,8,8,15.3466430664063
1994,8,9,14.01943359375
1994,8,10,13.9864440917969
1994,8,11,13.1076904296875
1994,8,12,13.6807495117188
1994,8,13,13.6118408203125
1994,8,14,13.9471069335938
1994,8,15,15.3422790527344
1994,8,16,15.9222961425781
1994,8,17,14.4435363769531
1994,8,18,14.0721374511719
1994,8,19,14.6112609863281
1994,8,20,14.708154296875
1994,8,21,13.9932495117188
1994,8,22,15.0859924316406
1994,8,23,16.4210754394531
1994,8,24,17.6884704589844
1994,8,25,17.7124267578125
1994,8,26,15.7291809082031
1994,8,27,15.2917114257813
1994,8,28,13.8240295410156
1994,8,29,14.2015930175781
1994,8,30,14.1697326660156
1994,8,31,14.1671691894531
1994,9,1,14.5840393066406
1994,9,2,15.035546875
1994,9,3,14.3519226074219
1994,9,4,14.7878967285156
1994,9,5,13.1790100097656
1994,9,6,13.0794006347656
1994,9,7,15.1078125
1994,9,8,14.1047607421875
1994,9,9,15.4298950195313
1994,9,10,15.5801940917969
1994,9,11,14.4213195800781
1994,9,12,14.8212524414063
1994,9,13,13.02822265625
1994,9,14,14.4459167480469
1994,9,15,14.6355224609375
1994,9,16,11.9316955566406
1994,9,17,11.7746520996094
1994,9,18,12.4226013183594
1994,9,19,11.5539794921875
1994,9,20,11.324853515625
1994,9,21,11.2831970214844
1994,9,22,12.1709228515625
1994,9,23,12.178369140625
1994,9,24,11.8081604003906
1994,9,25,10.7574096679688
1994,9,26,10.7383056640625
1994,9,27,10.04677734375
1994,9,28,9.90578613281252
1994,9,29,9.39272460937502
1994,9,30,9.7517028808594
1994,10,1,13.1960998535156
1994,10,2,14.5737854003906
1994,10,3,11.1004272460938
1994,10,4,12.1580749511719
1994,10,5,12.716455078125
1994,10,6,12.7083068847656
1994,10,7,10.9036499023438
1994,10,8,9.8654724121094
1994,10,9,9.79500732421877
1994,10,10,8.6127868652344
1994,10,11,7.74569091796877
1994,10,12,8.59966430664065
1994,10,13,8.97088012695315
1994,10,14,10.7933288574219
1994,10,15,12.8545776367188
1994,10,16,13.1797424316406
1994,10,17,13.2553955078125
1994,10,18,11.2825561523438
1994,10,19,10.2648254394531
1994,10,20,9.76265869140627
1994,10,21,9.0650573730469
1994,10,22,8.3132263183594
1994,10,23,6.6238952636719
1994,10,24,3.38079223632815
1994,10,25,1.39983520507815
1994,10,26,5.14687500000002
1994,10,27,7.87532958984377
1994,10,28,6.81231079101565
1994,10,29,8.2913757324219
1994,10,30,8.6618591308594
1994,10,31,10.0639587402344
1994,11,1,10.4808288574219
1994,11,2,10.0157104492188
1994,11,3,7.57259521484377
1994,11,4,7.14742431640627
1994,11,5,6.40932617187502
1994,11,6,5.28701171875002
1994,11,7,7.49556884765627
1994,11,8,6.94341430664065
1994,11,9,5.6943298339844
1994,11,10,5.00417480468752
1994,11,11,1.56731567382815
1994,11,12,0.945855712890648
1994,11,13,3.18544921875002
1994,11,14,3.6940856933594
1994,11,15,1.83074340820315
1994,11,16,3.26900634765627
1994,11,17,3.16945800781252
1994,11,18,4.03408203125002
1994,11,19,2.83611450195315
1994,11,20,3.3299499511719
1994,11,21,2.48024902343752
1994,11,22,2.71843872070315
1994,11,23,0.0530334472656477
1994,11,24,-0.650518798828102
1994,11,25,1.72512207031252
1994,11,26,1.5792175292969
1994,11,27,-0.794470214843727
1994,11,28,-2.50296630859373
1994,11,29,-4.05789794921873
1994,11,30,-5.87619628906248
1994,12,1,-4.48544921874998
1994,12,2,-1.20804443359373
1994,12,3,-2.19785156249998
1994,12,4,0.404290771484398
1994,12,5,-0.559667968749977
1994,12,6,-3.2536682128906
1994,12,7,-4.63178100585935
1994,12,8,-4.21991577148435
1994,12,9,-2.6521057128906
1994,12,10,2.37346801757815
1994,12,11,4.22561035156252
1994,12,12,2.47530517578127
1994,12,13,1.97231445312502
1994,12,14,1.65984497070315
1994,12,15,1.57863769531252
1994,12,16,4.55025634765627
1994,12,17,5.01082763671877
1994,12,18,4.57082519531252
1994,12,19,7.64132080078127
1994,12,20,7.47133789062502
1994,12,21,5.36361083984377
1994,12,22,4.53423461914065
1994,12,23,4.4504333496094
1994,12,24,5.7694030761719
1994,12,25,4.49227294921877
1994,12,26,2.25249633789065
1994,12,27,2.66463623046877
1994,12,28,0.171289062500023
1994,12,29,-1.8358215332031
1994,12,30,-5.0003723144531
1994,12,31,-4.6695617675781
1995,1,1,-3.46805419921873
1995,1,2,-4.35404052734373
1995,1,3,-3.71259155273435
1995,1,4,-1.7628234863281
1995,1,5,0.115655517578148
1995,1,6,-0.0270446777343523
1995,1,7,0.321038818359398
1995,1,8,0.446313476562523
1995,1,9,-1.05707397460935
1995,1,10,-3.44034423828123
1995,1,11,-1.77030029296873
1995,1,12,-3.63205566406248
1995,1,13,-6.12970581054685
1995,1,14,-7.29019775390623
1995,1,15,-7.63944091796873
1995,1,16,-7.8446105957031
1995,1,17,-8.71613159179685
1995,1,18,-7.05975952148435
1995,1,19,-5.90158691406248
1995,1,20,-3.72833862304685
1995,1,21,-1.81711425781248
1995,1,22,-4.19196166992185
1995,1,23,-4.22147216796873
1995,1,24,-1.65582885742185
1995,1,25,-0.696478271484352
1995,1,26,-2.5981506347656
1995,1,27,-6.11142578124998
1995,1,28,-7.02701416015623
1995,1,29,-7.36917724609373
1995,1,30,-6.86423339843748
1995,1,31,-5.08957519531248
1995,2,1,-6.58490600585935
1995,2,2,-7.1776184082031
1995,2,3,-1.74078979492185
1995,2,4,-2.6096252441406
1995,2,5,-0.566839599609352
1995,2,6,0.00628051757814774
1995,2,7,-1.98847045898435
1995,2,8,-4.3905090332031
1995,2,9,-2.99381103515623
1995,2,10,-3.85016479492185
1995,2,11,-6.89688720703123
1995,2,12,-6.46390380859373
1995,2,13,-2.87326660156248
1995,2,14,1.01339111328127
1995,2,15,2.46846923828127
1995,2,16,-0.316290283203102
1995,2,17,-2.80365600585935
1995,2,18,-5.13577880859373
1995,2,19,-7.8215393066406
1995,2,20,-7.0875305175781
1995,2,21,-7.85114135742185
1995,2,22,-5.75397338867185
1995,2,23,-4.01846923828123
1995,2,24,-1.89606323242185
1995,2,25,-1.34039916992185
1995,2,26,-1.54855957031248
1995,2,27,-2.70099487304685
1995,2,28,-2.43247070312498
1995,3,1,-1.79453124999998
1995,3,2,-3.1479553222656
1995,3,3,-4.26187744140623
1995,3,4,-4.8546203613281
1995,3,5,-5.14713134765623
1995,3,6,-6.12909545898435
1995,3,7,0.887170410156273
1995,3,8,3.21798095703127
1995,3,9,4.5301452636719
1995,3,10,5.40035400390627
1995,3,11,5.17400512695315
1995,3,12,3.9755798339844
1995,3,13,5.78493652343752
1995,3,14,4.08895263671877
1995,3,15,2.80800781250002
1995,3,16,3.05544433593752
1995,3,17,0.747918701171898
1995,3,18,-1.99094238281248
1995,3,19,0.794061279296898
1995,3,20,2.11007080078127
1995,3,21,2.02922973632815
1995,3,22,0.140710449218773
1995,3,23,0.410180664062523
1995,3,24,3.55684814453127
1995,3,25,3.61589965820315
1995,3,26,2.03542480468752
1995,3,27,5.64998779296877
1995,3,28,5.38985595703127
1995,3,29,4.31636962890627
1995,3,30,2.04287109375002
1995,3,31,1.49831542968752
1995,4,1,2.4456726074219
1995,4,2,0.0836425781250227
1995,4,3,-1.24210205078123
1995,4,4,-1.0799621582031
1995,4,5,1.79427490234377
1995,4,6,2.65899047851565
1995,4,7,6.75765380859377
1995,4,8,5.4501892089844
1995,4,9,4.47860107421877
1995,4,10,4.2592712402344
1995,4,11,4.7398620605469
1995,4,12,4.20656738281252
1995,4,13,4.2116638183594
1995,4,14,3.33391723632815
1995,4,15,6.17571411132815
1995,4,16,6.03927001953127
1995,4,17,5.00164184570315
1995,4,18,7.51918945312502
1995,4,19,8.7043395996094
1995,4,20,8.4606872558594
1995,4,21,4.98482666015627
1995,4,22,5.84792480468752
1995,4,23,5.87111816406252
1995,4,24,4.7799011230469
1995,4,25,7.74123535156252
1995,4,26,9.87996826171877
1995,4,27,7.05401000976565
1995,4,28,8.67092285156252
1995,4,29,8.88112792968752
1995,4,30,5.53334960937502
1995,5,1,7.2791687011719
1995,5,2,5.4918151855469
1995,5,3,4.77236328125002
1995,5,4,5.30495605468752
1995,5,5,7.21804199218752
1995,5,6,5.91121826171877
1995,5,7,6.8492370605469
1995,5,8,8.96254882812502
1995,5,9,5.9766784667969
1995,5,10,7.10567626953127
1995,5,11,10.2428833007813
1995,5,12,13.322900390625
1995,5,13,7.71968994140627
1995,5,14,7.27327880859377
1995,5,15,6.35579833984377
1995,5,16,6.52449951171877
1995,5,17,7.47527465820315
1995,5,18,9.14370117187502
1995,5,19,11.9940124511719
1995,5,20,10.6501708984375
1995,5,21,11.2510009765625
1995,5,22,12.6099487304688
1995,5,23,14.3516479492188
1995,5,24,13.3035522460938
1995,5,25,12.1289611816406
1995,5,26,14.1784912109375
1995,5,27,15.6083923339844
1995,5,28,14.5754638671875
1995,5,29,15.178125
1995,5,30,16.95107421875
1995,5,31,11.2039428710938
1995,6,1,8.44304809570315
1995,6,2,9.28664550781252
1995,6,3,10.771142578125
1995,6,4,11.8431335449219
1995,6,5,13.7522827148438
1995,6,6,14.9251647949219
1995,6,7,15.2763916015625
1995,6,8,15.7799621582031
1995,6,9,12.9187255859375
1995,6,10,12.4978271484375
1995,6,11,13.5522094726563
1995,6,12,12.26650390625
1995,6,13,13.6048217773438
1995,6,14,12.4472900390625
1995,6,15,9.87273559570315
1995,6,16,8.30901489257815
1995,6,17,9.71465454101565
1995,6,18,9.36284790039065
1995,6,19,9.50750122070315
1995,6,20,10.1531005859375
1995,6,21,9.6987243652344
1995,6,22,11.3156982421875
1995,6,23,14.2457214355469
1995,6,24,14.9827819824219
1995,6,25,17.9562316894531
1995,6,26,19.2168212890625
1995,6,27,19.1146789550781
1995,6,28,14.5154357910156
1995,6,29,12.6619201660156
1995,6,30,13.8232055664063
1995,7,1,15.3195434570313
1995,7,2,16.0588012695313
1995,7,3,17.2895141601563
1995,7,4,15.563623046875
1995,7,5,18.5603881835938
1995,7,6,15.9087768554688
1995,7,7,15.2431579589844
1995,7,8,16.6282287597656
1995,7,9,15.6687255859375
1995,7,10,16.7405639648438
1995,7,11,14.42177734375
1995,7,12,14.1400390625
1995,7,13,14.9462524414063
1995,7,14,16.6039672851563
1995,7,15,17.2650695800781
1995,7,16,18.0161682128906
1995,7,17,22.0313354492188
1995,7,18,25.488427734375
1995,7,19,24.3799682617188
1995,7,20,24.4340454101563
1995,7,21,23.5443359375
1995,7,22,23.4670959472656
1995,7,23,22.3295227050781
1995,7,24,19.1559997558594
1995,7,25,20.0864807128906
1995,7,26,20.7026916503906
1995,7,27,18.2246032714844
1995,7,28,14.2781311035156
1995,7,29,15.3098083496094
1995,7,30,17.3919311523438
1995,7,31,15.4397827148438
1995,8,1,14.9579711914063
1995,8,2,15.6567932128906
1995,8,3,17.1939636230469
1995,8,4,19.4274230957031
1995,8,5,18.8659912109375
1995,8,6,19.2158752441406
1995,8,7,16.6146789550781
1995,8,8,15.9980102539063
1995,8,9,14.6191955566406
1995,8,10,16.2087646484375
1995,8,11,15.6475769042969
1995,8,12,15.1790405273438
1995,8,13,15.380029296875
1995,8,14,13.4634643554688
1995,8,15,14.781396484375
1995,8,16,17.8362976074219
1995,8,17,14.9203430175781
1995,8,18,12.2440124511719
1995,8,19,13.5747314453125
1995,8,20,13.1899658203125
1995,8,21,15.0491271972656
1995,8,22,17.5144897460938
1995,8,23,17.4047485351563
1995,8,24,16.0158020019531
1995,8,25,15.7260070800781
1995,8,26,13.8925415039063
1995,8,27,12.241357421875
1995,8,28,11.6016784667969
1995,8,29,14.9365478515625
1995,8,30,11.6682983398438
1995,8,31,10.3771911621094
1995,9,1,14.0039916992188
1995,9,2,16.4895874023438
1995,9,3,19.1904846191406
1995,9,4,20.1063171386719
1995,9,5,22.2384582519531
1995,9,6,19.781640625
1995,9,7,16.5988403320313
1995,9,8,14.6615844726563
1995,9,9,14.3492370605469
1995,9,10,15.7444702148438
1995,9,11,15.4621520996094
1995,9,12,12.7219482421875
1995,9,13,11.1202026367188
1995,9,14,11.1474548339844
1995,9,15,12.7903381347656
1995,9,16,11.506982421875
1995,9,17,10.842919921875
1995,9,18,9.13555297851565
1995,9,19,8.31496582031252
1995,9,20,9.15130004882815
1995,9,21,12.1185241699219
1995,9,22,13.5659118652344
1995,9,23,14.108544921875
1995,9,24,14.4037719726563
1995,9,25,12.4858947753906
1995,9,26,11.1317993164063
1995,9,27,10.2189575195313
1995,9,28,9.97783813476565
1995,9,29,9.7587829589844
1995,9,30,8.55556640625002
1995,10,1,8.50151977539065
1995,10,2,9.80391845703127
1995,10,3,11.4164367675781
1995,10,4,9.46474609375002
1995,10,5,6.7535339355469
1995,10,6,6.88970336914065
1995,10,7,6.32863769531252
1995,10,8,6.39522705078127
1995,10,9,6.9356628417969
1995,10,10,5.53780517578127
1995,10,11,5.86123046875002
1995,10,12,5.92543945312502
1995,10,13,7.9431091308594
1995,10,14,9.7126403808594
1995,10,15,6.5122009277344
1995,10,16,5.5264831542969
1995,10,17,7.33779296875002
1995,10,18,6.54714355468752
1995,10,19,6.70186767578127
1995,10,20,6.01812133789065
1995,10,21,5.44307861328127
1995,10,22,6.3054138183594
1995,10,23,6.71453247070315
1995,10,24,5.86611328125002
1995,10,25,9.64446411132815
1995,10,26,7.5122009277344
1995,10,27,5.85247192382815
1995,10,28,6.81185302734377
1995,10,29,5.78566894531252
1995,10,30,7.01101074218752
1995,10,31,7.2226501464844
1995,11,1,5.26015625000002
1995,11,2,5.9268737792969
1995,11,3,6.87334594726565
1995,11,4,4.46718750000002
1995,11,5,0.794152832031273
1995,11,6,0.674279785156273
1995,11,7,1.10659179687502
1995,11,8,-1.0700744628906
1995,11,9,-1.01083984374998
1995,11,10,-0.919836425781227
1995,11,11,0.184777832031273
1995,11,12,0.112573242187523
1995,11,13,-0.595343017578102
1995,11,14,0.132226562500023
1995,11,15,3.27935180664065
1995,11,16,1.55050048828127
1995,11,17,2.4016052246094
1995,11,18,3.90471801757815
1995,11,19,4.34542236328127
1995,11,20,2.12420043945315
1995,11,21,0.395989990234398
1995,11,22,1.4986511230469
1995,11,23,2.90859375000002
1995,11,24,-0.271459960937477
1995,11,25,0.00698242187502274
1995,11,26,-0.788732910156227
1995,11,27,-2.0402893066406
1995,11,28,-2.6119445800781
1995,11,29,-2.23697509765623
1995,11,30,0.000726318359397737
1995,12,1,0.420892333984398
1995,12,2,-1.7653869628906
1995,12,3,-1.38779296874998
1995,12,4,-1.40411987304685
1995,12,5,-2.88529052734373
1995,12,6,-2.3845275878906
1995,12,7,-1.78256835937498
1995,12,8,-2.88822021484373
1995,12,9,-3.36932983398435
1995,12,10,1.47677001953127
1995,12,11,6.07610473632815
1995,12,12,4.00106201171877
1995,12,13,1.69756469726565
1995,12,14,3.48574218750002
1995,12,15,2.85140380859377
1995,12,16,3.7177673339844
1995,12,17,3.21111450195315
1995,12,18,1.7623229980469
1995,12,19,2.41729125976565
1995,12,20,-0.244787597656227
1995,12,21,-0.828771972656227
1995,12,22,-2.10764160156248
1995,12,23,-3.55328979492185
1995,12,24,-4.61948242187498
1995,12,25,-5.38364257812498
1995,12,26,-4.02402343749998
1995,12,27,-2.98187866210935
1995,12,28,-1.23227539062498
1995,12,29,-2.79840698242185
1995,12,30,-2.29227294921873
1995,12,31,-0.425939941406227
1996,1,1,0.160791015625023
1996,1,2,3.0432067871094
1996,1,3,4.44509277343752
1996,1,4,1.84957275390627
1996,1,5,-1.09549560546873
1996,1,6,-0.847662353515602
1996,1,7,1.2996765136719
1996,1,8,3.91231689453127
1996,1,9,1.16546020507815
1996,1,10,-0.717749023437477
1996,1,11,-4.27628173828123
1996,1,12,-6.3814758300781
1996,1,13,-4.95108642578123
1996,1,14,-3.44504394531248
1996,1,15,-2.97299804687498
1996,1,16,-3.1721252441406
1996,1,17,-0.274511718749977
1996,1,18,0.457421875000023
1996,1,19,5.04110107421877
1996,1,20,-1.4886535644531
1996,1,21,-4.1281799316406
1996,1,22,-4.29697265624998
1996,1,23,-0.0760253906249773
1996,1,24,-2.21567382812498
1996,1,25,-2.7758850097656
1996,1,26,0.717370605468773
1996,1,27,5.60921630859377
1996,1,28,7.0064636230469
1996,1,29,3.81508789062502
1996,1,30,3.3531433105469
1996,1,31,3.8701110839844
1996,2,1,2.48482666015627
1996,2,2,1.0695739746094
1996,2,3,-1.01239624023435
1996,2,4,1.60280761718752
1996,2,5,2.40346679687502
1996,2,6,1.46743164062502
1996,2,7,6.84798583984377
1996,2,8,3.23809204101565
1996,2,9,1.74819335937502
1996,2,10,3.05635986328127
1996,2,11,-0.543310546874977
1996,2,12,4.93435058593752
1996,2,13,4.06630859375002
1996,2,14,2.01690063476565
1996,2,15,3.9531188964844
1996,2,16,0.680078125000023
1996,2,17,-1.75144042968748
1996,2,18,-3.28110351562498
1996,2,19,-3.39426269531248
1996,2,20,-3.16470947265623
1996,2,21,-1.46674194335935
1996,2,22,0.113061523437523
1996,2,23,-2.03610839843748
1996,2,24,-2.32150878906248
1996,2,25,1.69619140625002
1996,2,26,7.19524536132815
1996,2,27,8.2363220214844
1996,2,28,6.89129028320315
1996,2,29,6.48830566406252
1996,3,1,6.53594360351565
1996,3,2,8.6795593261719
1996,3,3,4.86272583007815
1996,3,4,1.4246765136719
1996,3,5,2.14092407226565
1996,3,6,3.99636230468752
1996,3,7,5.40349731445315
1996,3,8,3.47481689453127
1996,3,9,1.23861083984377
1996,3,10,-2.21390380859373
1996,3,11,-2.4548400878906
1996,3,12,-2.28473510742185
1996,3,13,-7.84366455078123
1996,3,14,-4.96976318359373
1996,3,15,-3.00458374023435
1996,3,16,-0.567114257812477
1996,3,17,0.754541015625023
1996,3,18,-3.43817749023435
1996,3,19,-3.85635986328123
1996,3,20,3.80758056640627
1996,3,21,3.63494262695315
1996,3,22,-1.00754394531248
1996,3,23,-2.36578979492185
1996,3,24,-4.1704162597656
1996,3,25,-5.16556396484373
1996,3,26,-2.50034179687498
1996,3,27,-0.710302734374977
1996,3,28,4.00899658203127
1996,3,29,5.19411621093752
1996,3,30,4.3776794433594
1996,3,31,3.89067993164065
1996,4,1,5.0568786621094
1996,4,2,6.57781372070315
1996,4,3,8.7590270996094
1996,4,4,9.84145507812502
1996,4,5,10.3227478027344
1996,4,6,9.98018798828127
1996,4,7,8.83806762695315
1996,4,8,7.47554931640627
1996,4,9,3.2702575683594
1996,4,10,4.15059814453127
1996,4,11,5.77584228515627
1996,4,12,6.60946044921877
1996,4,13,4.63375244140627
1996,4,14,3.1092468261719
1996,4,15,3.3909851074219
1996,4,16,4.78948364257815
1996,4,17,6.29415283203127
1996,4,18,4.8057800292969
1996,4,19,4.10942993164065
1996,4,20,2.87679443359377
1996,4,21,2.61733398437502
1996,4,22,2.40999755859377
1996,4,23,4.4738708496094
1996,4,24,8.12893066406252
1996,4,25,10.1790710449219
1996,4,26,10.910302734375
1996,4,27,11.1849304199219
1996,4,28,7.8354431152344
1996,4,29,6.25667724609377
1996,4,30,8.85543212890627
1996,5,1,9.37514648437502
1996,5,2,9.98919067382815
1996,5,3,9.56362304687502
1996,5,4,7.1739440917969
1996,5,5,8.05007324218752
1996,5,6,12.4001403808594
1996,5,7,14.3639465332031
1996,5,8,14.0354553222656
1996,5,9,11.98134765625
1996,5,10,10.130517578125
1996,5,11,13.6509338378906
1996,5,12,14.6345458984375
1996,5,13,13.9438110351563
1996,5,14,13.5315185546875
1996,5,15,14.1084838867188
1996,5,16,13.8948608398438
1996,5,17,12.6925598144531
1996,5,18,11.8393493652344
1996,5,19,10.8353210449219
1996,5,20,8.6918884277344
1996,5,21,6.4405456542969
1996,5,22,5.46181640625002
1996,5,23,9.79006347656252
1996,5,24,7.36147460937502
1996,5,25,7.51186523437502
1996,5,26,8.48784790039065
1996,5,27,9.73272094726565
1996,5,28,12.1356140136719
1996,5,29,14.4382873535156
1996,5,30,12.3442932128906
1996,5,31,8.6653991699219
1996,6,1,11.2666259765625
1996,6,2,10.5146728515625
1996,6,3,13.3279052734375
1996,6,4,13.0613342285156
1996,6,5,13.5400939941406
1996,6,6,12.6024719238281
1996,6,7,11.2366882324219
1996,6,8,10.7501159667969
1996,6,9,12.8900085449219
1996,6,10,15.9501892089844
1996,6,11,16.5999084472656
1996,6,12,14.4265380859375
1996,6,13,15.5393615722656
1996,6,14,17.7697692871094
1996,6,15,19.8240295410156
1996,6,16,21.1877075195313
1996,6,17,16.9052062988281
1996,6,18,15.7484069824219
1996,6,19,14.4256225585938
1996,6,20,17.2101379394531
1996,6,21,20.1655212402344
1996,6,22,22.4609619140625
1996,6,23,23.1373840332031
1996,6,24,21.5330749511719
1996,6,25,20.8107238769531
1996,6,26,20.994287109375
1996,6,27,21.4747253417969
1996,6,28,21.3084045410156
1996,6,29,20.5696350097656
1996,6,30,18.3375793457031
1996,7,1,17.0976501464844
1996,7,2,13.9197631835938
1996,7,3,12.2680908203125
1996,7,4,13.1443115234375
1996,7,5,18.1357360839844
1996,7,6,20.5696044921875
1996,7,7,23.0193115234375
1996,7,8,22.0002990722656
1996,7,9,19.381494140625
1996,7,10,17.9772583007813
1996,7,11,16.3678527832031
1996,7,12,17.2883850097656
1996,7,13,19.5771728515625
1996,7,14,18.7641235351563
1996,7,15,15.4547058105469
1996,7,16,16.3285461425781
1996,7,17,18.1464477539063
1996,7,18,20.7835632324219
1996,7,19,22.3490539550781
1996,7,20,23.39052734375
1996,7,21,20.0917602539063
1996,7,22,17.9792724609375
1996,7,23,20.2636962890625
1996,7,24,21.1745849609375
1996,7,25,20.1631713867188
1996,7,26,17.736962890625
1996,7,27,16.3695617675781
1996,7,28,17.3447509765625
1996,7,29,18.5597473144531
1996,7,30,19.7566772460938
1996,7,31,20.1780334472656
1996,8,1,20.9611755371094
1996,8,2,20.3933654785156
1996,8,3,20.8552795410156
1996,8,4,20.5424438476563
1996,8,5,20.1897216796875
1996,8,6,21.4595275878906
1996,8,7,19.4131103515625
1996,8,8,18.1356140136719
1996,8,9,16.3037658691406
1996,8,10,14.850732421875
1996,8,11,13.5264831542969
1996,8,12,14.2716003417969
1996,8,13,15.1026245117188
1996,8,14,14.2914672851563
1996,8,15,14.9287353515625
1996,8,16,14.9770751953125
1996,8,17,14.8716064453125
1996,8,18,13.9684997558594
1996,8,19,13.7215515136719
1996,8,20,13.8520446777344
1996,8,21,13.33193359375
1996,8,22,14.2398010253906
1996,8,23,13.9456726074219
1996,8,24,15.8983703613281
1996,8,25,16.9197937011719
1996,8,26,17.48037109375
1996,8,27,19.5563903808594
1996,8,28,20.5703674316406
1996,8,29,22.0172973632813
1996,8,30,20.9368530273438
1996,8,31,23.4134460449219
1996,9,1,22.8967834472656
1996,9,2,23.7146850585938
1996,9,3,24.7849060058594
1996,9,4,23.3367858886719
1996,9,5,20.7875610351563
1996,9,6,17.8426452636719
1996,9,7,12.5828491210938
1996,9,8,12.9638000488281
1996,9,9,13.5132690429688
1996,9,10,13.0560852050781
1996,9,11,12.2625061035156
1996,9,12,13.0530944824219
1996,9,13,12.246728515625
1996,9,14,14.009423828125
1996,9,15,14.4100891113281
1996,9,16,16.7584777832031
1996,9,17,18.3164916992188
1996,9,18,18.0156494140625
1996,9,19,18.5062194824219
1996,9,20,18.0239807128906
1996,9,21,15.4800048828125
1996,9,22,13.9639221191406
1996,9,23,14.7929626464844
1996,9,24,15.7442260742188
1996,9,25,13.3765197753906
1996,9,26,13.2333312988281
1996,9,27,12.7155090332031
1996,9,28,12.4722534179688
1996,9,29,15.2436157226563
1996,9,30,16.0983215332031
1996,10,1,15.3683715820313
1996,10,2,14.0455871582031
1996,10,3,15.3659912109375
1996,10,4,14.2681518554688
1996,10,5,15.146630859375
1996,10,6,15.0771118164063
1996,10,7,13.6396118164063
1996,10,8,12.781884765625
1996,10,9,10.4871765136719
1996,10,10,13.2610107421875
1996,10,11,12.9831481933594
1996,10,12,12.4431396484375
1996,10,13,11.3879638671875
1996,10,14,13.8779541015625
1996,10,15,14.0558715820313
1996,10,16,14.4948974609375
1996,10,17,13.4959655761719
1996,10,18,9.20925292968752
1996,10,19,8.56765136718752
1996,10,20,10.8838134765625
1996,10,21,10.2876525878906
1996,10,22,11.9794250488281
1996,10,23,12.6993957519531
1996,10,24,12.6766296386719
1996,10,25,12.2004333496094
1996,10,26,11.3634887695313
1996,10,27,6.54342041015627
1996,10,28,6.79021606445315
1996,10,29,6.8852478027344
1996,10,30,9.6412292480469
1996,10,31,7.4310241699219
1996,11,1,6.04348144531252
1996,11,2,7.48903808593752
1996,11,3,5.6450134277344
1996,11,4,4.8499694824219
1996,11,5,4.92238769531252
1996,11,6,4.38973388671877
1996,11,7,6.92522583007815
1996,11,8,5.74697265625002
1996,11,9,7.38271484375002
1996,11,10,8.50713500976565
1996,11,11,9.4268737792969
1996,11,12,6.10408935546877
1996,11,13,0.299188232421898
1996,11,14,-0.393438720703102
1996,11,15,-1.16702880859373
1996,11,16,-3.9752258300781
1996,11,17,-5.33609619140623
1996,11,18,-2.35614624023435
1996,11,19,-0.749578857421852
1996,11,20,-2.69174804687498
1996,11,21,0.440240478515648
1996,11,22,3.83419189453127
1996,11,23,1.30986938476565
1996,11,24,-2.9886535644531
1996,11,25,-2.02347412109373
1996,11,26,-0.993658447265602
1996,11,27,-1.26703491210935
1996,11,28,0.0308166503906477
1996,11,29,-0.324072265624977
1996,11,30,-3.30670776367185
1996,12,1,-3.36990966796873
1996,12,2,-4.0517639160156
1996,12,3,-5.85175170898435
1996,12,4,-7.6010803222656
1996,12,5,-4.73508300781248
1996,12,6,3.96108398437502
1996,12,7,1.77456054687502
1996,12,8,0.271997070312523
1996,12,9,-1.9149230957031
1996,12,10,-5.32059326171873
1996,12,11,-6.72879638671873
1996,12,12,-9.16181030273435
1996,12,13,-1.60825195312498
1996,12,14,-1.8402160644531
1996,12,15,-0.769750976562477
1996,12,16,0.193139648437523
1996,12,17,0.327905273437523
1996,12,18,0.364373779296898
1996,12,19,-2.03848876953123
1996,12,20,-0.549597167968727
1996,12,21,-0.822729492187477
1996,12,22,0.704156494140648
1996,12,23,1.04708251953127
1996,12,24,4.31441650390627
1996,12,25,2.9175964355469
1996,12,26,3.28472290039065
1996,12,27,3.06292114257815
1996,12,28,3.31817016601565
1996,12,29,5.2871032714844
1996,12,30,6.26912841796877
1996,12,31,2.89739379882815
1997,1,1,1.02767333984377
1997,1,2,1.1398864746094
1997,1,3,0.949334716796898
1997,1,4,1.18068847656252
1997,1,5,2.95220336914065
1997,1,6,3.3226257324219
1997,1,7,2.10097656250002
1997,1,8,1.76320800781252
1997,1,9,0.950616455078148
1997,1,10,-0.335607910156227
1997,1,11,3.06759033203127
1997,1,12,2.5806823730469
1997,1,13,2.64309082031252
1997,1,14,2.87380371093752
1997,1,15,1.59172973632815
1997,1,16,1.04946289062502
1997,1,17,4.45537719726565
1997,1,18,2.89397583007815
1997,1,19,-1.21976318359373
1997,1,20,-2.10794677734373
1997,1,21,-4.2719787597656
1997,1,22,-7.14835205078123
1997,1,23,-2.9493469238281
1997,1,24,-0.271856689453102
1997,1,25,-4.03265991210935
1997,1,26,-3.8414367675781
1997,1,27,-1.95883789062498
1997,1,28,1.40838012695315
1997,1,29,1.27871093750002
1997,1,30,1.32915649414065
1997,1,31,6.0817810058594
1997,2,1,4.2465759277344
1997,2,2,4.6622253417969
1997,2,3,3.28334960937502
1997,2,4,0.730859375000023
1997,2,5,-0.323034667968727
1997,2,6,-0.0475830078124773
1997,2,7,1.4754577636719
1997,2,8,5.81463012695315
1997,2,9,6.50396118164065
1997,2,10,3.72506103515627
1997,2,11,2.31463012695315
1997,2,12,0.858361816406273
1997,2,13,0.927148437500023
1997,2,14,-0.721014404296852
1997,2,15,-2.19745483398435
1997,2,16,-1.33331909179685
1997,2,17,2.54903564453127
1997,2,18,0.311273193359398
1997,2,19,-1.35578002929685
1997,2,20,-1.96005859374998
1997,2,21,-3.67999877929685
1997,2,22,-2.22995605468748
1997,2,23,1.97649536132815
1997,2,24,4.6854187011719
1997,2,25,4.70586547851565
1997,2,26,2.9223571777344
1997,2,27,3.3762145996094
1997,2,28,1.89089355468752
1997,3,1,2.1978698730469
1997,3,2,2.37655029296877
1997,3,3,1.80343017578127
1997,3,4,3.7127624511719
1997,3,5,4.71904907226565
1997,3,6,2.60604248046877
1997,3,7,1.1857849121094
1997,3,8,1.24111328125002
1997,3,9,2.2820983886719
1997,3,10,2.04412231445315
1997,3,11,3.61821899414065
1997,3,12,4.29985961914065
1997,3,13,5.05843505859377
1997,3,14,4.05889282226565
1997,3,15,3.83559570312502
1997,3,16,4.57329711914065
1997,3,17,3.44277343750002
1997,3,18,3.7589050292969
1997,3,19,3.3234802246094
1997,3,20,7.43526611328127
1997,3,21,9.0078063964844
1997,3,22,3.7359558105469
1997,3,23,2.89077148437502
1997,3,24,3.92745361328127
1997,3,25,5.72612915039065
1997,3,26,4.4586120605469
1997,3,27,6.3820739746094
1997,3,28,4.75957641601565
1997,3,29,4.34816894531252
1997,3,30,3.85567626953127
1997,3,31,3.05706176757815
1997,4,1,1.96523437500002
1997,4,2,3.55965576171877
1997,4,3,4.13845214843752
1997,4,4,4.44124755859377
1997,4,5,4.71160278320315
1997,4,6,9.4652038574219
1997,4,7,12.6007629394531
1997,4,8,7.14516601562502
1997,4,9,4.09041748046877
1997,4,10,3.55867919921877
1997,4,11,2.9969421386719
1997,4,12,4.00908813476565
1997,4,13,1.61727294921877
1997,4,14,-0.0381530761718523
1997,4,15,3.60610351562502
1997,4,16,4.78020629882815
1997,4,17,6.37593994140627
1997,4,18,6.78618774414065
1997,4,19,6.54726562500002
1997,4,20,8.05642089843752
1997,4,21,12.5288330078125
1997,4,22,13.2910095214844
1997,4,23,8.75838623046877
1997,4,24,6.9763122558594
1997,4,25,9.75594482421877
1997,4,26,11.4884887695313
1997,4,27,11.5257507324219
1997,4,28,6.87493286132815
1997,4,29,7.8742614746094
1997,4,30,9.82521972656252
1997,5,1,7.63662109375002
1997,5,2,5.98500976562502
1997,5,3,5.40700683593752
1997,5,4,3.62087402343752
1997,5,5,3.52669677734377
1997,5,6,3.94341430664065
1997,5,7,4.8281188964844
1997,5,8,4.40224609375002
1997,5,9,3.01967773437502
1997,5,10,4.81133422851565
1997,5,11,7.62923583984377
1997,5,12,9.57161865234377
1997,5,13,11.9924255371094
1997,5,14,12.7109313964844
1997,5,15,12.5016723632813
1997,5,16,14.8380065917969
1997,5,17,15.4685913085938
1997,5,18,15.523828125
1997,5,19,16.5675598144531
1997,5,20,16.5634094238281
1997,5,21,16.7842041015625
1997,5,22,14.2998291015625
1997,5,23,13.2201477050781
1997,5,24,13.2799011230469
1997,5,25,13.4142700195313
1997,5,26,9.68120727539065
1997,5,27,7.21401367187502
1997,5,28,5.91951904296877
1997,5,29,6.97921142578127
1997,5,30,11.4150939941406
1997,5,31,9.71279296875002
1997,6,1,10.2076965332031
1997,6,2,12.6088806152344
1997,6,3,11.2166381835938
1997,6,4,8.18288574218752
1997,6,5,8.0305114746094
1997,6,6,10.1801086425781
1997,6,7,11.49501953125
1997,6,8,10.8470092773438
1997,6,9,11.4909301757813
1997,6,10,11.2267395019531
1997,6,11,11.5674377441406
1997,6,12,12.7365051269531
1997,6,13,13.6304565429688
1997,6,14,13.7312255859375
1997,6,15,14.2089782714844
1997,6,16,15.7699829101563
1997,6,17,13.3842102050781
1997,6,18,12.40908203125
1997,6,19,11.989892578125
1997,6,20,12.8684936523438
1997,6,21,12.214013671875
1997,6,22,12.0924011230469
1997,6,23,13.056298828125
1997,6,24,14.8496643066406
1997,6,25,17.3509155273438
1997,6,26,16.3357788085938
1997,6,27,15.649560546875
1997,6,28,15.2502380371094
1997,6,29,16.3213439941406
1997,6,30,14.4890075683594
1997,7,1,15.3212829589844
1997,7,2,16.110986328125
1997,7,3,15.0503173828125
1997,7,4,13.3739868164063
1997,7,5,14.0317016601563
1997,7,6,14.7163330078125
1997,7,7,14.5851989746094
1997,7,8,14.7940612792969
1997,7,9,17.4929138183594
1997,7,10,17.2403198242188
1997,7,11,16.00869140625
1997,7,12,16.3015991210938
1997,7,13,17.0226379394531
1997,7,14,16.43642578125
1997,7,15,12.9669738769531
1997,7,16,13.4254699707031
1997,7,17,13.8700805664063
1997,7,18,14.9843994140625
1997,7,19,13.8410278320313
1997,7,20,14.2468505859375
1997,7,21,13.9233337402344
1997,7,22,15.9219299316406
1997,7,23,14.3634582519531
1997,7,24,15.8497253417969
1997,7,25,15.2931457519531
1997,7,26,12.7801147460938
1997,7,27,11.8237854003906
1997,7,28,12.4882141113281
1997,7,29,12.5715270996094
1997,7,30,13.5986267089844
1997,7,31,16.0271850585938
1997,8,1,15.6148315429688
1997,8,2,14.5445495605469
1997,8,3,13.9574523925781
1997,8,4,13.4747863769531
1997,8,5,17.8248229980469
1997,8,6,17.1935363769531
1997,8,7,15.7905517578125
1997,8,8,13.7141357421875
1997,8,9,14.9811950683594
1997,8,10,16.4665466308594
1997,8,11,16.4693237304688
1997,8,12,17.8579956054688
1997,8,13,18.8148132324219
1997,8,14,20.0714965820313
1997,8,15,20.8086486816406
1997,8,16,21.9457946777344
1997,8,17,23.1535583496094
1997,8,18,22.2976623535156
1997,8,19,21.753564453125
1997,8,20,21.5813232421875
1997,8,21,18.6094909667969
1997,8,22,16.5796447753906
1997,8,23,18.2917114257813
1997,8,24,20.7481323242188
1997,8,25,18.8828369140625
1997,8,26,17.11904296875
1997,8,27,15.957177734375
1997,8,28,15.5899291992188
1997,8,29,14.5173889160156
1997,8,30,13.6133361816406
1997,8,31,15.0557495117188
1997,9,1,15.9435668945313
1997,9,2,15.0151611328125
1997,9,3,15.1523376464844
1997,9,4,15.5483947753906
1997,9,5,17.0057312011719
1997,9,6,17.1494384765625
1997,9,7,14.3009887695313
1997,9,8,13.0651184082031
1997,9,9,12.8907409667969
1997,9,10,11.8355346679688
1997,9,11,10.8421875
1997,9,12,11.0181823730469
1997,9,13,11.0210510253906
1997,9,14,11.7251831054688
1997,9,15,12.3352600097656
1997,9,16,14.6129699707031
1997,9,17,14.6067749023438
1997,9,18,13.0770812988281
1997,9,19,15.1580444335938
1997,9,20,17.2641235351563
1997,9,21,17.062158203125
1997,9,22,16.0229431152344
1997,9,23,14.4035583496094
1997,9,24,14.1191040039063
1997,9,25,16.0423828125
1997,9,26,16.4693542480469
1997,9,27,13.6028991699219
1997,9,28,14.2431274414063
1997,9,29,12.3621459960938
1997,9,30,12.4470458984375
1997,10,1,11.12099609375
1997,10,2,11.8539672851563
1997,10,3,11.9646545410156
1997,10,4,11.7228637695313
1997,10,5,10.6712280273438
1997,10,6,9.84722290039065
1997,10,7,9.41219482421877
1997,10,8,8.80999145507815
1997,10,9,9.1751647949219
1997,10,10,10.8988891601563
1997,10,11,12.4230590820313
1997,10,12,11.7463012695313
1997,10,13,9.3909851074219
1997,10,14,8.7313171386719
1997,10,15,9.72332153320315
1997,10,16,10.8422485351563
1997,10,17,9.53838500976565
1997,10,18,9.9747253417969
1997,10,19,11.9744812011719
1997,10,20,11.5686889648438
1997,10,21,14.7233825683594
1997,10,22,14.7806335449219
1997,10,23,16.0332885742188
1997,10,24,14.7098937988281
1997,10,25,13.9947143554688
1997,10,26,15.2908874511719
1997,10,27,11.5495544433594
1997,10,28,7.81960449218752
1997,10,29,6.36220703125002
1997,10,30,6.29329833984377
1997,10,31,8.25411376953127
1997,11,1,8.1916442871094
1997,11,2,7.9341979980469
1997,11,3,7.24883422851565
1997,11,4,8.75740966796877
1997,11,5,9.67141113281252
1997,11,6,8.1195007324219
1997,11,7,7.69405517578127
1997,11,8,7.16964111328127
1997,11,9,7.28032836914065
1997,11,10,7.93145141601565
1997,11,11,9.00588378906252
1997,11,12,9.8299499511719
1997,11,13,7.56441650390627
1997,11,14,5.41250000000002
1997,11,15,4.34487304687502
1997,11,16,4.79818115234377
1997,11,17,3.8181091308594
1997,11,18,2.8640075683594
1997,11,19,1.34725341796877
1997,11,20,-0.422857666015602
1997,11,21,0.803857421875023
1997,11,22,5.32207641601565
1997,11,23,6.04888305664065
1997,11,24,4.51790771484377
1997,11,25,3.92019042968752
1997,11,26,1.79143676757815
1997,11,27,-1.23969116210935
1997,11,28,-3.57761230468748
1997,11,29,-5.9859680175781
1997,11,30,-2.6435607910156
1997,12,1,-1.3719543457031
1997,12,2,1.58864746093752
1997,12,3,3.87154541015627
1997,12,4,2.41481933593752
1997,12,5,3.6800476074219
1997,12,6,-1.66580810546873
1997,12,7,-3.8078674316406
1997,12,8,-4.4951232910156
1997,12,9,-2.74576416015623
1997,12,10,-5.5357727050781
1997,12,11,-7.0903381347656
1997,12,12,-4.77451171874998
1997,12,13,-4.04547729492185
1997,12,14,-3.55719604492185
1997,12,15,-2.33255615234373
1997,12,16,-2.0444396972656
1997,12,17,-3.34125366210935
1997,12,18,4.29290161132815
1997,12,19,4.01680908203127
1997,12,20,3.82241210937502
1997,12,21,3.20562133789065
1997,12,22,5.63192138671877
1997,12,23,6.6264587402344
1997,12,24,4.99422607421877
1997,12,25,0.492608642578148
1997,12,26,1.2051940917969
1997,12,27,4.62325439453127
1997,12,28,0.0621887207031477
1997,12,29,-0.132482910156227
1997,12,30,-1.96369018554685
1997,12,31,-2.41562499999998
1998,1,1,-0.864843749999977
1998,1,2,3.10305175781252
1998,1,3,2.32235107421877
1998,1,4,1.54195556640627
1998,1,5,1.83712158203127
1998,1,6,0.890802001953148
1998,1,7,1.5403991699219
1998,1,8,0.938714599609398
1998,1,9,-1.63583984374998
1998,1,10,0.283319091796898
1998,1,11,0.840539550781273
1998,1,12,-1.77667846679685
1998,1,13,1.33522949218752
1998,1,14,-0.449774169921852
1998,1,15,-0.937475585937477
1998,1,16,-2.66315307617185
1998,1,17,-3.2102111816406
1998,1,18,0.199853515625023
1998,1,19,-0.220281982421852
1998,1,20,-0.319677734374977
1998,1,21,2.55092773437502
1998,1,22,3.56124267578127
1998,1,23,4.47380981445315
1998,1,24,5.37639770507815
1998,1,25,5.1828552246094
1998,1,26,2.91329345703127
1998,1,27,5.72316894531252
1998,1,28,3.57772216796877
1998,1,29,1.44686279296877
1998,1,30,2.07839355468752
1998,1,31,0.485772705078148
1998,2,1,0.622003173828148
1998,2,2,2.89479980468752
1998,2,3,1.01796875000002
1998,2,4,-0.0926879882812273
1998,2,5,0.334588623046898
1998,2,6,0.204492187500023
1998,2,7,0.112695312500023
1998,2,8,0.729791259765648
1998,2,9,1.92305908203127
1998,2,10,1.09075317382815
1998,2,11,0.149743652343773
1998,2,12,-1.84699096679685
1998,2,13,-1.36530151367185
1998,2,14,2.45708618164065
1998,2,15,3.50740966796877
1998,2,16,3.60335693359377
1998,2,17,0.830590820312523
1998,2,18,-1.50699462890623
1998,2,19,-3.9475158691406
1998,2,20,-4.42099609374998
1998,2,21,-2.68167724609373
1998,2,22,-1.55682983398435
1998,2,23,-1.79108276367185
1998,2,24,-1.00153198242185
1998,2,25,-0.322393798828102
1998,2,26,3.6129089355469
1998,2,27,4.4433532714844
1998,2,28,3.47112426757815
1998,3,1,2.07857666015627
1998,3,2,1.25310668945315
1998,3,3,-0.0931457519531023
1998,3,4,2.77492675781252
1998,3,5,4.5825134277344
1998,3,6,6.7700134277344
1998,3,7,6.76094970703127
1998,3,8,1.58550415039065
1998,3,9,-5.10431518554685
1998,3,10,-5.52435913085935
1998,3,11,-0.0496582031249773
1998,3,12,0.836236572265648
1998,3,13,2.28908691406252
1998,3,14,1.0073181152344
1998,3,15,4.18831787109377
1998,3,16,5.45229492187502
1998,3,17,3.12319335937502
1998,3,18,2.38820800781252
1998,3,19,4.70064697265627
1998,3,20,5.98482666015627
1998,3,21,2.05513916015627
1998,3,22,-0.528448486328102
1998,3,23,-2.74161376953123
1998,3,24,-2.9672912597656
1998,3,25,-1.5291809082031
1998,3,26,-0.854254150390602
1998,3,27,1.07119140625002
1998,3,28,0.171319580078148
1998,3,29,0.486993408203148
1998,3,30,0.0369506835937727
1998,3,31,0.0413757324218977
1998,4,1,3.28444824218752
1998,4,2,1.57619628906252
1998,4,3,5.65337524414065
1998,4,4,7.74468383789065
1998,4,5,7.98336181640627
1998,4,6,4.98662719726565
1998,4,7,2.76412353515627
1998,4,8,4.24636230468752
1998,4,9,9.98894653320315
1998,4,10,10.7264038085938
1998,4,11,5.91317138671877
1998,4,12,6.53841552734377
1998,4,13,7.88189086914065
1998,4,14,9.82308349609377
1998,4,15,7.77761230468752
1998,4,16,8.14962158203127
1998,4,17,6.52153930664065
1998,4,18,7.07857666015627
1998,4,19,10.2535034179688
1998,4,20,9.63848266601565
1998,4,21,10.4752136230469
1998,4,22,9.30913696289065
1998,4,23,7.50014648437502
1998,4,24,6.08822021484377
1998,4,25,5.72652587890627
1998,4,26,5.05922851562502
1998,4,27,5.04912719726565
1998,4,28,2.79201660156252
1998,4,29,4.69442138671877
1998,4,30,4.6125427246094
1998,5,1,7.54424438476565
1998,5,2,8.87444458007815
1998,5,3,8.76613769531252
1998,5,4,8.29488525390627
1998,5,5,5.52129516601565
1998,5,6,3.78252563476565
1998,5,7,4.11858520507815
1998,5,8,5.63100585937502
1998,5,9,4.59615478515627
1998,5,10,4.8824401855469
1998,5,11,5.11077270507815
1998,5,12,7.70662841796877
1998,5,13,10.2876525878906
1998,5,14,7.56047973632815
1998,5,15,7.92925415039065
1998,5,16,12.2201477050781
1998,5,17,14.5451904296875
1998,5,18,15.6517272949219
1998,5,19,14.205712890625
1998,5,20,12.0914855957031
1998,5,21,3.21685180664065
1998,5,22,4.2986999511719
1998,5,23,6.56411132812502
1998,5,24,6.94231567382815
1998,5,25,5.44130859375002
1998,5,26,9.1373229980469
1998,5,27,12.3605590820313
1998,5,28,12.2330871582031
1998,5,29,14.5360961914063
1998,5,30,15.6473327636719
1998,5,31,11.607568359375
1998,6,1,10.6213012695313
1998,6,2,11.4255004882813
1998,6,3,10.6826110839844
1998,6,4,11.4946533203125
1998,6,5,11.4757629394531
1998,6,6,11.620751953125
1998,6,7,10.4073120117188
1998,6,8,9.72847900390627
1998,6,9,10.2027221679688
1998,6,10,10.1421752929688
1998,6,11,10.9136291503906
1998,6,12,11.5276123046875
1998,6,13,8.45403442382815
1998,6,14,12.6090637207031
1998,6,15,11.0680786132813
1998,6,16,8.73458251953127
1998,6,17,8.39174804687502
1998,6,18,11.547265625
1998,6,19,14.0341430664063
1998,6,20,12.4546752929688
1998,6,21,11.6699462890625
1998,6,22,12.3365112304688
1998,6,23,13.7295471191406
1998,6,24,14.7298217773438
1998,6,25,13.6512390136719
1998,6,26,12.435693359375
1998,6,27,13.1774841308594
1998,6,28,13.0334716796875
1998,6,29,13.1212707519531
1998,6,30,15.24990234375
1998,7,1,19.9455505371094
1998,7,2,18.6812683105469
1998,7,3,15.9288269042969
1998,7,4,16.0405517578125
1998,7,5,17.8319641113281
1998,7,6,19.0869384765625
1998,7,7,18.8330627441406
1998,7,8,17.4061218261719
1998,7,9,14.7607666015625
1998,7,10,15.1079650878906
1998,7,11,16.61611328125
1998,7,12,14.0376220703125
1998,7,13,13.5005432128906
1998,7,14,14.4709716796875
1998,7,15,15.296044921875
1998,7,16,15.5276733398438
1998,7,17,15.4642272949219
1998,7,18,13.6501098632813
1998,7,19,14.1945739746094
1998,7,20,15.1069885253906
1998,7,21,14.5414367675781
1998,7,22,14.377587890625
1998,7,23,14.4298950195313
1998,7,24,15.1923156738281
1998,7,25,14.2009521484375
1998,7,26,14.3492065429688
1998,7,27,14.5993896484375
1998,7,28,15.1621032714844
1998,7,29,14.2136779785156
1998,7,30,13.2666564941406
1998,7,31,12.8957153320313
1998,8,1,14.4594665527344
1998,8,2,15.5986572265625
1998,8,3,14.13271484375
1998,8,4,14.472802734375
1998,8,5,15.9989868164063
1998,8,6,14.7326904296875
1998,8,7,14.471337890625
1998,8,8,14.6958251953125
1998,8,9,14.5467163085938
1998,8,10,14.4046264648438
1998,8,11,14.2321716308594
1998,8,12,14.8131042480469
1998,8,13,15.9841552734375
1998,8,14,17.0006652832031
1998,8,15,16.4839416503906
1998,8,16,18.136376953125
1998,8,17,20.4760681152344
1998,8,18,19.9306579589844
1998,8,19,15.97060546875
1998,8,20,15.2803283691406
1998,8,21,15.908837890625
1998,8,22,15.75625
1998,8,23,16.0653930664063
1998,8,24,16.8960205078125
1998,8,25,17.1586547851563
1998,8,26,16.2402282714844
1998,8,27,17.0198303222656
1998,8,28,17.0130859375
1998,8,29,18.2228637695313
1998,8,30,19.3888488769531
1998,8,31,18.3522888183594
1998,9,1,19.3480163574219
1998,9,2,18.2589965820313
1998,9,3,18.2886291503906
1998,9,4,17.004541015625
1998,9,5,17.6672912597656
1998,9,6,16.3375183105469
1998,9,7,16.3821655273438
1998,9,8,13.8518920898438
1998,9,9,13.6242004394531
1998,9,10,14.5468688964844
1998,9,11,11.9152770996094
1998,9,12,11.6360412597656
1998,9,13,12.2217041015625
1998,9,14,10.5798583984375
1998,9,15,9.84041748046877
1998,9,16,11.3943420410156
1998,9,17,13.5543151855469
1998,9,18,12.7981506347656
1998,9,19,13.8730712890625
1998,9,20,12.0600524902344
1998,9,21,9.97133789062502
1998,9,22,11.06337890625
1998,9,23,11.9490295410156
1998,9,24,10.4897705078125
1998,9,25,8.4075866699219
1998,9,26,9.83220825195315
1998,9,27,9.93987426757815
1998,9,28,12.38662109375
1998,9,29,12.6550537109375
1998,9,30,9.97530517578127
1998,10,1,12.5249877929688
1998,10,2,13.2237182617188
1998,10,3,8.80413208007815
1998,10,4,9.4394470214844
1998,10,5,12.9662414550781
1998,10,6,14.2463623046875
1998,10,7,13.0908752441406
1998,10,8,11.1476379394531
1998,10,9,10.85
1998,10,10,11.5295959472656
1998,10,11,11.6949096679688
1998,10,12,10.1816955566406
1998,10,13,8.37429199218752
1998,10,14,10.6602416992188
1998,10,15,10.812646484375
1998,10,16,11.4694458007813
1998,10,17,10.8689514160156
1998,10,18,12.5388732910156
1998,10,19,10.736962890625
1998,10,20,9.5909362792969
1998,10,21,10.2207275390625
1998,10,22,13.2778259277344
1998,10,23,13.5440612792969
1998,10,24,11.9908996582031
1998,10,25,11.5990234375
1998,10,26,12.5205932617188
1998,10,27,11.7259765625
1998,10,28,8.23854980468752
1998,10,29,4.71575317382815
1998,10,30,3.5703063964844
1998,10,31,-0.305212402343727
1998,11,1,0.135461425781273
1998,11,2,1.92226562500002
1998,11,3,3.87221679687502
1998,11,4,1.91707763671877
1998,11,5,1.0490661621094
1998,11,6,2.3321472167969
1998,11,7,2.80001220703127
1998,11,8,2.7770935058594
1998,11,9,-0.139105224609352
1998,11,10,0.00982055664064774
1998,11,11,1.16481933593752
1998,11,12,-0.144873046874977
1998,11,13,0.511651611328148
1998,11,14,6.96041259765627
1998,11,15,6.9927917480469
1998,11,16,4.59035644531252
1998,11,17,2.10811767578127
1998,11,18,2.9859558105469
1998,11,19,2.04396972656252
1998,11,20,-0.607183837890602
1998,11,21,-0.746130371093727
1998,11,22,-1.09662475585935
1998,11,23,-1.66312255859373
1998,11,24,-2.2303527832031
1998,11,25,-2.7547668457031
1998,11,26,-3.40189208984373
1998,11,27,-3.70807495117185
1998,11,28,-5.0506652832031
1998,11,29,-4.31427612304685
1998,11,30,-3.73087158203123
1998,12,1,-3.5864318847656
1998,12,2,-0.0351623535156023
1998,12,3,-0.379675292968727
1998,12,4,-0.166357421874977
1998,12,5,0.428918457031273
1998,12,6,-1.4320129394531
1998,12,7,-3.7292541503906
1998,12,8,-0.387060546874977
1998,12,9,2.1938415527344
1998,12,10,7.52742919921877
1998,12,11,7.30037841796877
1998,12,12,3.29085693359377
1998,12,13,1.90999755859377
1998,12,14,1.64180908203127
1998,12,15,-0.152166748046852
1998,12,16,0.190728759765648
1998,12,17,1.02504882812502
1998,12,18,-1.1344055175781
1998,12,19,1.63665161132815
1998,12,20,2.23357543945315
1998,12,21,0.341058349609398
1998,12,22,2.96904907226565
1998,12,23,4.1840759277344
1998,12,24,5.27425537109377
1998,12,25,5.39397583007815
1998,12,26,6.39193115234377
1998,12,27,4.68767700195315
1998,12,28,-1.0224670410156
1998,12,29,-3.13382568359373
1998,12,30,-2.31967773437498
1998,12,31,-0.882635498046852
1999,1,1,1.80742797851565
1999,1,2,1.69179687500002
1999,1,3,-2.03949584960935
1999,1,4,-3.13504638671873
1999,1,5,-2.84821166992185
1999,1,6,-0.286199951171852
1999,1,7,1.33037719726565
1999,1,8,1.5555358886719
1999,1,9,4.96941528320315
1999,1,10,3.78194580078127
1999,1,11,1.87191162109377
1999,1,12,3.5236755371094
1999,1,13,5.49114379882815
1999,1,14,2.71633300781252
1999,1,15,2.25847778320315
1999,1,16,1.02889404296877
1999,1,17,-0.989202880859352
1999,1,18,-1.98688354492185
1999,1,19,-4.88788452148435
1999,1,20,-6.91693725585935
1999,1,21,-4.03729858398435
1999,1,22,-1.32974853515623
1999,1,23,-0.0461791992187273
1999,1,24,0.364526367187523
1999,1,25,-2.96524658203123
1999,1,26,-3.0233215332031
1999,1,27,-2.9166320800781
1999,1,28,-1.61932983398435
1999,1,29,0.670495605468773
1999,1,30,-2.89060058593748
1999,1,31,-1.28269042968748
1999,2,1,0.303399658203148
1999,2,2,1.2562194824219
1999,2,3,0.0527587890625227
1999,2,4,-1.56537475585935
1999,2,5,1.2525573730469
1999,2,6,1.4324890136719
1999,2,7,4.93361816406252
1999,2,8,3.13799438476565
1999,2,9,-0.228918457031227
1999,2,10,0.376214599609398
1999,2,11,0.250848388671898
1999,2,12,-0.983984374999977
1999,2,13,-0.125982666015602
1999,2,14,1.5458923339844
1999,2,15,2.2928405761719
1999,2,16,2.7689147949219
1999,2,17,-0.674780273437477
1999,2,18,-1.24619140624998
1999,2,19,-0.681158447265602
1999,2,20,1.41732177734377
1999,2,21,0.608697509765648
1999,2,22,2.7694030761719
1999,2,23,-0.582006835937477
1999,2,24,0.554559326171898
1999,2,25,-0.274053955078102
1999,2,26,-1.19254150390623
1999,2,27,-1.30380859374998
1999,2,28,-1.98715820312498
1999,3,1,-1.59274902343748
1999,3,2,-0.686376953124977
1999,3,3,-1.07419433593748
1999,3,4,-1.99259033203123
1999,3,5,-1.03348388671873
1999,3,6,-0.821081542968727
1999,3,7,-0.582525634765602
1999,3,8,-0.722906494140602
1999,3,9,-2.0214904785156
1999,3,10,-2.46808471679685
1999,3,11,-2.52969970703123
1999,3,12,-3.30832519531248
1999,3,13,-2.30618896484373
1999,3,14,-0.0554870605468523
1999,3,15,1.91896972656252
1999,3,16,1.13872680664065
1999,3,17,0.691827392578148
1999,3,18,-0.142889404296852
1999,3,19,-0.214331054687477
1999,3,20,-1.01718749999998
1999,3,21,0.765924072265648
1999,3,22,4.40947875976565
1999,3,23,5.18178710937502
1999,3,24,3.16365966796877
1999,3,25,0.937127685546898
1999,3,26,0.220483398437523
1999,3,27,-3.71213378906248
1999,3,28,-1.21466674804685
1999,3,29,3.7325378417969
1999,3,30,5.2509704589844
1999,3,31,3.51094970703127
1999,4,1,3.02248535156252
1999,4,2,4.16350708007815
1999,4,3,5.97344360351565
1999,4,4,6.82918701171877
1999,4,5,3.03017578125002
1999,4,6,4.01409301757815
1999,4,7,3.20900878906252
1999,4,8,5.18422851562502
1999,4,9,4.85247192382815
1999,4,10,3.11028442382815
1999,4,11,1.30254516601565
1999,4,12,1.9135681152344
1999,4,13,5.66585693359377
1999,4,14,5.89373168945315
1999,4,15,7.1195007324219
1999,4,16,9.23027954101565
1999,4,17,6.39565429687502
1999,4,18,3.00765380859377
1999,4,19,3.90249023437502
1999,4,20,6.43181762695315
1999,4,21,4.05986938476565
1999,4,22,4.36358032226565
1999,4,23,4.93511352539065
1999,4,24,5.92702636718752
1999,4,25,5.12221679687502
1999,4,26,6.23418579101565
1999,4,27,9.60274658203127
1999,4,28,4.65810546875002
1999,4,29,2.47774658203127
1999,4,30,1.69368896484377
1999,5,1,1.86275634765627
1999,5,2,2.17116699218752
1999,5,3,2.65007934570315
1999,5,4,3.93435058593752
1999,5,5,5.82973632812502
1999,5,6,8.02932128906252
1999,5,7,8.9516540527344
1999,5,8,8.2751403808594
1999,5,9,7.98992309570315
1999,5,10,6.77922973632815
1999,5,11,5.80913696289065
1999,5,12,6.71755371093752
1999,5,13,8.6760192871094
1999,5,14,11.7994018554688
1999,5,15,10.3137145996094
1999,5,16,10.5612426757813
1999,5,17,11.90419921875
1999,5,18,6.81466064453127
1999,5,19,6.78432617187502
1999,5,20,8.19545898437502
1999,5,21,10.243310546875
1999,5,22,9.09267578125002
1999,5,23,11.5228820800781
1999,5,24,14.1046081542969
1999,5,25,10.1235595703125
1999,5,26,7.46157226562502
1999,5,27,7.96065673828127
1999,5,28,10.6240478515625
1999,5,29,12.7901550292969
1999,5,30,14.3037658691406
1999,5,31,16.6059814453125
1999,6,1,16.4385314941406
1999,6,2,16.3955017089844
1999,6,3,16.8328186035156
1999,6,4,17.955224609375
1999,6,5,17.9554382324219
1999,6,6,18.962060546875
1999,6,7,19.3518310546875
1999,6,8,19.887841796875
1999,6,9,19.2926879882813
1999,6,10,19.7644592285156
1999,6,11,19.8945861816406
1999,6,12,21.0874877929688
1999,6,13,20.0840698242188
1999,6,14,17.091943359375
1999,6,15,17.8234497070313
1999,6,16,19.9152770996094
1999,6,17,20.3257995605469
1999,6,18,20.8462463378906
1999,6,19,20.8078552246094
1999,6,20,18.7879577636719
1999,6,21,17.4231506347656
1999,6,22,18.9638916015625
1999,6,23,20.5377136230469
1999,6,24,16.5258728027344
1999,6,25,12.7624755859375
1999,6,26,13.9049926757813
1999,6,27,16.1490417480469
1999,6,28,13.0852294921875
1999,6,29,13.2645202636719
1999,6,30,13.9226318359375
1999,7,1,13.8944641113281
1999,7,2,15.4820495605469
1999,7,3,17.1769348144531
1999,7,4,15.973779296875
1999,7,5,14.4663330078125
1999,7,6,15.06728515625
1999,7,7,14.9993530273438
1999,7,8,15.6513610839844
1999,7,9,13.9419799804688
1999,7,10,13.4913269042969
1999,7,11,12.3201232910156
1999,7,12,12.1247802734375
1999,7,13,13.2935119628906
1999,7,14,16.8666931152344
1999,7,15,17.2763305664063
1999,7,16,13.3059326171875
1999,7,17,12.416650390625
1999,7,18,14.8115173339844
1999,7,19,14.1311889648438
1999,7,20,16.1889892578125
1999,7,21,18.9801574707031
1999,7,22,20.6273742675781
1999,7,23,20.0967041015625
1999,7,24,17.063134765625
1999,7,25,18.4724365234375
1999,7,26,21.9368835449219
1999,7,27,21.6858154296875
1999,7,28,17.7931457519531
1999,7,29,16.43544921875
1999,7,30,17.446435546875
1999,7,31,18.1471496582031
1999,8,1,17.4634338378906
1999,8,2,17.8933349609375
1999,8,3,21.1765075683594
1999,8,4,23.4754577636719
1999,8,5,22.9614196777344
1999,8,6,23.54287109375
1999,8,7,24.2359252929688
1999,8,8,24.6038452148438
1999,8,9,18.7485900878906
1999,8,10,17.9800659179688
1999,8,11,17.8391052246094
1999,8,12,18.2613159179688
1999,8,13,17.5231872558594
1999,8,14,17.9657531738281
1999,8,15,16.7484375
1999,8,16,16.1606689453125
1999,8,17,15.3890319824219
1999,8,18,16.6883178710938
1999,8,19,17.2217041015625
1999,8,20,18.4453674316406
1999,8,21,18.2875915527344
1999,8,22,17.5314270019531
1999,8,23,17.5280090332031
1999,8,24,13.8048950195313
1999,8,25,12.6762634277344
1999,8,26,13.5815063476563
1999,8,27,13.4493347167969
1999,8,28,12.8712097167969
1999,8,29,14.5857177734375
1999,8,30,15.2175842285156
1999,8,31,12.7420288085938
1999,9,1,11.4660583496094
1999,9,2,11.1338745117188
1999,9,3,11.3138671875
1999,9,4,10.0110107421875
1999,9,5,10.9765258789063
1999,9,6,10.2745910644531
1999,9,7,11.90908203125
1999,9,8,12.6423583984375
1999,9,9,10.9631591796875
1999,9,10,10.1786437988281
1999,9,11,10.2229248046875
1999,9,12,10.522607421875
1999,9,13,11.9283996582031
1999,9,14,10.814111328125
1999,9,15,12.4160400390625
1999,9,16,14.1971984863281
1999,9,17,15.9432922363281
1999,9,18,17.7615905761719
1999,9,19,15.8823791503906
1999,9,20,17.6473327636719
1999,9,21,17.9575744628906
1999,9,22,18.5720458984375
1999,9,23,15.6718383789063
1999,9,24,15.2305847167969
1999,9,25,14.1397033691406
1999,9,26,12.3188110351563
1999,9,27,11.9786315917969
1999,9,28,12.1735473632813
1999,9,29,11.66591796875
1999,9,30,11.3803344726563
1999,10,1,11.4994140625
1999,10,2,9.7863708496094
1999,10,3,10.7683044433594
1999,10,4,12.2711730957031
1999,10,5,12.0641723632813
1999,10,6,12.7815490722656
1999,10,7,10.1338745117188
1999,10,8,12.8474060058594
1999,10,9,10.5738159179688
1999,10,10,14.6588989257813
1999,10,11,11.4939819335938
1999,10,12,11.2654052734375
1999,10,13,15.1464477539063
1999,10,14,14.6104675292969
1999,10,15,10.5761047363281
1999,10,16,8.09331665039065
1999,10,17,6.40996704101565
1999,10,18,5.24785766601565
1999,10,19,3.74202880859377
1999,10,20,3.24419555664065
1999,10,21,3.56658325195315
1999,10,22,5.62801513671877
1999,10,23,7.95598754882815
1999,10,24,8.7670837402344
1999,10,25,7.38265380859377
1999,10,26,8.46315917968752
1999,10,27,8.65407714843752
1999,10,28,7.93328247070315
1999,10,29,7.5766540527344
1999,10,30,9.64385375976565
1999,10,31,5.75606689453127
1999,11,1,5.73238525390627
1999,11,2,8.9049011230469
1999,11,3,9.8568054199219
1999,11,4,7.72976074218752
1999,11,5,9.23076782226565
1999,11,6,8.88515625000002
1999,11,7,4.49544677734377
1999,11,8,5.59237060546877
1999,11,9,5.07708129882815
1999,11,10,4.05056152343752
1999,11,11,4.59563598632815
1999,11,12,4.57937011718752
1999,11,13,3.60756835937502
1999,11,14,2.49431762695315
1999,11,15,1.56768188476565
1999,11,16,-0.367041015624977
1999,11,17,-1.5471252441406
1999,11,18,4.59572753906252
1999,11,19,9.33736572265627
1999,11,20,7.77028808593752
1999,11,21,5.06548461914065
1999,11,22,5.10161743164065
1999,11,23,1.3076110839844
1999,11,24,-3.15387573242185
1999,11,25,-4.0325988769531
1999,11,26,-3.8663391113281
1999,11,27,-1.66156616210935
1999,11,28,-1.98969116210935
1999,11,29,-2.28046264648435
1999,11,30,-1.7887023925781
1999,12,1,-3.28531494140623
1999,12,2,-3.8407043457031
1999,12,3,-1.96954956054685
1999,12,4,-3.66733398437498
1999,12,5,-2.53070678710935
1999,12,6,-3.31989135742185
1999,12,7,-3.1044982910156
1999,12,8,-2.49985351562498
1999,12,9,-4.04584350585935
1999,12,10,-5.5905822753906
1999,12,11,-2.38724365234373
1999,12,12,-0.355535888671852
1999,12,13,3.77871093750002
1999,12,14,1.15151367187502
1999,12,15,-1.51618041992185
1999,12,16,-4.7800354003906
1999,12,17,-5.33731689453123
1999,12,18,-5.9428771972656
1999,12,19,-6.6607727050781
1999,12,20,-6.87775268554685
1999,12,21,-1.2155822753906
1999,12,22,-1.78171386718748
1999,12,23,-2.86237182617185
1999,12,24,-5.0037902832031
1999,12,25,-4.3980773925781
1999,12,26,-4.8260559082031
1999,12,27,-3.76639404296873
1999,12,28,-1.23685302734373
1999,12,29,0.636834716796898
1999,12,30,2.40203247070315
1999,12,31,0.415002441406273
2000,1,1,-3.04044189453123
2000,1,2,-3.11676635742185
2000,1,3,-2.5677551269531
2000,1,4,-1.2812561035156
2000,1,5,-1.67474975585935
2000,1,6,-3.51926269531248
2000,1,7,0.447564697265648
2000,1,8,2.13497314453127
2000,1,9,0.287408447265648
2000,1,10,0.454217529296898
2000,1,11,1.70452270507815
2000,1,12,1.35189208984377
2000,1,13,-0.597357177734352
2000,1,14,-0.334082031249977
2000,1,15,0.417352294921898
2000,1,16,0.754998779296898
2000,1,17,1.8643737792969
2000,1,18,1.6230407714844
2000,1,19,-0.0569519042968523
2000,1,20,0.369439697265648
2000,1,21,1.51027832031252
2000,1,22,3.72258911132815
2000,1,23,2.26497802734377
2000,1,24,0.463159179687523
2000,1,25,0.545617675781273
2000,1,26,3.73409423828127
2000,1,27,3.18966064453127
2000,1,28,2.8257995605469
2000,1,29,4.50631103515627
2000,1,30,2.21285400390627
2000,1,31,3.8636413574219
2000,2,1,-0.374731445312477
2000,2,2,0.672357177734398
2000,2,3,0.574060058593773
2000,2,4,1.12468872070315
2000,2,5,3.52108154296877
2000,2,6,2.7733093261719
2000,2,7,0.923577880859398
2000,2,8,0.410394287109398
2000,2,9,2.3756042480469
2000,2,10,0.358575439453148
2000,2,11,-1.8319152832031
2000,2,12,0.856439208984398
2000,2,13,-0.864904785156227
2000,2,14,-1.08014526367185
2000,2,15,-1.09271850585935
2000,2,16,-2.6578430175781
2000,2,17,-2.92166748046873
2000,2,18,-1.4519104003906
2000,2,19,-1.26456298828123
2000,2,20,-1.07272949218748
2000,2,21,-2.4770568847656
2000,2,22,-1.4781555175781
2000,2,23,0.0190673828125227
2000,2,24,1.6066833496094
2000,2,25,1.79073486328127
2000,2,26,1.34234008789065
2000,2,27,-0.215185546874977
2000,2,28,0.729760742187523
2000,2,29,-0.328894042968727
2000,3,1,-1.1527160644531
2000,3,2,-2.33234252929685
2000,3,3,-2.92807617187498
2000,3,4,-2.6767639160156
2000,3,5,-3.07697143554685
2000,3,6,-4.37436523437498
2000,3,7,-2.55173339843748
2000,3,8,-2.59573974609373
2000,3,9,-3.1036437988281
2000,3,10,-0.730261230468727
2000,3,11,0.642877197265648
2000,3,12,4.66646728515627
2000,3,13,5.28206787109377
2000,3,14,5.31551513671877
2000,3,15,3.34658203125002
2000,3,16,1.50090942382815
2000,3,17,0.577020263671898
2000,3,18,0.367333984375023
2000,3,19,3.94826660156252
2000,3,20,5.48760375976565
2000,3,21,7.3577819824219
2000,3,22,7.13137207031252
2000,3,23,6.90484008789065
2000,3,24,5.77593383789065
2000,3,25,4.55751953125002
2000,3,26,4.55428466796877
2000,3,27,4.1026550292969
2000,3,28,7.96270141601565
2000,3,29,5.45659790039065
2000,3,30,3.84420166015627
2000,3,31,3.06267700195315
2000,4,1,4.45516357421877
2000,4,2,2.28054199218752
2000,4,3,2.39312133789065
2000,4,4,3.1840759277344
2000,4,5,5.62416992187502
2000,4,6,6.2893005371094
2000,4,7,5.2634216308594
2000,4,8,4.9223571777344
2000,4,9,5.20656738281252
2000,4,10,5.68160400390627
2000,4,11,7.2394958496094
2000,4,12,7.04631958007815
2000,4,13,8.39019165039065
2000,4,14,9.3486267089844
2000,4,15,7.53585205078127
2000,4,16,6.2322937011719
2000,4,17,8.0566345214844
2000,4,18,9.5662780761719
2000,4,19,8.0723815917969
2000,4,20,9.42312011718752
2000,4,21,8.96199951171877
2000,4,22,8.34542236328127
2000,4,23,7.47445068359377
2000,4,24,5.12551269531252
2000,4,25,3.49175415039065
2000,4,26,2.7386413574219
2000,4,27,3.54897460937502
2000,4,28,3.87081298828127
2000,4,29,3.46767578125002
2000,4,30,4.25344238281252
2000,5,1,9.28029785156252
2000,5,2,9.55852661132815
2000,5,3,8.73067626953127
2000,5,4,12.0051818847656
2000,5,5,9.4755798339844
2000,5,6,7.05416259765627
2000,5,7,7.3179870605469
2000,5,8,9.40682373046877
2000,5,9,7.0552917480469
2000,5,10,7.6260925292969
2000,5,11,10.3933654785156
2000,5,12,14.2288757324219
2000,5,13,16.5249877929688
2000,5,14,16.4340759277344
2000,5,15,15.7847534179688
2000,5,16,12.8972412109375
2000,5,17,7.43337402343752
2000,5,18,9.98049316406252
2000,5,19,11.3872009277344
2000,5,20,12.0307556152344
2000,5,21,10.6928955078125
2000,5,22,8.87713012695315
2000,5,23,9.6048522949219
2000,5,24,6.93694458007815
2000,5,25,7.41268310546877
2000,5,26,8.16204223632815
2000,5,27,7.1990905761719
2000,5,28,5.15584716796877
2000,5,29,6.22515258789065
2000,5,30,7.89202270507815
2000,5,31,8.67998657226565
2000,6,1,7.6263366699219
2000,6,2,7.36397705078127
2000,6,3,8.26043090820315
2000,6,4,10.6020751953125
2000,6,5,14.9297729492188
2000,6,6,12.8638244628906
2000,6,7,11.02529296875
2000,6,8,13.4722534179688
2000,6,9,17.9952026367188
2000,6,10,19.357568359375
2000,6,11,19.7937255859375
2000,6,12,19.91787109375
2000,6,13,17.85
2000,6,14,16.7192626953125
2000,6,15,17.0040222167969
2000,6,16,18.2978454589844
2000,6,17,16.5246520996094
2000,6,18,14.8196655273438
2000,6,19,14.8032775878906
2000,6,20,17.651025390625
2000,6,21,18.2341247558594
2000,6,22,16.6896301269531
2000,6,23,16.7581115722656
2000,6,24,18.55849609375
2000,6,25,18.5831237792969
2000,6,26,19.1000305175781
2000,6,27,20.45205078125
2000,6,28,17.9736572265625
2000,6,29,16.112939453125
2000,6,30,14.7964416503906
2000,7,1,15.0783325195313
2000,7,2,15.2295166015625
2000,7,3,17.0451904296875
2000,7,4,15.2572265625
2000,7,5,13.4530578613281
2000,7,6,14.794580078125
2000,7,7,14.8647399902344
2000,7,8,16.1170593261719
2000,7,9,16.78310546875
2000,7,10,17.9760070800781
2000,7,11,18.4945007324219
2000,7,12,19.0998779296875
2000,7,13,20.4649291992188
2000,7,14,20.0191589355469
2000,7,15,17.1177612304688
2000,7,16,16.4547058105469
2000,7,17,17.05458984375
2000,7,18,17.8966003417969
2000,7,19,13.4651428222656
2000,7,20,13.5400634765625
2000,7,21,15.966943359375
2000,7,22,18.4811340332031
2000,7,23,17.6591735839844
2000,7,24,18.2463623046875
2000,7,25,19.3164916992188
2000,7,26,17.2110534667969
2000,7,27,15.1712280273438
2000,7,28,15.5935607910156
2000,7,29,16.5150085449219
2000,7,30,14.7856994628906
2000,7,31,15.8770690917969
2000,8,1,16.5615478515625
2000,8,2,15.1463256835938
2000,8,3,15.2465148925781
2000,8,4,16.0477844238281
2000,8,5,18.8041320800781
2000,8,6,21.6123901367188
2000,8,7,22.3845764160156
2000,8,8,21.0483032226563
2000,8,9,19.9653869628906
2000,8,10,19.3300109863281
2000,8,11,17.9909301757813
2000,8,12,17.4337097167969
2000,8,13,17.4175048828125
2000,8,14,18.2990661621094
2000,8,15,18.3923583984375
2000,8,16,17.9390808105469
2000,8,17,18.9962097167969
2000,8,18,17.9836364746094
2000,8,19,15.9774719238281
2000,8,20,16.4089599609375
2000,8,21,16.7324768066406
2000,8,22,18.9326416015625
2000,8,23,18.5962463378906
2000,8,24,16.1828552246094
2000,8,25,15.2878356933594
2000,8,26,15.5795837402344
2000,8,27,16.2801452636719
2000,8,28,15.79482421875
2000,8,29,15.2295776367188
2000,8,30,15.0961853027344
2000,8,31,14.6907897949219
2000,9,1,13.3463684082031
2000,9,2,11.6788879394531
2000,9,3,11.9215637207031
2000,9,4,11.1109558105469
2000,9,5,12.11171875
2000,9,6,12.5622802734375
2000,9,7,10.0584350585938
2000,9,8,10.8664184570313
2000,9,9,11.6299072265625
2000,9,10,11.4427734375
2000,9,11,10.7110534667969
2000,9,12,13.3381896972656
2000,9,13,13.6578918457031
2000,9,14,11.1422058105469
2000,9,15,12.9150939941406
2000,9,16,15.5414978027344
2000,9,17,14.5310607910156
2000,9,18,12.6343017578125
2000,9,19,12.88759765625
2000,9,20,12.7040954589844
2000,9,21,14.8643127441406
2000,9,22,14.0990844726563
2000,9,23,12.395166015625
2000,9,24,12.3005310058594
2000,9,25,12.0584045410156
2000,9,26,11.51943359375
2000,9,27,10.3041320800781
2000,9,28,11.0382019042969
2000,9,29,11.4082275390625
2000,9,30,12.6025939941406
2000,10,1,15.0101867675781
2000,10,2,13.8086486816406
2000,10,3,11.3920227050781
2000,10,4,10.8216796875
2000,10,5,8.98174438476565
2000,10,6,11.69765625
2000,10,7,13.5261779785156
2000,10,8,12.97548828125
2000,10,9,12.5876708984375
2000,10,10,10.2395874023438
2000,10,11,9.02373657226565
2000,10,12,7.72194824218752
2000,10,13,7.66170654296877
2000,10,14,8.06496582031252
2000,10,15,7.94686279296877
2000,10,16,8.58107910156252
2000,10,17,10.9696899414063
2000,10,18,10.2636962890625
2000,10,19,8.01406250000002
2000,10,20,5.1072937011719
2000,10,21,4.68782958984377
2000,10,22,5.00002441406252
2000,10,23,1.85720214843752
2000,10,24,0.543054199218773
2000,10,25,3.09087524414065
2000,10,26,1.30501708984377
2000,10,27,0.569329833984398
2000,10,28,1.91121826171877
2000,10,29,4.14724121093752
2000,10,30,5.10628662109377
2000,10,31,6.2653747558594
2000,11,1,6.63540039062502
2000,11,2,4.3222595214844
2000,11,3,3.63411865234377
2000,11,4,7.04836425781252
2000,11,5,10.1202331542969
2000,11,6,10.0523010253906
2000,11,7,8.04863891601565
2000,11,8,6.6393981933594
2000,11,9,5.5391784667969
2000,11,10,5.60857543945315
2000,11,11,5.28695068359377
2000,11,12,1.21856079101565
2000,11,13,-1.07431640624998
2000,11,14,1.17818603515627
2000,11,15,-0.960363769531227
2000,11,16,-3.4781555175781
2000,11,17,-2.11420288085935
2000,11,18,-2.9915832519531
2000,11,19,-5.89316406249998
2000,11,20,-5.34140624999998
2000,11,21,-2.14798583984373
2000,11,22,1.09200439453127
2000,11,23,3.80611572265627
2000,11,24,4.52825317382815
2000,11,25,3.19893798828127
2000,11,26,1.76140747070315
2000,11,27,0.602868652343773
2000,11,28,3.5161071777344
2000,11,29,4.06133422851565
2000,11,30,2.18258056640627
2000,12,1,-1.1490539550781
2000,12,2,3.39473876953127
2000,12,3,3.1850524902344
2000,12,4,-2.84488525390623
2000,12,5,-6.56558837890623
2000,12,6,-6.08597412109373
2000,12,7,-5.79901733398435
2000,12,8,-3.24921264648435
2000,12,9,-0.905828857421852
2000,12,10,0.140100097656273
2000,12,11,3.7596374511719
2000,12,12,3.33040771484377
2000,12,13,0.229760742187523
2000,12,14,-0.000402832031227263
2000,12,15,2.17861328125002
2000,12,16,4.90761718750002
2000,12,17,6.09249267578127
2000,12,18,6.62685546875002
2000,12,19,3.9221130371094
2000,12,20,1.59905395507815
2000,12,21,2.39870605468752
2000,12,22,3.90169677734377
2000,12,23,4.31975708007815
2000,12,24,2.71560058593752
2000,12,25,1.98195800781252
2000,12,26,5.38869628906252
2000,12,27,6.4722839355469
2000,12,28,4.73616943359377
2000,12,29,4.4647155761719
2000,12,30,6.4417663574219
2000,12,31,7.76821289062502
2001,1,1,7.83559570312502
2001,1,2,9.1918884277344
2001,1,3,9.69448242187502
2001,1,4,8.9829040527344
2001,1,5,7.62929687500002
2001,1,6,5.58403930664065
2001,1,7,7.22918090820315
2001,1,8,7.2694030761719
2001,1,9,7.54226074218752
2001,1,10,7.51766357421877
2001,1,11,5.83577880859377
2001,1,12,3.19436035156252
2001,1,13,4.73540649414065
2001,1,14,0.984704589843773
2001,1,15,-0.414129638671852
2001,1,16,-0.467047119140602
2001,1,17,-1.30283203124998
2001,1,18,-0.726141357421852
2001,1,19,1.4743591308594
2001,1,20,1.9313903808594
2001,1,21,-0.221014404296852
2001,1,22,1.72957763671877
2001,1,23,3.47612915039065
2001,1,24,-0.157537841796852
2001,1,25,2.29070434570315
2001,1,26,5.1188903808594
2001,1,27,-0.415869140624977
2001,1,28,-1.2994445800781
2001,1,29,-1.48563232421873
2001,1,30,0.730218505859398
2001,1,31,5.09737548828127
2001,2,1,6.80611572265627
2001,2,2,5.36724243164065
2001,2,3,3.0489440917969
2001,2,4,-0.766821289062477
2001,2,5,2.08281860351565
2001,2,6,3.8868347167969
2001,2,7,2.5703063964844
2001,2,8,3.62777099609377
2001,2,9,3.15505371093752
2001,2,10,1.20644531250002
2001,2,11,-0.173986816406227
2001,2,12,0.323937988281273
2001,2,13,-1.12579956054685
2001,2,14,-2.68692626953123
2001,2,15,-2.75128784179685
2001,2,16,-2.45493164062498
2001,2,17,-1.53925170898435
2001,2,18,-3.58572998046873
2001,2,19,-1.57333984374998
2001,2,20,0.946862792968773
2001,2,21,4.84212646484377
2001,2,22,3.15255126953127
2001,2,23,-0.240423583984352
2001,2,24,-2.2677062988281
2001,2,25,-2.0424865722656
2001,2,26,-2.4383605957031
2001,2,27,-3.35642089843748
2001,2,28,-3.61139526367185
2001,3,1,0.718316650390648
2001,3,2,1.31072387695315
2001,3,3,-1.2605041503906
2001,3,4,-3.3481506347656
2001,3,5,-2.26032104492185
2001,3,6,1.05974731445315
2001,3,7,6.79995117187502
2001,3,8,2.43862304687502
2001,3,9,1.04464111328127
2001,3,10,3.48195800781252
2001,3,11,6.75151977539065
2001,3,12,7.9908386230469
2001,3,13,5.4357849121094
2001,3,14,7.5673767089844
2001,3,15,7.54378662109377
2001,3,16,3.1577087402344
2001,3,17,1.23690185546877
2001,3,18,1.3676696777344
2001,3,19,2.29238281250002
2001,3,20,0.297631835937523
2001,3,21,0.343316650390648
2001,3,22,-0.806219482421852
2001,3,23,1.5654235839844
2001,3,24,1.78899536132815
2001,3,25,1.46291503906252
2001,3,26,2.71041259765627
2001,3,27,3.53435668945315
2001,3,28,2.7379089355469
2001,3,29,2.0342956542969
2001,3,30,1.4558044433594
2001,3,31,3.80574951171877
2001,4,1,5.89238891601565
2001,4,2,2.5058532714844
2001,4,3,3.84295043945315
2001,4,4,5.4954772949219
2001,4,5,6.97161254882815
2001,4,6,9.0460144042969
2001,4,7,10.7288452148438
2001,4,8,11.4963928222656
2001,4,9,11.3764587402344
2001,4,10,11.7389770507813
2001,4,11,12.230126953125
2001,4,12,12.9246459960938
2001,4,13,13.5156799316406
2001,4,14,12.714013671875
2001,4,15,9.42824707031252
2001,4,16,9.58501586914065
2001,4,17,8.3133483886719
2001,4,18,4.67861328125002
2001,4,19,3.99117431640627
2001,4,20,6.8535095214844
2001,4,21,6.29738769531252
2001,4,22,7.68743286132815
2001,4,23,7.30703125000002
2001,4,24,5.50826416015627
2001,4,25,8.91805419921877
2001,4,26,4.9841247558594
2001,4,27,2.6065612792969
2001,4,28,1.3496032714844
2001,4,29,4.17708740234377
2001,4,30,7.79924926757815
2001,5,1,9.6652770996094
2001,5,2,10.7944580078125
2001,5,3,10.7812133789063
2001,5,4,11.7907043457031
2001,5,5,11.3364501953125
2001,5,6,7.97713623046877
2001,5,7,5.96505126953127
2001,5,8,2.5906921386719
2001,5,9,2.56905517578127
2001,5,10,4.7757507324219
2001,5,11,4.03130493164065
2001,5,12,2.51506958007815
2001,5,13,3.56560668945315
2001,5,14,6.8574157714844
2001,5,15,10.5281311035156
2001,5,16,7.70488891601565
2001,5,17,9.55983886718752
2001,5,18,6.89290771484377
2001,5,19,7.28457031250002
2001,5,20,7.30562744140627
2001,5,21,6.92254028320315
2001,5,22,7.4246765136719
2001,5,23,10.8477416992188
2001,5,24,11.6138854980469
2001,5,25,12.1512084960938
2001,5,26,12.2965026855469
2001,5,27,12.7724243164063
2001,5,28,11.4158569335938
2001,5,29,10.9144226074219
2001,5,30,10.2387939453125
2001,5,31,11.4594055175781
2001,6,1,12.7846923828125
2001,6,2,12.092919921875
2001,6,3,10.9249816894531
2001,6,4,11.3612915039063
2001,6,5,11.7036682128906
2001,6,6,10.57705078125
2001,6,7,12.1841979980469
2001,6,8,12.9634643554688
2001,6,9,12.9168029785156
2001,6,10,13.0113464355469
2001,6,11,11.6718994140625
2001,6,12,10.6365295410156
2001,6,13,12.1325317382813
2001,6,14,14.1210266113281
2001,6,15,12.4670959472656
2001,6,16,13.1935363769531
2001,6,17,16.2292419433594
2001,6,18,17.7113891601563
2001,6,19,19.0644165039063
2001,6,20,20.5450988769531
2001,6,21,22.5776000976563
2001,6,22,24.2561584472656
2001,6,23,23.726220703125
2001,6,24,21.5801635742188
2001,6,25,17.7956176757813
2001,6,26,16.7568298339844
2001,6,27,16.9950805664063
2001,6,28,16.2151123046875
2001,6,29,15.7058349609375
2001,6,30,15.3491455078125
2001,7,1,16.7707763671875
2001,7,2,16.0337463378906
2001,7,3,16.0845886230469
2001,7,4,15.7434936523438
2001,7,5,15.7401672363281
2001,7,6,15.5494018554688
2001,7,7,15.2777038574219
2001,7,8,15.8040405273438
2001,7,9,15.0584045410156
2001,7,10,12.9878479003906
2001,7,11,14.1273742675781
2001,7,12,13.8110290527344
2001,7,13,14.7042175292969
2001,7,14,16.9627624511719
2001,7,15,16.6155944824219
2001,7,16,15.7473388671875
2001,7,17,16.3413940429688
2001,7,18,19.021875
2001,7,19,19.7939697265625
2001,7,20,23.1530700683594
2001,7,21,22.4450622558594
2001,7,22,17.443994140625
2001,7,23,19.053369140625
2001,7,24,19.038232421875
2001,7,25,19.0581604003906
2001,7,26,19.9481140136719
2001,7,27,20.3641296386719
2001,7,28,21.9389892578125
2001,7,29,20.7031799316406
2001,7,30,24.1125732421875
2001,7,31,24.7434936523438
2001,8,1,22.1809326171875
2001,8,2,22.9244018554688
2001,8,3,20.2131286621094
2001,8,4,16.8160034179688
2001,8,5,18.2836242675781
2001,8,6,18.3312622070313
2001,8,7,20.4118286132813
2001,8,8,18.0648742675781
2001,8,9,16.3253112792969
2001,8,10,19.5558715820313
2001,8,11,22.2450500488281
2001,8,12,24.3865905761719
2001,8,13,25.8019958496094
2001,8,14,26.6625305175781
2001,8,15,27.202783203125
2001,8,16,25.9547668457031
2001,8,17,22.1543823242188
2001,8,18,20.0375305175781
2001,8,19,18.9178100585938
2001,8,20,18.8700500488281
2001,8,21,20.4216247558594
2001,8,22,22.4415222167969
2001,8,23,26.0481811523438
2001,8,24,26.726220703125
2001,8,25,23.8018432617188
2001,8,26,25.589990234375
2001,8,27,23.2431274414063
2001,8,28,19.3535095214844
2001,8,29,18.10244140625
2001,8,30,17.6515747070313
2001,8,31,17.4088989257813
2001,9,1,15.5453125
2001,9,2,14.1379638671875
2001,9,3,13.25380859375
2001,9,4,13.9609313964844
2001,9,5,14.9031311035156
2001,9,6,17.5519653320313
2001,9,7,16.6563049316406
2001,9,8,12.9589477539063
2001,9,9,13.44912109375
2001,9,10,15.7997375488281
2001,9,11,12.4395385742188
2001,9,12,11.8490539550781
2001,9,13,14.6959167480469
2001,9,14,18.1128479003906
2001,9,15,20.8935180664063
2001,9,16,20.2796875
2001,9,17,18.000146484375
2001,9,18,15.0122314453125
2001,9,19,11.2210632324219
2001,9,20,11.2067504882813
2001,9,21,11.7962280273438
2001,9,22,10.6342712402344
2001,9,23,11.3454528808594
2001,9,24,11.9735046386719
2001,9,25,10.860986328125
2001,9,26,9.48165283203127
2001,9,27,8.50069580078127
2001,9,28,9.4589782714844
2001,9,29,10.7500244140625
2001,9,30,9.15313110351565
2001,10,1,10.4972473144531
2001,10,2,10.8305908203125
2001,10,3,11.0783935546875
2001,10,4,11.1619812011719
2001,10,5,11.58681640625
2001,10,6,13.3101745605469
2001,10,7,12.534326171875
2001,10,8,16.1337829589844
2001,10,9,16.7100463867188
2001,10,10,16.7644897460938
2001,10,11,17.0896240234375
2001,10,12,14.340966796875
2001,10,13,12.1082397460938
2001,10,14,11.3464599609375
2001,10,15,11.4007202148438
2001,10,16,12.3750854492188
2001,10,17,10.8376403808594
2001,10,18,8.94753417968752
2001,10,19,8.23626098632815
2001,10,20,9.98189697265627
2001,10,21,8.53557739257815
2001,10,22,7.28408203125002
2001,10,23,7.61873779296877
2001,10,24,5.82488403320315
2001,10,25,4.9107604980469
2001,10,26,7.0601745605469
2001,10,27,7.0237976074219
2001,10,28,7.84267578125002
2001,10,29,10.2885070800781
2001,10,30,8.8980651855469
2001,10,31,7.97231445312502
2001,11,1,7.5471130371094
2001,11,2,7.75322875976565
2001,11,3,9.47609863281252
2001,11,4,11.1841064453125
2001,11,5,10.87587890625
2001,11,6,10.7439819335938
2001,11,7,10.0618530273438
2001,11,8,9.23479614257815
2001,11,9,12.587548828125
2001,11,10,10.4976440429688
2001,11,11,5.74666748046877
2001,11,12,10.5974975585938
2001,11,13,4.84026489257815
2001,11,14,3.49373779296877
2001,11,15,3.3187194824219
2001,11,16,5.11129150390627
2001,11,17,3.40041503906252
2001,11,18,-0.651129150390602
2001,11,19,-2.06952514648435
2001,11,20,1.6693054199219
2001,11,21,2.93340454101565
2001,11,22,2.00264892578127
2001,11,23,3.94649658203127
2001,11,24,6.9462829589844
2001,11,25,6.93584594726565
2001,11,26,4.88747558593752
2001,11,27,4.6821228027344
2001,11,28,4.89351806640627
2001,11,29,9.6812683105469
2001,11,30,10.0283752441406
2001,12,1,8.01156005859377
2001,12,2,6.0277038574219
2001,12,3,2.97939453125002
2001,12,4,2.33284912109377
2001,12,5,2.7775817871094
2001,12,6,4.33574829101565
2001,12,7,2.77129516601565
2001,12,8,3.30950317382815
2001,12,9,1.2825866699219
2001,12,10,0.367150878906273
2001,12,11,-0.0954650878906023
2001,12,12,-2.39719238281248
2001,12,13,-6.41412963867185
2001,12,14,-6.52823486328123
2001,12,15,-5.2884582519531
2001,12,16,-0.984259033203102
2001,12,17,-1.55972900390623
2001,12,18,-0.177832031249977
2001,12,19,-3.82514038085935
2001,12,20,-3.8723205566406
2001,12,21,-3.24054565429685
2001,12,22,0.726312255859398
2001,12,23,1.19295654296877
2001,12,24,0.903405761718773
2001,12,25,-0.213629150390602
2001,12,26,0.329003906250023
2001,12,27,-0.606420898437477
2001,12,28,-1.91379394531248
2001,12,29,-1.9054016113281
2001,12,30,-1.5931457519531
2001,12,31,-2.4642395019531
2002,1,1,-1.9788879394531
2002,1,2,-4.2356018066406
2002,1,3,-5.10782470703123
2002,1,4,-7.32834472656248
2002,1,5,-4.45651855468748
2002,1,6,-4.52570190429685
2002,1,7,0.397760009765648
2002,1,8,-0.0354675292968523
2002,1,9,-1.35190429687498
2002,1,10,-4.66446533203123
2002,1,11,-4.92752685546873
2002,1,12,1.1324401855469
2002,1,13,3.40029296875002
2002,1,14,7.10833129882815
2002,1,15,2.50628051757815
2002,1,16,3.18755493164065
2002,1,17,1.88265380859377
2002,1,18,-1.50412597656248
2002,1,19,-3.41025390624998
2002,1,20,-2.6689514160156
2002,1,21,0.861505126953148
2002,1,22,-1.82245483398435
2002,1,23,-7.39255371093748
2002,1,24,-5.7227844238281
2002,1,25,-2.89609374999998
2002,1,26,1.89959106445315
2002,1,27,3.30495605468752
2002,1,28,3.4266296386719
2002,1,29,4.60186157226565
2002,1,30,1.99370727539065
2002,1,31,1.39833984375002
2002,2,1,1.00991210937502
2002,2,2,-0.188635253906227
2002,2,3,0.334741210937523
2002,2,4,-2.1029113769531
2002,2,5,-1.37473144531248
2002,2,6,0.725030517578148
2002,2,7,1.22652587890627
2002,2,8,-0.250585937499977
2002,2,9,-0.365911865234352
2002,2,10,-2.87735595703123
2002,2,11,-2.88080444335935
2002,2,12,1.2005554199219
2002,2,13,1.5654235839844
2002,2,14,4.03817138671877
2002,2,15,4.71627197265627
2002,2,16,0.435815429687523
2002,2,17,2.20232543945315
2002,2,18,1.91536865234377
2002,2,19,0.824182128906273
2002,2,20,1.1494079589844
2002,2,21,1.68889770507815
2002,2,22,1.45424804687502
2002,2,23,-0.243658447265602
2002,2,24,-1.73795166015623
2002,2,25,-1.70892944335935
2002,2,26,-2.03018798828123
2002,2,27,-2.37296142578123
2002,2,28,-2.11380615234373
2002,3,1,-1.77738037109373
2002,3,2,-1.8112854003906
2002,3,3,0.157891845703148
2002,3,4,2.01540527343752
2002,3,5,0.422021484375023
2002,3,6,-1.0987609863281
2002,3,7,-1.40912475585935
2002,3,8,-1.0553039550781
2002,3,9,-1.64176025390623
2002,3,10,-2.52243652343748
2002,3,11,-2.45126953124998
2002,3,12,-1.2944396972656
2002,3,13,-0.646795654296852
2002,3,14,-2.46231689453123
2002,3,15,1.5970397949219
2002,3,16,3.42043457031252
2002,3,17,0.774438476562523
2002,3,18,0.850854492187523
2002,3,19,1.68959960937502
2002,3,20,2.8902526855469
2002,3,21,4.82235107421877
2002,3,22,6.92974243164065
2002,3,23,7.35186157226565
2002,3,24,6.90780029296877
2002,3,25,6.44722900390627
2002,3,26,7.61663208007815
2002,3,27,8.29754028320315
2002,3,28,9.90096435546877
2002,3,29,7.20699462890627
2002,3,30,3.60735473632815
2002,3,31,1.89791259765627
2002,4,1,1.15862426757815
2002,4,2,4.64864501953127
2002,4,3,5.99495849609377
2002,4,4,2.92470703125002
2002,4,5,1.81670532226565
2002,4,6,6.06960449218752
2002,4,7,8.57473144531252
2002,4,8,9.13347778320315
2002,4,9,11.3906799316406
2002,4,10,11.2290283203125
2002,4,11,7.50081787109377
2002,4,12,7.21672973632815
2002,4,13,5.56594238281252
2002,4,14,6.17116699218752
2002,4,15,5.46712646484377
2002,4,16,7.0714050292969
2002,4,17,7.40554199218752
2002,4,18,5.54250488281252
2002,4,19,6.39418945312502
2002,4,20,5.75899658203127
2002,4,21,5.62569580078127
2002,4,22,5.29461059570315
2002,4,23,1.45635375976565
2002,4,24,0.486932373046898
2002,4,25,1.6866394042969
2002,4,26,1.96688232421877
2002,4,27,0.0460144042968977
2002,4,28,1.8754821777344
2002,4,29,4.38002929687502
2002,4,30,7.52919921875002
2002,5,1,6.63421020507815
2002,5,2,5.91326293945315
2002,5,3,10.5342346191406
2002,5,4,7.98067626953127
2002,5,5,7.44094238281252
2002,5,6,9.50371704101565
2002,5,7,6.76516113281252
2002,5,8,6.7138610839844
2002,5,9,7.86239013671877
2002,5,10,9.38906250000002
2002,5,11,9.0624938964844
2002,5,12,6.51189575195315
2002,5,13,6.57756958007815
2002,5,14,6.0698181152344
2002,5,15,5.62758789062502
2002,5,16,7.03777465820315
2002,5,17,6.42360839843752
2002,5,18,7.1606384277344
2002,5,19,6.67400512695315
2002,5,20,6.69802246093752
2002,5,21,6.67537841796877
2002,5,22,9.7255798339844
2002,5,23,13.1404663085938
2002,5,24,10.1647583007813
2002,5,25,8.92855224609377
2002,5,26,10.2795043945313
2002,5,27,14.0442138671875
2002,5,28,14.3793884277344
2002,5,29,12.7354675292969
2002,5,30,9.28566894531252
2002,5,31,10.8851257324219
2002,6,1,13.7405334472656
2002,6,2,12.0863891601563
2002,6,3,11.7792907714844
2002,6,4,9.39547119140627
2002,6,5,8.36434326171877
2002,6,6,8.84639892578127
2002,6,7,10.531884765625
2002,6,8,10.1570983886719
2002,6,9,13.5686584472656
2002,6,10,15.8063293457031
2002,6,11,17.3326049804688
2002,6,12,18.2052856445313
2002,6,13,16.8250061035156
2002,6,14,16.5773254394531
2002,6,15,17.4825988769531
2002,6,16,17.6156860351563
2002,6,17,16.9395385742188
2002,6,18,17.0784851074219
2002,6,19,17.9056030273438
2002,6,20,18.6227966308594
2002,6,21,18.2095886230469
2002,6,22,17.4053588867188
2002,6,23,17.1064697265625
2002,6,24,16.7915893554688
2002,6,25,16.2071472167969
2002,6,26,17.1473937988281
2002,6,27,17.9472595214844
2002,6,28,18.4059692382813
2002,6,29,20.319482421875
2002,6,30,20.2482849121094
2002,7,1,19.1665283203125
2002,7,2,18.4327941894531
2002,7,3,18.8459411621094
2002,7,4,18.5230651855469
2002,7,5,17.1159912109375
2002,7,6,17.0697265625
2002,7,7,16.2867980957031
2002,7,8,16.5618225097656
2002,7,9,16.7180114746094
2002,7,10,19.281396484375
2002,7,11,19.0087524414063
2002,7,12,18.9433227539063
2002,7,13,15.4183898925781
2002,7,14,14.9893432617188
2002,7,15,14.3206115722656
2002,7,16,13.5712829589844
2002,7,17,15.5525756835938
2002,7,18,17.2283874511719
2002,7,19,19.5067687988281
2002,7,20,20.5263610839844
2002,7,21,20.6890502929688
2002,7,22,21.0851684570313
2002,7,23,21.1363159179688
2002,7,24,22.959130859375
2002,7,25,25.3103881835938
2002,7,26,25.8944641113281
2002,7,27,25.9111267089844
2002,7,28,24.246240234375
2002,7,29,25.0524841308594
2002,7,30,24.3315368652344
2002,7,31,22.5663696289063
2002,8,1,20.5682922363281
2002,8,2,19.9020935058594
2002,8,3,20.9739013671875
2002,8,4,20.9160400390625
2002,8,5,18.9237609863281
2002,8,6,19.1418701171875
2002,8,7,19.443505859375
2002,8,8,22.3048034667969
2002,8,9,20.8515258789063
2002,8,10,18.3573852539063
2002,8,11,19.8809448242188
2002,8,12,19.0620361328125
2002,8,13,18.6700988769531
2002,8,14,20.1892639160156
2002,8,15,20.8466735839844
2002,8,16,20.9745422363281
2002,8,17,22.48671875
2002,8,18,23.3821350097656
2002,8,19,22.5424438476563
2002,8,20,20.9687438964844
2002,8,21,20.211572265625
2002,8,22,19.6070190429688
2002,8,23,18.9924560546875
2002,8,24,18.6204772949219
2002,8,25,19.2555480957031
2002,8,26,18.2970825195313
2002,8,27,18.2676025390625
2002,8,28,18.0965515136719
2002,8,29,16.881005859375
2002,8,30,18.3138977050781
2002,8,31,18.4554382324219
2002,9,1,18.3157897949219
2002,9,2,17.8578125
2002,9,3,19.3601013183594
2002,9,4,21.1382385253906
2002,9,5,19.985498046875
2002,9,6,19.7013793945313
2002,9,7,19.9823852539063
2002,9,8,19.08828125
2002,9,9,19.505517578125
2002,9,10,20.9669738769531
2002,9,11,24.0116821289063
2002,9,12,23.5654541015625
2002,9,13,21.0951171875
2002,9,14,18.4610534667969
2002,9,15,19.4705749511719
2002,9,16,17.7781921386719
2002,9,17,16.6980834960938
2002,9,18,17.5348754882813
2002,9,19,17.7387329101563
2002,9,20,16.1885314941406
2002,9,21,15.6748291015625
2002,9,22,17.6515441894531
2002,9,23,17.9901672363281
2002,9,24,17.5437561035156
2002,9,25,17.9798828125
2002,9,26,18.0930725097656
2002,9,27,17.7402282714844
2002,9,28,16.9055419921875
2002,9,29,16.8005004882813
2002,9,30,16.8101745605469
2002,10,1,16.8198791503906
2002,10,2,16.2338195800781
2002,10,3,11.826318359375
2002,10,4,11.7714477539063
2002,10,5,9.91018066406252
2002,10,6,11.0068603515625
2002,10,7,9.47500000000002
2002,10,8,7.5657897949219
2002,10,9,6.3347106933594
2002,10,10,7.36165771484377
2002,10,11,8.49944458007815
2002,10,12,8.04793701171877
2002,10,13,9.2965026855469
2002,10,14,8.2153259277344
2002,10,15,8.93938598632815
2002,10,16,8.1269470214844
2002,10,17,7.4163757324219
2002,10,18,7.34914550781252
2002,10,19,9.52169189453127
2002,10,20,9.8477722167969
2002,10,21,10.0921569824219
2002,10,22,11.4229064941406
2002,10,23,13.3927551269531
2002,10,24,12.1120849609375
2002,10,25,14.6417785644531
2002,10,26,14.2272583007813
2002,10,27,10.1075988769531
2002,10,28,7.35201416015627
2002,10,29,6.41835937500002
2002,10,30,6.46001586914065
2002,10,31,3.2654968261719
2002,11,1,3.98146972656252
2002,11,2,6.0932556152344
2002,11,3,5.68776855468752
2002,11,4,4.22506103515627
2002,11,5,1.22454223632815
2002,11,6,2.0245300292969
2002,11,7,3.29683837890627
2002,11,8,4.5257507324219
2002,11,9,4.36947021484377
2002,11,10,1.98604736328127
2002,11,11,0.586114501953148
2002,11,12,-2.05292358398435
2002,11,13,-1.99616088867185
2002,11,14,-0.637884521484352
2002,11,15,0.796594238281273
2002,11,16,4.05349121093752
2002,11,17,4.21431884765627
2002,11,18,5.64479980468752
2002,11,19,5.67034301757815
2002,11,20,3.3309265136719
2002,11,21,0.642572021484398
2002,11,22,0.247552490234398
2002,11,23,2.0450378417969
2002,11,24,-3.06796874999998
2002,11,25,-4.87848510742185
2002,11,26,-3.78800048828123
2002,11,27,-3.26544799804685
2002,11,28,-0.446325683593727
2002,11,29,1.41488037109377
2002,11,30,1.8590026855469
2002,12,1,1.56008300781252
2002,12,2,0.233392333984398
2002,12,3,0.521173095703148
2002,12,4,4.50222167968752
2002,12,5,4.85686645507815
2002,12,6,6.3344665527344
2002,12,7,5.80013427734377
2002,12,8,6.22878417968752
2002,12,9,4.86538085937502
2002,12,10,4.41399536132815
2002,12,11,2.12395629882815
2002,12,12,0.526940917968773
2002,12,13,3.81536254882815
2002,12,14,5.63482055664065
2002,12,15,7.9005065917969
2002,12,16,5.66292724609377
2002,12,17,2.61000976562502
2002,12,18,2.60674438476565
2002,12,19,3.3065124511719
2002,12,20,2.50481567382815
2002,12,21,-0.190252685546852
2002,12,22,-0.663763427734352
2002,12,23,-1.65439453124998
2002,12,24,-3.36871948242185
2002,12,25,-3.8911193847656
2002,12,26,-4.69779052734373
2002,12,27,-4.45038452148435
2002,12,28,0.588403320312523
2002,12,29,0.274255371093773
2002,12,30,1.86062011718752
2002,12,31,1.70601806640627
2003,1,1,-1.37882080078123
2003,1,2,-2.0897277832031
2003,1,3,-3.58511962890623
2003,1,4,-2.36582031249998
2003,1,5,-4.03964843749998
2003,1,6,-7.43598022460935
2003,1,7,-8.99326171874998
2003,1,8,-2.98953857421873
2003,1,9,1.85555419921877
2003,1,10,4.06557617187502
2003,1,11,1.53066406250002
2003,1,12,-2.18939819335935
2003,1,13,-5.32437744140623
2003,1,14,-4.35983886718748
2003,1,15,3.55556640625002
2003,1,16,4.5152526855469
2003,1,17,7.91097412109377
2003,1,18,5.56679687500002
2003,1,19,1.41518554687502
2003,1,20,0.126580810546898
2003,1,21,-2.89615478515623
2003,1,22,-5.29428710937498
2003,1,23,-6.84104003906248
2003,1,24,-1.22543945312498
2003,1,25,-1.71173706054685
2003,1,26,-3.39548339843748
2003,1,27,-4.83377685546873
2003,1,28,-2.3044494628906
2003,1,29,0.739251708984398
2003,1,30,-0.0271057128906023
2003,1,31,2.62056884765627
2003,2,1,0.835473632812523
2003,2,2,-0.535742187499977
2003,2,3,-0.890447998046852
2003,2,4,4.4341979980469
2003,2,5,4.47255859375002
2003,2,6,5.12261352539065
2003,2,7,3.24361572265627
2003,2,8,3.81987915039065
2003,2,9,5.48653564453127
2003,2,10,3.48031005859377
2003,2,11,2.70803222656252
2003,2,12,5.60219726562502
2003,2,13,5.04119262695315
2003,2,14,3.70058593750002
2003,2,15,3.96175537109377
2003,2,16,4.70977172851565
2003,2,17,4.95089111328127
2003,2,18,5.1893249511719
2003,2,19,4.90706787109377
2003,2,20,5.32100830078127
2003,2,21,5.87578735351565
2003,2,22,3.26906738281252
2003,2,23,1.35079345703127
2003,2,24,1.28841552734377
2003,2,25,1.99398193359377
2003,2,26,2.0082946777344
2003,2,27,1.41192016601565
2003,2,28,0.845483398437523
2003,3,1,4.56337890625002
2003,3,2,6.7268005371094
2003,3,3,2.63894042968752
2003,3,4,3.37960205078127
2003,3,5,2.3002868652344
2003,3,6,2.21547851562502
2003,3,7,2.19820556640627
2003,3,8,5.69976196289065
2003,3,9,3.18438110351565
2003,3,10,0.0447937011718977
2003,3,11,0.633721923828148
2003,3,12,1.45379028320315
2003,3,13,1.0285583496094
2003,3,14,2.06020507812502
2003,3,15,3.69988403320315
2003,3,16,3.2103210449219
2003,3,17,3.32671508789065
2003,3,18,5.21499023437502
2003,3,19,8.51333007812502
2003,3,20,9.50213012695315
2003,3,21,10.3322692871094
2003,3,22,9.91335449218752
2003,3,23,9.25905761718752
2003,3,24,8.51043090820315
2003,3,25,8.0148864746094
2003,3,26,8.48928222656252
2003,3,27,8.3863464355469
2003,3,28,7.6031433105469
2003,3,29,7.27987060546877
2003,3,30,7.02654418945315
2003,3,31,8.03695068359377
2003,4,1,9.66680297851565
2003,4,2,8.65444335937502
2003,4,3,6.62709960937502
2003,4,4,5.79354248046877
2003,4,5,3.5424743652344
2003,4,6,5.92037353515627
2003,4,7,8.02083740234377
2003,4,8,3.7938171386719
2003,4,9,2.14766845703127
2003,4,10,4.63799438476565
2003,4,11,4.74105224609377
2003,4,12,7.22719726562502
2003,4,13,8.49004516601565
2003,4,14,9.63176879882815
2003,4,15,10.9023376464844
2003,4,16,10.9481140136719
2003,4,17,11.8779541015625
2003,4,18,12.9240051269531
2003,4,19,12.9720092773438
2003,4,20,13.4518371582031
2003,4,21,10.4775024414063
2003,4,22,8.56206665039065
2003,4,23,6.92720947265627
2003,4,24,4.68142089843752
2003,4,25,3.7231384277344
2003,4,26,3.07473144531252
2003,4,27,4.66277465820315
2003,4,28,5.78328857421877
2003,4,29,8.8734069824219
2003,4,30,11.3976684570313
2003,5,1,12.0857788085938
2003,5,2,13.190087890625
2003,5,3,9.58574829101565
2003,5,4,10.0147338867188
2003,5,5,11.3403869628906
2003,5,6,13.079736328125
2003,5,7,11.7510620117188
2003,5,8,11.2534118652344
2003,5,9,6.3795104980469
2003,5,10,5.67974243164065
2003,5,11,8.18316040039065
2003,5,12,8.40545043945315
2003,5,13,7.57048950195315
2003,5,14,8.79543457031252
2003,5,15,11.5812316894531
2003,5,16,12.4853454589844
2003,5,17,11.5469909667969
2003,5,18,12.58876953125
2003,5,19,12.6372314453125
2003,5,20,10.9044128417969
2003,5,21,8.77214965820315
2003,5,22,8.98763427734377
2003,5,23,9.68239746093752
2003,5,24,10.2561889648438
2003,5,25,9.9634948730469
2003,5,26,10.8507934570313
2003,5,27,12.1842895507813
2003,5,28,14.4599243164063
2003,5,29,16.5718933105469
2003,5,30,16.2848754882813
2003,5,31,13.9179626464844
2003,6,1,14.2328430175781
2003,6,2,17.5012451171875
2003,6,3,17.4403930664063
2003,6,4,17.6920104980469
2003,6,5,17.574609375
2003,6,6,18.7629028320313
2003,6,7,18.323876953125
2003,6,8,17.5664916992188
2003,6,9,17.3351989746094
2003,6,10,16.8490234375
2003,6,11,14.9128967285156
2003,6,12,13.2236267089844
2003,6,13,12.3776184082031
2003,6,14,10.9969421386719
2003,6,15,11.6152893066406
2003,6,16,12.7297302246094
2003,6,17,13.5908447265625
2003,6,18,14.6844116210938
2003,6,19,15.3697143554688
2003,6,20,16.2866760253906
2003,6,21,14.9477172851563
2003,6,22,13.6417785644531
2003,6,23,13.4882751464844
2003,6,24,15.1094909667969
2003,6,25,15.5886474609375
2003,6,26,14.4888854980469
2003,6,27,14.8280578613281
2003,6,28,15.7043701171875
2003,6,29,14.2919250488281
2003,6,30,12.94912109375
2003,7,1,11.8178649902344
2003,7,2,12.94521484375
2003,7,3,15.0001159667969
2003,7,4,14.7096801757813
2003,7,5,14.4940124511719
2003,7,6,14.5404602050781
2003,7,7,15.5275207519531
2003,7,8,15.0626770019531
2003,7,9,15.23134765625
2003,7,10,16.9525085449219
2003,7,11,18.2166076660156
2003,7,12,19.0350891113281
2003,7,13,18.4222351074219
2003,7,14,17.3951049804688
2003,7,15,16.6198669433594
2003,7,16,19.2170043945313
2003,7,17,22.0545593261719
2003,7,18,20.22548828125
2003,7,19,18.9787841796875
2003,7,20,15.9103332519531
2003,7,21,17.2410522460938
2003,7,22,17.3237854003906
2003,7,23,16.0058837890625
2003,7,24,15.1131225585938
2003,7,25,15.5793701171875
2003,7,26,15.6125732421875
2003,7,27,16.1371704101563
2003,7,28,16.583642578125
2003,7,29,18.5658203125
2003,7,30,20.0358215332031
2003,7,31,21.06337890625
2003,8,1,18.5046936035156
2003,8,2,19.1113830566406
2003,8,3,18.7186218261719
2003,8,4,16.5922180175781
2003,8,5,17.2513977050781
2003,8,6,16.3789916992188
2003,8,7,16.6682983398438
2003,8,8,17.7044311523438
2003,8,9,20.4574523925781
2003,8,10,19.9846740722656
2003,8,11,20.8258605957031
2003,8,12,21.1231018066406
2003,8,13,20.672021484375
2003,8,14,19.7985473632813
2003,8,15,19.3729187011719
2003,8,16,19.3454223632813
2003,8,17,19.5894409179688
2003,8,18,19.9141479492188
2003,8,19,20.1639953613281
2003,8,20,19.4348693847656
2003,8,21,19.0186401367188
2003,8,22,19.3117309570313
2003,8,23,18.4899536132813
2003,8,24,18.3838745117188
2003,8,25,18.37392578125
2003,8,26,18.2319580078125
2003,8,27,15.7771240234375
2003,8,28,16.1611572265625
2003,8,29,16.4087158203125
2003,8,30,17.4228149414063
2003,8,31,17.0928894042969
2003,9,1,17.7486511230469
2003,9,2,18.4678588867188
2003,9,3,20.331689453125
2003,9,4,20.4254699707031
2003,9,5,20.99990234375
2003,9,6,17.6282592773438
2003,9,7,16.6231018066406
2003,9,8,17.5912109375
2003,9,9,16.2073608398438
2003,9,10,16.4011779785156
2003,9,11,17.12392578125
2003,9,12,19.7455078125
2003,9,13,21.1944213867188
2003,9,14,20.6667724609375
2003,9,15,19.6908508300781
2003,9,16,20.7239013671875
2003,9,17,20.4839111328125
2003,9,18,20.3498474121094
2003,9,19,19.7507568359375
2003,9,20,18.1159912109375
2003,9,21,16.0122314453125
2003,9,22,14.2801452636719
2003,9,23,13.4089294433594
2003,9,24,13.1714111328125
2003,9,25,11.5799499511719
2003,9,26,11.585107421875
2003,9,27,12.0002380371094
2003,9,28,11.0386596679688
2003,9,29,11.1492858886719
2003,9,30,9.93169555664065
2003,10,1,10.5451599121094
2003,10,2,10.1300903320313
2003,10,3,11.452294921875
2003,10,4,9.75960693359377
2003,10,5,8.41997680664065
2003,10,6,8.0499206542969
2003,10,7,6.34340820312502
2003,10,8,6.00704345703127
2003,10,9,5.11617431640627
2003,10,10,3.4869323730469
2003,10,11,5.55434570312502
2003,10,12,3.79879150390627
2003,10,13,5.86690673828127
2003,10,14,8.38176879882815
2003,10,15,8.94353637695315
2003,10,16,8.41436157226565
2003,10,17,7.68218383789065
2003,10,18,8.08989868164065
2003,10,19,10.2580810546875
2003,10,20,11.0723815917969
2003,10,21,9.46572265625002
2003,10,22,9.43316040039065
2003,10,23,7.04152832031252
2003,10,24,9.21758422851565
2003,10,25,7.79909667968752
2003,10,26,8.45681152343752
2003,10,27,9.5009704589844
2003,10,28,8.08004150390627
2003,10,29,8.45171508789065
2003,10,30,6.3732849121094
2003,10,31,5.7383972167969
2003,11,1,8.6644226074219
2003,11,2,9.5996032714844
2003,11,3,8.13594970703127
2003,11,4,7.22268066406252
2003,11,5,4.69060668945315
2003,11,6,2.26058349609377
2003,11,7,1.47344360351565
2003,11,8,4.70415649414065
2003,11,9,7.00274047851565
2003,11,10,5.76555786132815
2003,11,11,1.37404785156252
2003,11,12,-0.686712646484352
2003,11,13,-0.0380004882812273
2003,11,14,0.203576660156273
2003,11,15,-0.543615722656227
2003,11,16,-0.161291503906227
2003,11,17,-1.3825744628906
2003,11,18,-2.09152832031248
2003,11,19,-3.1329406738281
2003,11,20,-5.01544799804685
2003,11,21,-3.96076049804685
2003,11,22,-2.94672241210935
2003,11,23,1.1918884277344
2003,11,24,4.64849243164065
2003,11,25,4.16536865234377
2003,11,26,3.0526062011719
2003,11,27,2.12212524414065
2003,11,28,2.82317504882815
2003,11,29,2.71016845703127
2003,11,30,1.2264343261719
2003,12,1,2.50826416015627
2003,12,2,5.8995300292969
2003,12,3,9.11013183593752
2003,12,4,8.48720703125002
2003,12,5,4.60405883789065
2003,12,6,7.10219726562502
2003,12,7,6.20247802734377
2003,12,8,9.92205200195315
2003,12,9,6.12624511718752
2003,12,10,4.06023559570315
2003,12,11,1.2195983886719
2003,12,12,1.92437133789065
2003,12,13,4.57143554687502
2003,12,14,6.85714111328127
2003,12,15,6.74630126953127
2003,12,16,3.89650878906252
2003,12,17,2.2694030761719
2003,12,18,1.1299987792969
2003,12,19,-0.428472900390602
2003,12,20,-1.5494445800781
2003,12,21,-3.19159545898435
2003,12,22,-3.84427490234373
2003,12,23,-5.76227416992185
2003,12,24,-5.59137573242185
2003,12,25,-2.21356811523435
2003,12,26,6.50698242187502
2003,12,27,8.32256469726565
2003,12,28,3.93557128906252
2003,12,29,-0.796820068359352
2003,12,30,-1.04181518554685
2003,12,31,-3.1840881347656
2004,1,1,-2.11472167968748
2004,1,2,-0.732275390624977
2004,1,3,-4.47006835937498
2004,1,4,-7.20111694335935
2004,1,5,-1.39337768554685
2004,1,6,-1.2002014160156
2004,1,7,0.620904541015648
2004,1,8,0.209283447265648
2004,1,9,2.10311279296877
2004,1,10,0.910211181640648
2004,1,11,-0.975286865234352
2004,1,12,-1.18952026367185
2004,1,13,1.10445556640627
2004,1,14,0.967431640625023
2004,1,15,1.91582641601565
2004,1,16,3.11248168945315
2004,1,17,5.15438232421877
2004,1,18,4.02092895507815
2004,1,19,2.25359497070315
2004,1,20,0.869714355468773
2004,1,21,3.52492675781252
2004,1,22,1.03499755859377
2004,1,23,-0.0773376464843523
2004,1,24,-1.75314941406248
2004,1,25,0.520593261718773
2004,1,26,-0.162359619140602
2004,1,27,-0.0740112304687273
2004,1,28,-0.0940917968749773
2004,1,29,-0.669775390624977
2004,1,30,-0.261968994140602
2004,1,31,-1.54633178710935
2004,2,1,-0.211706542968727
2004,2,2,-3.3231262207031
2004,2,3,-1.30451049804685
2004,2,4,0.299096679687523
2004,2,5,1.94072875976565
2004,2,6,3.45644531250002
2004,2,7,3.33870849609377
2004,2,8,0.476892089843773
2004,2,9,2.73507080078127
2004,2,10,1.18218383789065
2004,2,11,1.27645263671877
2004,2,12,5.20635375976565
2004,2,13,3.83870849609377
2004,2,14,1.81707153320315
2004,2,15,1.56011352539065
2004,2,16,4.4495788574219
2004,2,17,2.5960632324219
2004,2,18,0.0569396972656477
2004,2,19,-0.284521484374977
2004,2,20,0.259729003906273
2004,2,21,-0.108221435546852
2004,2,22,1.68593750000002
2004,2,23,1.34212646484377
2004,2,24,0.221551513671898
2004,2,25,0.0877929687500227
2004,2,26,0.603875732421898
2004,2,27,-1.13120117187498
2004,2,28,-2.35700073242185
2004,2,29,-2.45078124999998
2004,3,1,-0.277258300781227
2004,3,2,1.78267822265627
2004,3,3,0.846154785156273
2004,3,4,1.72725830078127
2004,3,5,3.5745788574219
2004,3,6,3.15996704101565
2004,3,7,5.69979248046877
2004,3,8,5.09908447265627
2004,3,9,4.89925537109377
2004,3,10,4.24056396484377
2004,3,11,3.23696289062502
2004,3,12,2.30898437500002
2004,3,13,1.39345703125002
2004,3,14,1.85396728515627
2004,3,15,4.6740661621094
2004,3,16,5.03322753906252
2004,3,17,3.10320434570315
2004,3,18,0.933679199218773
2004,3,19,1.0668884277344
2004,3,20,0.709252929687523
2004,3,21,4.7310729980469
2004,3,22,8.21437988281252
2004,3,23,5.6337829589844
2004,3,24,6.82647094726565
2004,3,25,9.15816650390627
2004,3,26,7.73076782226565
2004,3,27,7.6185241699219
2004,3,28,8.71157226562502
2004,3,29,9.85183105468752
2004,3,30,5.2055603027344
2004,3,31,5.6531921386719
2004,4,1,4.98500976562502
2004,4,2,4.91192016601565
2004,4,3,4.7045837402344
2004,4,4,5.94295654296877
2004,4,5,5.84957275390627
2004,4,6,7.23809204101565
2004,4,7,7.31255493164065
2004,4,8,6.61922607421877
2004,4,9,7.21773681640627
2004,4,10,6.26516113281252
2004,4,11,5.03688964843752
2004,4,12,5.17952880859377
2004,4,13,6.35823974609377
2004,4,14,6.6224304199219
2004,4,15,6.29250488281252
2004,4,16,5.9039245605469
2004,4,17,3.4761901855469
2004,4,18,2.12947998046877
2004,4,19,3.5189147949219
2004,4,20,2.71306762695315
2004,4,21,5.7520690917969
2004,4,22,5.15554199218752
2004,4,23,2.96477661132815
2004,4,24,5.44988403320315
2004,4,25,7.00936279296877
2004,4,26,7.89595947265627
2004,4,27,8.17080078125002
2004,4,28,8.68047485351565
2004,4,29,8.20098266601565
2004,4,30,3.73552856445315
2004,5,1,2.13933715820315
2004,5,2,1.89089355468752
2004,5,3,5.20867309570315
2004,5,4,3.26943359375002
2004,5,5,4.61568603515627
2004,5,6,5.5695739746094
2004,5,7,4.2268005371094
2004,5,8,5.5313659667969
2004,5,9,5.85076293945315
2004,5,10,4.98494873046877
2004,5,11,3.9925476074219
2004,5,12,4.68837890625002
2004,5,13,7.9733825683594
2004,5,14,8.36687622070315
2004,5,15,6.19707641601565
2004,5,16,5.7567077636719
2004,5,17,6.76442871093752
2004,5,18,9.28469238281252
2004,5,19,12.5078979492188
2004,5,20,14.4405456542969
2004,5,21,11.8626953125
2004,5,22,12.2314697265625
2004,5,23,14.9634338378906
2004,5,24,15.3509765625
2004,5,25,14.0742431640625
2004,5,26,14.6862426757813
2004,5,27,10.0874267578125
2004,5,28,7.8758483886719
2004,5,29,7.72188720703127
2004,5,30,8.2933288574219
2004,5,31,10.2561889648438
2004,6,1,11.6953674316406
2004,6,2,9.17836914062502
2004,6,3,8.2038513183594
2004,6,4,8.23244628906252
2004,6,5,9.1566101074219
2004,6,6,14.7726989746094
2004,6,7,13.9915405273438
2004,6,8,12.69912109375
2004,6,9,12.6516662597656
2004,6,10,12.2644592285156
2004,6,11,13.4967895507813
2004,6,12,10.4494262695313
2004,6,13,9.99575195312502
2004,6,14,11.5408569335938
2004,6,15,10.8144165039063
2004,6,16,11.6241088867188
2004,6,17,12.3278747558594
2004,6,18,11.1464477539063
2004,6,19,11.738671875
2004,6,20,12.8987060546875
2004,6,21,14.6170593261719
2004,6,22,13.0903259277344
2004,6,23,14.5201965332031
2004,6,24,12.7973266601563
2004,6,25,11.58828125
2004,6,26,11.1137329101563
2004,6,27,10.5434814453125
2004,6,28,11.3148742675781
2004,6,29,12.905908203125
2004,6,30,14.4562316894531
2004,7,1,15.8324829101563
2004,7,2,14.2525268554688
2004,7,3,13.44619140625
2004,7,4,11.8124328613281
2004,7,5,11.905908203125
2004,7,6,12.4103332519531
2004,7,7,13.734521484375
2004,7,8,13.04873046875
2004,7,9,13.1719909667969
2004,7,10,13.3662353515625
2004,7,11,15.3391357421875
2004,7,12,17.2087036132813
2004,7,13,14.5719848632813
2004,7,14,13.8464904785156
2004,7,15,15.2236267089844
2004,7,16,16.0278869628906
2004,7,17,18.3215881347656
2004,7,18,20.8189331054688
2004,7,19,19.4243408203125
2004,7,20,16.5468994140625
2004,7,21,15.1935974121094
2004,7,22,15.6191955566406
2004,7,23,16.9712463378906
2004,7,24,17.4745422363281
2004,7,25,18.6693664550781
2004,7,26,19.4838500976563
2004,7,27,15.1780944824219
2004,7,28,13.825830078125
2004,7,29,15.9033447265625
2004,7,30,15.1966491699219
2004,7,31,13.9478698730469
2004,8,1,12.7402587890625
2004,8,2,13.37001953125
2004,8,3,14.8001342773438
2004,8,4,15.8538452148438
2004,8,5,17.4560485839844
2004,8,6,18.8444458007813
2004,8,7,20.117578125
2004,8,8,19.8881164550781
2004,8,9,19.4388671875
2004,8,10,18.8368774414063
2004,8,11,18.1944519042969
2004,8,12,17.2250305175781
2004,8,13,18.4192443847656
2004,8,14,19.3236328125
2004,8,15,19.7996765136719
2004,8,16,16.1154724121094
2004,8,17,15.2793212890625
2004,8,18,15.161279296875
2004,8,19,13.7226196289063
2004,8,20,13.7872863769531
2004,8,21,14.340478515625
2004,8,22,14.17080078125
2004,8,23,12.4285217285156
2004,8,24,13.7081237792969
2004,8,25,13.2727905273438
2004,8,26,13.027001953125
2004,8,27,12.6975952148438
2004,8,28,12.563134765625
2004,8,29,15.4323059082031
2004,8,30,14.9912353515625
2004,8,31,13.896875
2004,9,1,12.558740234375
2004,9,2,11.7561584472656
2004,9,3,12.4004760742188
2004,9,4,11.4162841796875
2004,9,5,13.4830261230469
2004,9,6,13.3373657226563
2004,9,7,14.0674377441406
2004,9,8,13.1915222167969
2004,9,9,11.700341796875
2004,9,10,13.4595275878906
2004,9,11,12.9745422363281
2004,9,12,11.6655517578125
2004,9,13,12.7499633789063
2004,9,14,11.5770202636719
2004,9,15,9.11223754882815
2004,9,16,9.66591796875002
2004,9,17,10.7853942871094
2004,9,18,11.4210144042969
2004,9,19,12.9481140136719
2004,9,20,13.9680725097656
2004,9,21,17.750634765625
2004,9,22,18.635888671875
2004,9,23,17.4835144042969
2004,9,24,14.3923278808594
2004,9,25,13.2039123535156
2004,9,26,11.947412109375
2004,9,27,12.2892395019531
2004,9,28,12.428125
2004,9,29,11.0714965820313
2004,9,30,11.4389587402344
2004,10,1,11.3870483398438
2004,10,2,11.48037109375
2004,10,3,8.47573242187502
2004,10,4,10.7822814941406
2004,10,5,12.9255310058594
2004,10,6,12.9937072753906
2004,10,7,13.3638244628906
2004,10,8,12.3163391113281
2004,10,9,13.2792907714844
2004,10,10,11.9893127441406
2004,10,11,12.3742309570313
2004,10,12,11.7242370605469
2004,10,13,10.82021484375
2004,10,14,10.9470458984375
2004,10,15,9.92351684570315
2004,10,16,9.52459106445315
2004,10,17,7.79485473632815
2004,10,18,7.84734497070315
2004,10,19,7.11416015625002
2004,10,20,4.66619262695315
2004,10,21,4.77398071289065
2004,10,22,7.77800903320315
2004,10,23,8.63613281250002
2004,10,24,8.17031250000002
2004,10,25,6.24154052734377
2004,10,26,5.27691040039065
2004,10,27,4.6104675292969
2004,10,28,4.53737792968752
2004,10,29,6.3876892089844
2004,10,30,7.89870605468752
2004,10,31,9.1805358886719
2004,11,1,10.02041015625
2004,11,2,6.35781250000002
2004,11,3,3.9066101074219
2004,11,4,5.7552429199219
2004,11,5,7.23455200195315
2004,11,6,9.77260742187502
2004,11,7,8.83962402343752
2004,11,8,7.47976074218752
2004,11,9,7.50191650390627
2004,11,10,7.19613037109377
2004,11,11,7.21901855468752
2004,11,12,6.56179199218752
2004,11,13,3.61712036132815
2004,11,14,-0.410437011718727
2004,11,15,-1.75906982421873
2004,11,16,-2.17416992187498
2004,11,17,-2.15912475585935
2004,11,18,-0.263861083984352
2004,11,19,2.61138305664065
2004,11,20,8.34725341796877
2004,11,21,7.52755126953127
2004,11,22,5.00020751953127
2004,11,23,7.5495544433594
2004,11,24,9.59273681640627
2004,11,25,7.73586425781252
2004,11,26,5.21456298828127
2004,11,27,4.31923828125002
2004,11,28,5.68953857421877
2004,11,29,9.56679687500002
2004,11,30,9.75551757812502
2004,12,1,8.77968750000002
2004,12,2,4.54546508789065
2004,12,3,5.60646972656252
2004,12,4,11.388818359375
2004,12,5,3.48995361328127
2004,12,6,1.1855407714844
2004,12,7,-1.13617553710935
2004,12,8,-1.68744506835935
2004,12,9,1.4555603027344
2004,12,10,2.30108032226565
2004,12,11,1.86422119140627
2004,12,12,5.67464599609377
2004,12,13,1.96773681640627
2004,12,14,-0.504949951171852
2004,12,15,-2.03702392578123
2004,12,16,-1.9730285644531
2004,12,17,2.02517089843752
2004,12,18,3.2632995605469
2004,12,19,0.365655517578148
2004,12,20,1.87691650390627
2004,12,21,3.59658203125002
2004,12,22,5.20952758789065
2004,12,23,4.33220825195315
2004,12,24,1.76836547851565
2004,12,25,0.196679687500023
2004,12,26,-1.82193603515623
2004,12,27,1.73494873046877
2004,12,28,0.154443359375023
2004,12,29,1.55391845703127
2004,12,30,2.0423522949219
2004,12,31,2.00591430664065
2005,1,1,3.7314392089844
2005,1,2,4.74538574218752
2005,1,3,6.16506347656252
2005,1,4,5.56377563476565
2005,1,5,3.0755554199219
2005,1,6,1.89776000976565
2005,1,7,0.707849121093773
2005,1,8,2.26333007812502
2005,1,9,4.13186035156252
2005,1,10,7.36928710937502
2005,1,11,4.50441894531252
2005,1,12,0.943017578125023
2005,1,13,-0.409674072265602
2005,1,14,-2.40164794921873
2005,1,15,-5.5583557128906
2005,1,16,-4.6562561035156
2005,1,17,-2.69058837890623
2005,1,18,-2.7019104003906
2005,1,19,-4.01410522460935
2005,1,20,-4.44718017578123
2005,1,21,-0.776556396484352
2005,1,22,-1.60428466796873
2005,1,23,-2.11578979492185
2005,1,24,-2.39554443359373
2005,1,25,-2.91214599609373
2005,1,26,-2.39227905273435
2005,1,27,-3.26425781249998
2005,1,28,-3.77603759765623
2005,1,29,-5.53739013671873
2005,1,30,-6.50128784179685
2005,1,31,-4.01120605468748
2005,2,1,-4.00180664062498
2005,2,2,-1.38901367187498
2005,2,3,-0.427893066406227
2005,2,4,-0.819006347656227
2005,2,5,-0.950994873046852
2005,2,6,-0.797125244140602
2005,2,7,-0.927404785156227
2005,2,8,-0.443487548828102
2005,2,9,-1.10294189453123
2005,2,10,0.0204406738281477
2005,2,11,1.6883483886719
2005,2,12,3.75115356445315
2005,2,13,3.87908325195315
2005,2,14,5.15737304687502
2005,2,15,2.61910400390627
2005,2,16,6.02114257812502
2005,2,17,7.02913818359377
2005,2,18,3.85250244140627
2005,2,19,1.52608642578127
2005,2,20,3.03719482421877
2005,2,21,-0.0268920898437273
2005,2,22,-2.12921752929685
2005,2,23,-0.836706542968727
2005,2,24,-1.6239074707031
2005,2,25,-1.5498107910156
2005,2,26,-2.10825195312498
2005,2,27,-2.12473144531248
2005,2,28,-1.41416015624998
2005,3,1,-1.17133178710935
2005,3,2,-0.544500732421852
2005,3,3,-0.326544189453102
2005,3,4,0.0790954589843977
2005,3,5,1.45159301757815
2005,3,6,1.98543701171877
2005,3,7,-1.2233947753906
2005,3,8,-3.36810913085935
2005,3,9,-3.5035461425781
2005,3,10,-2.1594299316406
2005,3,11,-0.696844482421852
2005,3,12,-0.831365966796852
2005,3,13,1.7523132324219
2005,3,14,4.42229614257815
2005,3,15,2.9533630371094
2005,3,16,2.51864013671877
2005,3,17,0.334832763671898
2005,3,18,0.726708984375023
2005,3,19,2.24599609375002
2005,3,20,1.74187622070315
2005,3,21,0.837823486328148
2005,3,22,1.32467041015627
2005,3,23,0.619073486328148
2005,3,24,0.746514892578148
2005,3,25,1.24675903320315
2005,3,26,1.63839111328127
2005,3,27,3.17415771484377
2005,3,28,5.01442871093752
2005,3,29,7.43755493164065
2005,3,30,12.3322998046875
2005,3,31,9.18877563476565
2005,4,1,4.2206970214844
2005,4,2,3.72384033203127
2005,4,3,0.991326904296898
2005,4,4,1.14776000976565
2005,4,5,2.20070800781252
2005,4,6,3.83367309570315
2005,4,7,3.53817138671877
2005,4,8,2.98580322265627
2005,4,9,2.9141784667969
2005,4,10,5.12783203125002
2005,4,11,5.69338378906252
2005,4,12,4.76937255859377
2005,4,13,4.55758056640627
2005,4,14,4.83492431640627
2005,4,15,3.69063720703127
2005,4,16,3.33535156250002
2005,4,17,2.19463500976565
2005,4,18,3.17022094726565
2005,4,19,4.21428833007815
2005,4,20,5.04903564453127
2005,4,21,5.45736083984377
2005,4,22,5.66903076171877
2005,4,23,4.85280761718752
2005,4,24,6.46816406250002
2005,4,25,6.9910827636719
2005,4,26,6.29061279296877
2005,4,27,11.067041015625
2005,4,28,14.9721008300781
2005,4,29,14.7112670898438
2005,4,30,10.8994384765625
2005,5,1,14.7668395996094
2005,5,2,12.8754211425781
2005,5,3,11.4539733886719
2005,5,4,11.8413024902344
2005,5,5,9.41646728515627
2005,5,6,7.8796325683594
2005,5,7,8.26714477539065
2005,5,8,9.49721679687502
2005,5,9,11.1434265136719
2005,5,10,11.57998046875
2005,5,11,11.3579040527344
2005,5,12,9.77715454101565
2005,5,13,8.3187194824219
2005,5,14,8.4110046386719
2005,5,15,7.60488281250002
2005,5,16,8.08364257812502
2005,5,17,11.1247497558594
2005,5,18,13.70400390625
2005,5,19,14.4871765136719
2005,5,20,16.140771484375
2005,5,21,18.0599914550781
2005,5,22,16.8170715332031
2005,5,23,11.8976684570313
2005,5,24,9.71352539062502
2005,5,25,15.2122436523438
2005,5,26,9.44439086914065
2005,5,27,7.50859985351565
2005,5,28,8.3779235839844
2005,5,29,7.8049255371094
2005,5,30,10.62197265625
2005,5,31,14.0214172363281
2005,6,1,10.5961547851563
2005,6,2,10.2289978027344
2005,6,3,10.1850830078125
2005,6,4,10.7818542480469
2005,6,5,13.3850646972656
2005,6,6,15.004052734375
2005,6,7,18.0027404785156
2005,6,8,18.5514465332031
2005,6,9,19.1740661621094
2005,6,10,16.3297668457031
2005,6,11,10.6566101074219
2005,6,12,9.1050964355469
2005,6,13,8.99566040039065
2005,6,14,10.3164306640625
2005,6,15,10.8672729492188
2005,6,16,10.7824035644531
2005,6,17,10.6042724609375
2005,6,18,11.3376403808594
2005,6,19,11.5757690429688
2005,6,20,12.6272827148438
2005,6,21,13.0696960449219
2005,6,22,12.2143493652344
2005,6,23,13.5754028320313
2005,6,24,16.758447265625
2005,6,25,16.5775390625
2005,6,26,17.3756958007813
2005,6,27,16.0323120117188
2005,6,28,13.5675903320313
2005,6,29,13.1737915039063
2005,6,30,14.4293151855469
2005,7,1,12.3368774414063
2005,7,2,12.4724060058594
2005,7,3,12.5745178222656
2005,7,4,14.7323852539063
2005,7,5,13.1255126953125
2005,7,6,14.0749145507813
2005,7,7,14.0471740722656
2005,7,8,17.1435180664063
2005,7,9,14.4712158203125
2005,7,10,13.1227355957031
2005,7,11,13.1531311035156
2005,7,12,12.4775024414063
2005,7,13,13.3761535644531
2005,7,14,17.3865905761719
2005,7,15,18.8161254882813
2005,7,16,16.3140502929688
2005,7,17,14.7748046875
2005,7,18,14.2013488769531
2005,7,19,15.78603515625
2005,7,20,18.5002685546875
2005,7,21,19.183251953125
2005,7,22,17.3828369140625
2005,7,23,18.7153869628906
2005,7,24,20.7924438476563
2005,7,25,23.3112121582031
2005,7,26,21.4164978027344
2005,7,27,14.7518859863281
2005,7,28,14.1490417480469
2005,7,29,14.7831359863281
2005,7,30,14.7746826171875
2005,7,31,14.9836364746094
2005,8,1,17.9045043945313
2005,8,2,18.4510131835938
2005,8,3,17.4387145996094
2005,8,4,14.4434143066406
2005,8,5,14.3369995117188
2005,8,6,14.15224609375
2005,8,7,16.4497009277344
2005,8,8,18.4659973144531
2005,8,9,18.7076354980469
2005,8,10,17.8089538574219
2005,8,11,19.1426025390625
2005,8,12,20.0938659667969
2005,8,13,17.6476379394531
2005,8,14,13.432275390625
2005,8,15,12.8665710449219
2005,8,16,13.1791015625
2005,8,17,14.2928405761719
2005,8,18,14.9969116210938
2005,8,19,17.8202453613281
2005,8,20,20.1741882324219
2005,8,21,20.4359069824219
2005,8,22,19.8661743164063
2005,8,23,18.0949035644531
2005,8,24,16.2876831054688
2005,8,25,17.7003112792969
2005,8,26,18.4979797363281
2005,8,27,19.0856567382813
2005,8,28,19.7799621582031
2005,8,29,20.4304138183594
2005,8,30,20.1323791503906
2005,8,31,20.2172485351563
2005,9,1,18.5583435058594
2005,9,2,14.8442932128906
2005,9,3,13.4872375488281
2005,9,4,13.3774047851563
2005,9,5,12.7473083496094
2005,9,6,11.2443786621094
2005,9,7,11.3017517089844
2005,9,8,11.4979187011719
2005,9,9,11.3514038085938
2005,9,10,12.9625183105469
2005,9,11,12.2929626464844
2005,9,12,14.0814453125
2005,9,13,13.6606384277344
2005,9,14,13.0703063964844
2005,9,15,13.7664123535156
2005,9,16,14.0411315917969
2005,9,17,13.9768615722656
2005,9,18,11.5493713378906
2005,9,19,11.7068115234375
2005,9,20,13.1025024414063
2005,9,21,13.6990905761719
2005,9,22,16.3569580078125
2005,9,23,16.8078857421875
2005,9,24,16.9720703125
2005,9,25,16.671044921875
2005,9,26,16.9096008300781
2005,9,27,17.1224304199219
2005,9,28,17.9170471191406
2005,9,29,16.3098999023438
2005,9,30,13.5119873046875
2005,10,1,11.5827575683594
2005,10,2,13.1575561523438
2005,10,3,11.6582580566406
2005,10,4,10.4316650390625
2005,10,5,8.21450195312502
2005,10,6,8.1975036621094
2005,10,7,6.92962036132815
2005,10,8,7.91335449218752
2005,10,9,7.0612731933594
2005,10,10,5.97030029296877
2005,10,11,6.35543212890627
2005,10,12,5.32485351562502
2005,10,13,5.40374145507815
2005,10,14,10.9550109863281
2005,10,15,12.7456604003906
2005,10,16,13.0419555664063
2005,10,17,12.8611999511719
2005,10,18,10.8875061035156
2005,10,19,10.9495483398438
2005,10,20,11.2983642578125
2005,10,21,12.6136108398438
2005,10,22,12.0358520507813
2005,10,23,12.6850524902344
2005,10,24,14.5692993164063
2005,10,25,15.0031982421875
2005,10,26,13.4108825683594
2005,10,27,14.7170349121094
2005,10,28,13.6037231445313
2005,10,29,11.2539001464844
2005,10,30,8.42986450195315
2005,10,31,6.87090454101565
2005,11,1,8.98311767578127
2005,11,2,9.17608032226565
2005,11,3,9.33937988281252
2005,11,4,8.84685668945315
2005,11,5,9.16378173828127
2005,11,6,9.27712402343752
2005,11,7,9.7369323730469
2005,11,8,9.04311523437502
2005,11,9,8.53093872070315
2005,11,10,8.55172119140627
2005,11,11,9.14083251953127
2005,11,12,10.6998840332031
2005,11,13,9.78774414062502
2005,11,14,7.29155883789065
2005,11,15,4.73516235351565
2005,11,16,3.0566345214844
2005,11,17,2.6234069824219
2005,11,18,0.329919433593773
2005,11,19,-0.342260742187477
2005,11,20,-0.0663208007812273
2005,11,21,-1.0629943847656
2005,11,22,-4.30856933593748
2005,11,23,-3.79019775390623
2005,11,24,-3.19461669921873
2005,11,25,-2.81973876953123
2005,11,26,-3.64188232421873
2005,11,27,-4.03510131835935
2005,11,28,-5.21335449218748
2005,11,29,-4.4102844238281
2005,11,30,-0.442419433593727
2005,12,1,1.85503540039065
2005,12,2,2.64895019531252
2005,12,3,3.78798828125002
2005,12,4,2.53338012695315
2005,12,5,2.52153930664065
2005,12,6,1.95781860351565
2005,12,7,-3.67233886718748
2005,12,8,-5.5643371582031
2005,12,9,-4.52670898437498
2005,12,10,-0.908270263671852
2005,12,11,1.70858154296877
2005,12,12,0.158959960937523
2005,12,13,3.30550537109377
2005,12,14,3.92177734375002
2005,12,15,3.61150512695315
2005,12,16,10.4840026855469
2005,12,17,7.26870117187502
2005,12,18,1.48906860351565
2005,12,19,-0.0729431152343523
2005,12,20,-1.26849975585935
2005,12,21,1.0685974121094
2005,12,22,5.5643249511719
2005,12,23,3.7851501464844
2005,12,24,3.1263366699219
2005,12,25,3.28634033203127
2005,12,26,1.8779235839844
2005,12,27,3.63710937500002
2005,12,28,5.6000915527344
2005,12,29,3.56707153320315
2005,12,30,0.478723144531273
2005,12,31,2.29192504882815
