"year","month","day","value"
1976,1,1,0.0945952124311589
1976,1,2,2.36708507873118
1976,1,3,0.44095095800003
1976,1,4,0.12491062443587
1976,1,5,0.2274220205436
1976,1,6,1.47688012802973
1976,1,7,2.22824414377101
1976,1,8,3.61658449983224
1976,1,9,0.284047152672429
1976,1,10,0.000585636307448567
1976,1,11,3.82692081620917
1976,1,12,0.0137840675961343
1976,1,13,0.000884047958038536
1976,1,14,0.214582149783382
1976,1,15,0
1976,1,16,0
1976,1,17,0.00906377099454403
1976,1,18,0.809549694531597
1976,1,19,1.47167040850036
1976,1,20,2.01198758441024
1976,1,21,0.131461464843596
1976,1,22,0.230395264952676
1976,1,23,6.17170007899404
1976,1,24,1.55764138908125
1976,1,25,0.98685672855936
1976,1,26,2.73475244175643
1976,1,27,4.62447860045359
1976,1,28,2.81094897072762
1976,1,29,1.77726967376657
1976,1,30,1.06925096770283
1976,1,31,4.7961785341613
1976,2,1,1.25150007661432
1976,2,2,1.46590669755824
1976,2,3,2.0266976673156
1976,2,4,4.12284872727469
1976,2,5,3.72642347356305
1976,2,6,2.04326868988574
1976,2,7,2.54570133984089
1976,2,8,0.0287075403321069
1976,2,9,0.0202575174171216
1976,2,10,0
1976,2,11,1.12423638347536
1976,2,12,0.270426841598237
1976,2,13,0.576884302427061
1976,2,14,0.222130675683729
1976,2,15,2.78461795533076
1976,2,16,6.01883931085467
1976,2,17,8.21784229483455
1976,2,18,0.0748694690628326
1976,2,19,0.487188260012772
1976,2,20,0
1976,2,21,0.175480944744777
1976,2,22,4.82365996576846
1976,2,23,0.239801783754956
1976,2,24,0.225314142153366
1976,2,25,6.50016653817147
1976,2,26,2.2946753364522
1976,2,27,1.58914723433554
1976,2,28,0
1976,2,29,0.117126976329018
1976,3,1,0.0928966885112459
1976,3,2,0.0046412355686698
1976,3,3,3.35380693217147e-06
1976,3,4,2.5796052494087e-05
1976,3,5,0
1976,3,6,1.25444063160103
1976,3,7,2.81447031302378
1976,3,8,15.7325816340744
1976,3,9,1.8823319056537
1976,3,10,2.54055589903146
1976,3,11,1.15146494354121
1976,3,12,6.77860749419779
1976,3,13,3.04443065542728
1976,3,14,0.127594693185529
1976,3,15,0.254666669934522
1976,3,16,4.56559709273279
1976,3,17,7.81804751604795
1976,3,18,5.12791016371921
1976,3,19,6.71104663051665
1976,3,20,0.881455658236519
1976,3,21,3.21236313320696
1976,3,22,1.73370096017607
1976,3,23,1.95675063296221
1976,3,24,2.95849047834054
1976,3,25,1.86165977502242
1976,3,26,2.63673666631803
1976,3,27,2.03860620385967
1976,3,28,3.55484298197553
1976,3,29,6.89857704564929
1976,3,30,1.10523589246441
1976,3,31,0.213611112849321
1976,4,1,3.73034966178238
1976,4,2,6.9742857478559
1976,4,3,3.04876263253391
1976,4,4,1.806180953281
1976,4,5,0.271996817900799
1976,4,6,10.7811047695577
1976,4,7,2.68427965929732
1976,4,8,2.58549159625545
1976,4,9,7.19121778383851
1976,4,10,0.362490686529782
1976,4,11,1.86567853088491
1976,4,12,8.76141143962741
1976,4,13,3.26317475410178
1976,4,14,2.20088325440884
1976,4,15,4.31457501836121
1976,4,16,3.51757672615349
1976,4,17,0.497181754326448
1976,4,18,0.0561649607334402
1976,4,19,0
1976,4,20,0
1976,4,21,0
1976,4,22,0
1976,4,23,0
1976,4,24,0
1976,4,25,0
1976,4,26,0
1976,4,27,0
1976,4,28,1.62680592038669
1976,4,29,0
1976,4,30,0
1976,5,1,0
1976,5,2,0
1976,5,3,0.757421381422319
1976,5,4,4.60615460760891
1976,5,5,8.57828089501709
1976,5,6,8.77656361553818
1976,5,7,0.0170758337389998
1976,5,8,0
1976,5,9,7.1828700369224
1976,5,10,1.61867081187665
1976,5,11,0.280080750962952
1976,5,12,0.617345909995493
1976,5,13,0
1976,5,14,1.19677515467629
1976,5,15,2.02884432510473
1976,5,16,3.13437151489779
1976,5,17,3.15048017073423
1976,5,18,0.317483107937733
1976,5,19,2.57822024286725
1976,5,20,0.187053628906142
1976,5,21,0.0292771397653269
1976,5,22,4.96478114509955
1976,5,23,5.03964400850236
1976,5,24,0.0686626337483176
1976,5,25,3.6496184184216
1976,5,26,6.92374978680164
1976,5,27,15.2365686837584
1976,5,28,0.196082372713136
1976,5,29,4.72329998156056
1976,5,30,7.14043916668743
1976,5,31,7.12220538407564
1976,6,1,0.54106361058075
1976,6,2,0
1976,6,3,0.00855841037719074
1976,6,4,0.00056738418123814
1976,6,5,3.52441995588038e-05
1976,6,6,6.96413505356759
1976,6,7,3.31494505517185
1976,6,8,3.18007101304829
1976,6,9,22.217629943043
1976,6,10,7.45591975282878
1976,6,11,3.22920510079712
1976,6,12,0.0116051623990643
1976,6,13,3.53678647661582
1976,6,14,1.94191545015201
1976,6,15,10.3989748517051
1976,6,16,0.708591792499647
1976,6,17,0.933525507571176
1976,6,18,0.130381790586398
1976,6,19,0.100890195244574
1976,6,20,0.0126425727103197
1976,6,21,0
1976,6,22,0.000738673864475459
1976,6,23,0
1976,6,24,0.00467672502963978
1976,6,25,0
1976,6,26,0
1976,6,27,2.03533726162277
1976,6,28,0.40255876374431
1976,6,29,0.00124594235728637
1976,6,30,4.83021608088166
1976,7,1,8.573635853827
1976,7,2,2.61973203741945
1976,7,3,13.3324965834618
1976,7,4,0.00280667956076286
1976,7,5,5.39060707669705
1976,7,6,1.0163304861635
1976,7,7,0.00167386104976686
1976,7,8,15.3538457583636
1976,7,9,0.0212539714084414
1976,7,10,1.70380365452729
1976,7,11,4.04905832838267
1976,7,12,1.23784650641028
1976,7,13,8.41988367028534
1976,7,14,1.03640634915791
1976,7,15,1.5193969651591
1976,7,16,0.803204489056952
1976,7,17,1.76302840118296
1976,7,18,9.68547980301082
1976,7,19,0.920119072543457
1976,7,20,0.00328662127913049
1976,7,21,1.56740138190798
1976,7,22,0
1976,7,23,0
1976,7,24,0.448934760061093
1976,7,25,0.101893135797582
1976,7,26,0
1976,7,27,15.6693590339273
1976,7,28,0.0314001276819909
1976,7,29,0.541836566117126
1976,7,30,1.07394229271449
1976,7,31,7.28487549349666
1976,8,1,3.2094559748657
1976,8,2,3.23099798988551
1976,8,3,4.94594952324405
1976,8,4,5.73237561620772
1976,8,5,0.919229543069378
1976,8,6,1.21761639020406
1976,8,7,0.0434306577517418
1976,8,8,0
1976,8,9,0.424255778489169
1976,8,10,37.2761079110205
1976,8,11,11.9375257752836
1976,8,12,2.04678830341436
1976,8,13,0
1976,8,14,5.92469754628837
1976,8,15,0.283898400084581
1976,8,16,0
1976,8,17,14.4645954016596
1976,8,18,8.05066670291126
1976,8,19,4.5721833826974
1976,8,20,1.01256813795771
1976,8,21,0.889103097142652
1976,8,22,2.43627632735297
1976,8,23,4.07145309727639
1976,8,24,23.6950258724391
1976,8,25,1.4781795325689
1976,8,26,0.988244614563882
1976,8,27,0.00215894763186952
1976,8,28,0.36831172183156
1976,8,29,1.8486115091946
1976,8,30,3.09314323822036
1976,8,31,9.97162037529051
1976,9,1,0.35966328723589
1976,9,2,0.128542637321516
1976,9,3,0.491579997469671
1976,9,4,2.40911424625665
1976,9,5,0.33983330213232
1976,9,6,0.424420875788201
1976,9,7,1.27808537799865
1976,9,8,1.7098032636568
1976,9,9,1.98324968447849e-05
1976,9,10,0
1976,9,11,1.26707069284748
1976,9,12,1.84590080170892
1976,9,13,0.002727348407916
1976,9,14,0
1976,9,15,1.35525271292475e-20
1976,9,16,0
1976,9,17,0.417501994525082
1976,9,18,3.33787917305983e-05
1976,9,19,0
1976,9,20,0
1976,9,21,0.00109944035955323
1976,9,22,0
1976,9,23,0.00740594616672752
1976,9,24,5.69143588654697
1976,9,25,3.53920958004892
1976,9,26,1.84590850258246
1976,9,27,1.64429916185327
1976,9,28,4.32475211564451
1976,9,29,5.16524682752788
1976,9,30,2.47675667633303
1976,10,1,0.824680889490992
1976,10,2,0.0200560423309071
1976,10,3,0.0986431608907878
1976,10,4,9.92398748639971
1976,10,5,2.65992226777598
1976,10,6,10.242072539404
1976,10,7,9.74857164546847
1976,10,8,0.138237811188446
1976,10,9,3.19924807408825
1976,10,10,3.03782487753779
1976,10,11,4.71150255762041
1976,10,12,8.17835032939911
1976,10,13,2.42017741547897
1976,10,14,3.20161742856726
1976,10,15,0.432341342093423
1976,10,16,0.811101263388991
1976,10,17,0.153541195322759
1976,10,18,5.92966068070382
1976,10,19,10.4056736687198
1976,10,20,3.22656197240576
1976,10,21,0.00104779788046017
1976,10,22,0
1976,10,23,0.0045088863203091
1976,10,24,0
1976,10,25,0.00105399598169242
1976,10,26,0.492912955814973
1976,10,27,0.600659885094501
1976,10,28,0.114813895197585
1976,10,29,0.000904548295466157
1976,10,30,0.0399714405830309
1976,10,31,0
1976,11,1,0
1976,11,2,0.0565255659239483
1976,11,3,0.271460467774887
1976,11,4,0.169409414957045
1976,11,5,0
1976,11,6,0.000871292311899197
1976,11,7,0.0946476844546851
1976,11,8,4.57149438304327e-06
1976,11,9,0.0024815157928515
1976,11,10,0
1976,11,11,0.0334271051542601
1976,11,12,0.00522598504630878
1976,11,13,0
1976,11,14,4.38489964338373e-05
1976,11,15,5.9935100376606
1976,11,16,7.28055231738836
1976,11,17,9.90521307103336
1976,11,18,1.32057534065098
1976,11,19,19.0378041006625
1976,11,20,15.5775558203459
1976,11,21,12.3310385271907
1976,11,22,3.43857079278678
1976,11,23,0.00161379420546837
1976,11,24,6.31794941145927
1976,11,25,10.9052466228604
1976,11,26,2.74699745932594
1976,11,27,0.179704245238099
1976,11,28,0.0554941056179814
1976,11,29,0.0396969668145175
1976,11,30,4.27432616706938
1976,12,1,0.148301625085878
1976,12,2,0.898170797154307
1976,12,3,4.07522935420275
1976,12,4,1.19753471226431
1976,12,5,0.0235951597460371
1976,12,6,3.90021081548184
1976,12,7,6.41950350254774
1976,12,8,0.709640682907775
1976,12,9,0.158564974117326
1976,12,10,1.12089019676205
1976,12,11,0.338032672880217
1976,12,12,3.67941482691094
1976,12,13,0.77528057154268
1976,12,14,0.0537649108082405
1976,12,15,6.91492867190391
1976,12,16,4.77393463952467
1976,12,17,0.011073862287958
1976,12,18,0
1976,12,19,1.31635086145252
1976,12,20,0.570399813295808
1976,12,21,0.383132249407936
1976,12,22,1.89874120987952
1976,12,23,0.274240109865787
1976,12,24,0.113682122173486
1976,12,25,0
1976,12,26,1.32132704020478
1976,12,27,0.18132376644644
1976,12,28,0.456563889747486
1976,12,29,8.94909021444619
1976,12,30,2.99142098519951
1976,12,31,0.860717677278444
1977,1,1,3.39294358855113
1977,1,2,1.2393517914461
1977,1,3,2.90852626785636
1977,1,4,2.1259457396809
1977,1,5,7.53328995779157
1977,1,6,8.18736318033189
1977,1,7,0.0697881154337665
1977,1,8,1.08132271561772
1977,1,9,18.3719721157104
1977,1,10,4.21235362300649
1977,1,11,2.56340706255287
1977,1,12,0.0781292861574912
1977,1,13,3.98292856989428
1977,1,14,13.7202459387481
1977,1,15,8.35284143686295
1977,1,16,6.45016743801534
1977,1,17,8.47424680832773
1977,1,18,3.53249033214524
1977,1,19,0.893934923806228
1977,1,20,0.775482994504273
1977,1,21,1.486291695619
1977,1,22,11.8410756345838
1977,1,23,8.93144609872252
1977,1,24,4.74340837681666
1977,1,25,0.395366147859022
1977,1,26,4.18058327632025
1977,1,27,0.952034871443175
1977,1,28,0.00141834617011227
1977,1,29,0
1977,1,30,0.00117783798714299
1977,1,31,1.78402491146699
1977,2,1,1.44670763402246
1977,2,2,0.0840022385091288
1977,2,3,14.0209722798318
1977,2,4,9.25163144711405
1977,2,5,1.94348187069409
1977,2,6,9.56340052653104
1977,2,7,0.000436319652408201
1977,2,8,1.4426383687649e-05
1977,2,9,0.463926121301483
1977,2,10,1.76693604444154
1977,2,11,1.22444470762275
1977,2,12,0.00193433738786553
1977,2,13,0.0073841425773935
1977,2,14,0.40757478273008
1977,2,15,0.0233647990171448
1977,2,16,0.698947077034973
1977,2,17,2.99180194269866
1977,2,18,0.561784382443875
1977,2,19,3.42092950595543
1977,2,20,0.00829173693546181
1977,2,21,10.0477182073519
1977,2,22,4.4604119611904
1977,2,23,5.74572735931724
1977,2,24,6.74714895430952
1977,2,25,3.35017105098814
1977,2,26,9.26201913971454
1977,2,27,2.91576037416235
1977,2,28,1.1979345290456
1977,3,1,0.0271701822384784
1977,3,2,2.9471846530214
1977,3,3,16.9276654254645
1977,3,4,1.83518605772406
1977,3,5,1.60728499176912
1977,3,6,0.273388573987177
1977,3,7,0.0254217131441692
1977,3,8,0
1977,3,9,0
1977,3,10,0.135774779118947
1977,3,11,3.41323837637901
1977,3,12,3.82876305375248
1977,3,13,3.45000454690307
1977,3,14,8.52805359754711
1977,3,15,9.8665509140119
1977,3,16,0.776773362304084
1977,3,17,2.29297752957791
1977,3,18,1.66700400877744
1977,3,19,1.15737976448145
1977,3,20,0.659765661112033
1977,3,21,1.36938017676584
1977,3,22,3.10098618501797
1977,3,23,0.285700836684555
1977,3,24,7.48875753488392
1977,3,25,11.4433522336185
1977,3,26,5.94096744898707
1977,3,27,9.56200745422393
1977,3,28,4.42076817853376
1977,3,29,1.31037529790774
1977,3,30,4.56847156165168
1977,3,31,14.3518407829106
1977,4,1,10.6070687994361
1977,4,2,1.33792540873401
1977,4,3,1.07180144987069
1977,4,4,0.00226175527586747
1977,4,5,5.68063643295318
1977,4,6,3.97019509691745
1977,4,7,0.799382969853468
1977,4,8,4.48014317080379
1977,4,9,1.27702218596824
1977,4,10,0
1977,4,11,5.34833965357393
1977,4,12,3.07430155808106
1977,4,13,0.0524389166457695
1977,4,14,0.908621746930294
1977,4,15,0
1977,4,16,0.0828676464152522
1977,4,17,0.000497521652675914
1977,4,18,0.000166597711626082
1977,4,19,0.000267407197185321
1977,4,20,2.05363221428279e-06
1977,4,21,2.05358817474917
1977,4,22,0.0449461631433223
1977,4,23,0
1977,4,24,3.14222043380141
1977,4,25,1.30057090718765
1977,4,26,3.91452972544357
1977,4,27,2.0659543632064
1977,4,28,4.7746597789228
1977,4,29,8.1739007961005
1977,4,30,0.394589066854678
1977,5,1,0
1977,5,2,0
1977,5,3,0.00166155539886859
1977,5,4,1.55390646541491
1977,5,5,1.11452102428302
1977,5,6,0.00661963504171581
1977,5,7,0.105513833113946
1977,5,8,2.32532339869067
1977,5,9,0.518263327830937
1977,5,10,1.58759370096959
1977,5,11,5.27050016680732
1977,5,12,1.81789932539687
1977,5,13,13.6009735520929
1977,5,14,4.42270879866555
1977,5,15,5.39349191822112
1977,5,16,2.93392626335844
1977,5,17,2.41952284122817
1977,5,18,9.92817236110568
1977,5,19,1.86551398364827
1977,5,20,1.58282890333794
1977,5,21,19.9461123906076
1977,5,22,1.3871407485567
1977,5,23,0.281970706419088
1977,5,24,2.68789089750499
1977,5,25,1.29351407813374
1977,5,26,2.57493668468669
1977,5,27,1.37169845402241
1977,5,28,0.895498358295299
1977,5,29,6.11343684140593
1977,5,30,2.99105731537566
1977,5,31,0.00029175749176602
1977,6,1,13.6729229707271
1977,6,2,4.25794216571376
1977,6,3,0.767616866505705
1977,6,4,1.52271887054667
1977,6,5,0.0927959779801313
1977,6,6,2.54908265196718
1977,6,7,0.540222761628684
1977,6,8,0
1977,6,9,3.97542791906744
1977,6,10,1.0432281444082
1977,6,11,0.0142505192798126
1977,6,12,3.50228027673438
1977,6,13,0.0636901875623153
1977,6,14,0
1977,6,15,0.000884223535990714
1977,6,16,0
1977,6,17,0
1977,6,18,0.00257141768997826
1977,6,19,0
1977,6,20,0
1977,6,21,7.32915771659464
1977,6,22,2.08902649465017
1977,6,23,3.8022723631002
1977,6,24,0.59832549886778
1977,6,25,33.9523958042264
1977,6,26,0.125195429063751
1977,6,27,8.58577997423708
1977,6,28,14.5939813926816
1977,6,29,16.5867826435715
1977,6,30,0.67531356762629
1977,7,1,3.2036617747508
1977,7,2,0.511780371016357
1977,7,3,0.118600770292687
1977,7,4,1.38631046866067
1977,7,5,0.000636611007109877
1977,7,6,4.22587164212018
1977,7,7,5.04907553549856
1977,7,8,6.54141618870199
1977,7,9,5.06874859565869
1977,7,10,4.2622153647244
1977,7,11,12.7322936430573
1977,7,12,12.9357513505965
1977,7,13,4.51885530492291
1977,7,14,2.03753468231298
1977,7,15,15.008769929409
1977,7,16,13.8582757674158
1977,7,17,3.15299442736432
1977,7,18,0.0383930242605857
1977,7,19,0.00473039110602258
1977,7,20,9.84518649056554
1977,7,21,6.07977805193514
1977,7,22,0.407970316882711
1977,7,23,0.273832592210965
1977,7,24,0.580224477744196
1977,7,25,6.5185819985345
1977,7,26,5.02322354586795
1977,7,27,1.38373051886447
1977,7,28,0.860949332127348
1977,7,29,0
1977,7,30,0.207461788522778
1977,7,31,14.5355980843306
1977,8,1,1.75485903164372
1977,8,2,0.0661377049254952
1977,8,3,7.1296522859484
1977,8,4,5.54570958483964
1977,8,5,2.90731675922871
1977,8,6,7.49715683050454
1977,8,7,25.2563481219113
1977,8,8,10.1518051000312
1977,8,9,6.5346079878509
1977,8,10,0.00970284097547847
1977,8,11,0.000688117006575339
1977,8,12,3.51189693901688
1977,8,13,0.00425561972861033
1977,8,14,0.0492568695335649
1977,8,15,0.16415933459939
1977,8,16,0.00147652125406239
1977,8,17,0.0433706862168037
1977,8,18,0.0068121593358228
1977,8,19,0
1977,8,20,4.50678159249946
1977,8,21,0.00928372412545286
1977,8,22,0
1977,8,23,7.88001601470523e-08
1977,8,24,0.00521167360147956
1977,8,25,1.25810051104054
1977,8,26,1.32981308852322
1977,8,27,0.0410056413784332
1977,8,28,0.00048376683139395
1977,8,29,0
1977,8,30,0
1977,8,31,0
1977,9,1,0
1977,9,2,0.00381130744244729
1977,9,3,0
1977,9,4,3.11763170175254
1977,9,5,0.970239893649705
1977,9,6,16.6274407412857
1977,9,7,6.05493346229196
1977,9,8,0.185384366341168
1977,9,9,0.0335325575179013
1977,9,10,0.0369613542716252
1977,9,11,0.166139097564155
1977,9,12,0.0183065001237992
1977,9,13,0.00622186073542252
1977,9,14,0.00529519161318603
1977,9,15,0.00321702027576976
1977,9,16,0
1977,9,17,0.0907701079995604
1977,9,18,12.1400832664222
1977,9,19,0.776374488486908
1977,9,20,0.524070022220258
1977,9,21,27.0000949501991
1977,9,22,0.00687301428570208
1977,9,23,0
1977,9,24,0.00602974653247657
1977,9,25,0.00189050168160065
1977,9,26,0.00126419294872449
1977,9,27,2.05288252327591
1977,9,28,0
1977,9,29,0.252084264502628
1977,9,30,6.57206880860031
1977,10,1,10.0659268442541
1977,10,2,0.0251388239121297
1977,10,3,0.00142060167149793
1977,10,4,0.0897355486813467
1977,10,5,4.63757480029017
1977,10,6,0.000738183811677118
1977,10,7,0.00468588362991795
1977,10,8,0
1977,10,9,0
1977,10,10,0
1977,10,11,0.0950185149122262
1977,10,12,0.0405819975640043
1977,10,13,1.14579332876019
1977,10,14,0.514579088485334
1977,10,15,1.20631449390203
1977,10,16,2.47054317151196
1977,10,17,0.0954079296207055
1977,10,18,0.0160488365509082
1977,10,19,3.71498249005526
1977,10,20,7.24256469402462
1977,10,21,11.3513742573559
1977,10,22,4.17016037972644
1977,10,23,1.77490644855425
1977,10,24,16.7612750083208
1977,10,25,3.37685222038999
1977,10,26,0.00608258874308376
1977,10,27,4.44289860315621
1977,10,28,7.47939515858889
1977,10,29,19.7104732040316
1977,10,30,0
1977,10,31,0.00123768175228633
1977,11,1,0
1977,11,2,9.6593907872311e-08
1977,11,3,0.00079134924533264
1977,11,4,0.000207274280938918
1977,11,5,2.857094805222
1977,11,6,4.75641562370583
1977,11,7,2.61954218731262
1977,11,8,0
1977,11,9,0.00734232371542021
1977,11,10,0.0126104726405174
1977,11,11,0.00121900012004517
1977,11,12,0.000571024200723969
1977,11,13,0
1977,11,14,0.0168971494076686
1977,11,15,0.0465207069282769
1977,11,16,1.79644217714667
1977,11,17,1.44644093234092
1977,11,18,0.116516269554268
1977,11,19,2.84994116518646
1977,11,20,0.860217984882183
1977,11,21,3.7930574035272
1977,11,22,6.87305415049195
1977,11,23,0.51042187405983
1977,11,24,19.6562829427421
1977,11,25,2.98923016525805
1977,11,26,1.36474393657409
1977,11,27,0.216814283339772
1977,11,28,0.0970249166130088
1977,11,29,0.00138056713581136
1977,11,30,0.00110436298825789
1977,12,1,0
1977,12,2,1.24847701226827
1977,12,3,0.0392494763218565
1977,12,4,1.78824326139875
1977,12,5,2.47439769445919
1977,12,6,0.00634700668342703
1977,12,7,0.732854180387221
1977,12,8,0.391699628380593
1977,12,9,0.22533981828019
1977,12,10,1.4119881670922
1977,12,11,0.232903136929963
1977,12,12,0.132136037791497
1977,12,13,0.0715964553819504
1977,12,14,5.81231382675469
1977,12,15,1.71555235865526
1977,12,16,0.16307732257701
1977,12,17,8.29519175458699
1977,12,18,0.991857188637368
1977,12,19,2.61286505847238
1977,12,20,7.17150920536369
1977,12,21,2.69556851126254
1977,12,22,0.669222962460481
1977,12,23,11.9701774790883
1977,12,24,6.00791915785521
1977,12,25,3.5497723496519
1977,12,26,2.43021841160953
1977,12,27,1.02147954166867
1977,12,28,4.39543387619779
1977,12,29,0.0131005340335832
1977,12,30,3.02931651240215
1977,12,31,1.82011450524442
1978,1,1,13.2004413753748
1978,1,2,13.2346043363214
1978,1,3,9.29728725459427
1978,1,4,3.51681921165437
1978,1,5,6.6549144918099
1978,1,6,23.0074994266033
1978,1,7,7.07803820259869
1978,1,8,3.38188261957839
1978,1,9,2.1823738119565
1978,1,10,0.618307379772887
1978,1,11,6.94570387713611
1978,1,12,0.203919759951532
1978,1,13,0
1978,1,14,0.184014632395701
1978,1,15,0.0144660123623908
1978,1,16,0.0139707130983879
1978,1,17,0.00120796349563079
1978,1,18,0
1978,1,19,9.23609009273463e-06
1978,1,20,2.0230837573763
1978,1,21,0.399174033373129
1978,1,22,1.00742120412178
1978,1,23,1.15736931329593
1978,1,24,0.436158107186202
1978,1,25,2.07599850255065
1978,1,26,0.587831329903565
1978,1,27,3.50515600293875
1978,1,28,3.70783985126764
1978,1,29,1.90429165377282
1978,1,30,13.8550118543208
1978,1,31,1.73780772602186
1978,2,1,0.0133130128233461
1978,2,2,6.57330283429474
1978,2,3,2.17301080701873
1978,2,4,11.2889110576361
1978,2,5,0.418480555526912
1978,2,6,2.94727234868333
1978,2,7,0.506869571108837
1978,2,8,0.883796802372672
1978,2,9,0
1978,2,10,0.690751697402447
1978,2,11,0.246725320903352
1978,2,12,0.322798203706043
1978,2,13,7.07011290360242
1978,2,14,4.50762428808957
1978,2,15,9.72440221812576
1978,2,16,8.42250636778772
1978,2,17,2.29194592684507
1978,2,18,0.375133792113047
1978,2,19,3.50202536210418
1978,2,20,1.52810319559649
1978,2,21,0
1978,2,22,0
1978,2,23,0.004436633230398
1978,2,24,0.0390913309274765
1978,2,25,0.146831593156094
1978,2,26,3.28242568066344
1978,2,27,0.473529739247169
1978,2,28,5.40858185850084
1978,3,1,3.92135458532721
1978,3,2,1.00359017669689
1978,3,3,0.445703654258978
1978,3,4,0
1978,3,5,0.603441039856989
1978,3,6,0.559047704155091
1978,3,7,2.42306021391414
1978,3,8,10.6785668525845
1978,3,9,2.02162122004665
1978,3,10,6.85249169407598e-05
1978,3,11,0.000150746698324156
1978,3,12,0
1978,3,13,0.00405192351990991
1978,3,14,0.0932253999053501
1978,3,15,1.48872815771028
1978,3,16,2.1206766134128
1978,3,17,0.00142441911066271
1978,3,18,0
1978,3,19,0.478546347585507
1978,3,20,5.91020795982331
1978,3,21,3.42836257768795
1978,3,22,9.44944834336638
1978,3,23,3.88381455559283
1978,3,24,0.430311651143711
1978,3,25,0.119087811253848
1978,3,26,1.29139500204474
1978,3,27,1.02427967358381
1978,3,28,1.85422701761127
1978,3,29,0.750577976577915
1978,3,30,1.2605447525857
1978,3,31,0.556746989605017
1978,4,1,2.49343991163187
1978,4,2,1.65055101388134
1978,4,3,0.95130737463478
1978,4,4,12.530526984483
1978,4,5,1.198035190464
1978,4,6,0.0242340719523781
1978,4,7,4.5451577170752
1978,4,8,4.17562045622617
1978,4,9,3.3162699197419
1978,4,10,2.20426598098129
1978,4,11,1.74365378916264
1978,4,12,3.27486436581239
1978,4,13,3.87034179875627
1978,4,14,3.21574020199478
1978,4,15,1.8090431636665
1978,4,16,0.371575242024846
1978,4,17,7.97174249310046
1978,4,18,2.79870992526412
1978,4,19,2.84925563028082
1978,4,20,0.986031163483858
1978,4,21,0.494187686126679
1978,4,22,2.10720668546855
1978,4,23,0.106842056993628
1978,4,24,1.23471672995947
1978,4,25,4.09065027488396
1978,4,26,0.248944665509043
1978,4,27,9.98317105695605
1978,4,28,5.35486056469381
1978,4,29,2.47877477668226
1978,4,30,0.234154784266138
1978,5,1,6.49990502279252
1978,5,2,0.000866553932610259
1978,5,3,0.369195043458603
1978,5,4,0.310160146909766
1978,5,5,3.41095357434824
1978,5,6,3.31653332104906
1978,5,7,3.01874085562304
1978,5,8,9.50795989483595
1978,5,9,4.37383276876062
1978,5,10,1.65828269091435
1978,5,11,0.398497181595303
1978,5,12,3.57168966438621
1978,5,13,2.35047319438308
1978,5,14,3.49626888055354
1978,5,15,2.31419233605266
1978,5,16,4.11726637976244
1978,5,17,0.702725219889544
1978,5,18,4.60798175772652
1978,5,19,3.02951924968511
1978,5,20,0.28017532240483
1978,5,21,1.03989515919238
1978,5,22,2.70364185562357
1978,5,23,5.55941336788237
1978,5,24,2.27557041216642
1978,5,25,1.72818179125898
1978,5,26,3.01564290421084
1978,5,27,1.41577432514168
1978,5,28,5.43242879211903
1978,5,29,15.5060766264796
1978,5,30,2.22089342423715
1978,5,31,0.293205632624449
1978,6,1,3.21353366598487
1978,6,2,4.61172815412283
1978,6,3,4.07354081980884
1978,6,4,2.02109536039643
1978,6,5,13.201002124697
1978,6,6,4.25369411241263
1978,6,7,15.0562840048224
1978,6,8,10.859135678038
1978,6,9,14.2762867268175
1978,6,10,4.16553734103218
1978,6,11,3.37111899862066
1978,6,12,6.14141961559653
1978,6,13,0.272819632664323
1978,6,14,0.498591210634913
1978,6,15,8.13816371373832
1978,6,16,0.0423701472755056
1978,6,17,6.6885500214994
1978,6,18,5.88158019818366
1978,6,19,0.637200412165839
1978,6,20,0.194341896713013
1978,6,21,4.9614773131907
1978,6,22,0.176314682175871
1978,6,23,0.367610863759182
1978,6,24,0.650644997949712
1978,6,25,3.45463134661383e-08
1978,6,26,8.30409270711243
1978,6,27,7.36206464935094
1978,6,28,0.671939406311139
1978,6,29,0
1978,6,30,1.63874588906765
1978,7,1,0.236794926604489
1978,7,2,0.399665710574482
1978,7,3,0.000253566831531771
1978,7,4,0
1978,7,5,4.21459410572425
1978,7,6,3.67202073102817
1978,7,7,0.00201431207074165
1978,7,8,0
1978,7,9,0
1978,7,10,1.61471114843152
1978,7,11,2.464457124006
1978,7,12,0.0735762036129017
1978,7,13,0.645911553874612
1978,7,14,0.0265589352238749
1978,7,15,0.831648844177835
1978,7,16,0
1978,7,17,0.226901465066476
1978,7,18,0.0614700227743015
1978,7,19,5.87877142243087
1978,7,20,0.514980359002948
1978,7,21,0
1978,7,22,6.38255376834422
1978,7,23,2.59676347486675
1978,7,24,0.0506478299939772
1978,7,25,0
1978,7,26,0.010834166459972
1978,7,27,0.00415055689018118
1978,7,28,0.00925847896269261
1978,7,29,0.0060594081560339
1978,7,30,0.00957531551648572
1978,7,31,0
1978,8,1,0
1978,8,2,9.21478229574859
1978,8,3,0.00141216671636357
1978,8,4,0
1978,8,5,0.0306981940411788
1978,8,6,0.00371151930949054
1978,8,7,5.58783787241168e-05
1978,8,8,0
1978,8,9,0
1978,8,10,0
1978,8,11,0
1978,8,12,0.00936714636736724
1978,8,13,0.00072500165231304
1978,8,14,0
1978,8,15,0.00341299105457438
1978,8,16,0.00378006039909451
1978,8,17,0.00532126248344866
1978,8,18,9.59386015310884
1978,8,19,1.63247046293691
1978,8,20,3.71460750466213
1978,8,21,0.0231572560551285
1978,8,22,1.37875308282673
1978,8,23,0.00141913688480599
1978,8,24,0.00974238039361808
1978,8,25,0
1978,8,26,0
1978,8,27,3.57402538647875
1978,8,28,0.00861671146594745
1978,8,29,1.6000299830921
1978,8,30,4.03212992241606
1978,8,31,6.39105616137385
1978,9,1,2.09206582512707
1978,9,2,0.118088956878637
1978,9,3,6.41239040996879
1978,9,4,10.5095323640853
1978,9,5,3.19490478141233
1978,9,6,0.019986906363556
1978,9,7,0.00650673350719444
1978,9,8,0
1978,9,9,0.0738667396944948
1978,9,10,0.00626707635547064
1978,9,11,3.36375663323452e-05
1978,9,12,2.85158956447873e-06
1978,9,13,7.6803507553791e-06
1978,9,14,0
1978,9,15,0
1978,9,16,21.2616906501353
1978,9,17,0.863939471310005
1978,9,18,1.83271879213862
1978,9,19,1.91875185118988
1978,9,20,0.547352788271382
1978,9,21,0.126728914619889
1978,9,22,5.02367271110415
1978,9,23,23.4915694221854
1978,9,24,2.86744100740179
1978,9,25,7.23381084389985
1978,9,26,0.242234906181693
1978,9,27,0
1978,9,28,3.32750502275303
1978,9,29,0.753330645966344
1978,9,30,2.04350065905601
1978,10,1,0.937407769379206
1978,10,2,0.0173772102243674
1978,10,3,0
1978,10,4,0
1978,10,5,0.593113421928138
1978,10,6,0.00555936890123121
1978,10,7,0.0485039912746288
1978,10,8,1.60588406142779
1978,10,9,0.843625981360674
1978,10,10,0.0237582507907064
1978,10,11,4.31402086978778
1978,10,12,0.869603070896119
1978,10,13,7.55589155014604
1978,10,14,0.0725744564988418
1978,10,15,1.42108164145611
1978,10,16,12.6837586518377
1978,10,17,3.49165715742856
1978,10,18,2.06758191925474
1978,10,19,10.2351505542174
1978,10,20,0.370033927902114
1978,10,21,5.22603532299399
1978,10,22,0.327581782039488
1978,10,23,0.0110187701011455
1978,10,24,0.0212260115404206
1978,10,25,0.116472480658558
1978,10,26,1.64838298223913
1978,10,27,0.334956448932644
1978,10,28,2.54650301649235
1978,10,29,0.850562111008912
1978,10,30,9.7465499304235
1978,10,31,2.80206499155611
1978,11,1,0.218118265183875
1978,11,2,8.1718023866415
1978,11,3,10.7793810311705
1978,11,4,1.88883427181281
1978,11,5,2.80444157542661
1978,11,6,0.153945540296263
1978,11,7,10.4496032232419
1978,11,8,2.21925360965542
1978,11,9,6.61523267626762
1978,11,10,8.00620594527572
1978,11,11,4.5709531288594
1978,11,12,1.37472269707359
1978,11,13,0
1978,11,14,0.0105239631920995
1978,11,15,0.00269365217491213
1978,11,16,0.00905960071122536
1978,11,17,0
1978,11,18,0.00345086923516646
1978,11,19,0.0261419068920077
1978,11,20,0.218350902287057
1978,11,21,0.0645654055915656
1978,11,22,0.0152016618812922
1978,11,23,0.0998174557025777
1978,11,24,0.302533158537699
1978,11,25,1.32873873808421
1978,11,26,0.30498400083161
1978,11,27,0.00443627409367764
1978,11,28,0
1978,11,29,0.0191138038644567
1978,11,30,0
1978,12,1,7.57329274292395e-07
1978,12,2,0
1978,12,3,0
1978,12,4,0
1978,12,5,7.98062341211825e-07
1978,12,6,0
1978,12,7,7.01696747582026e-08
1978,12,8,9.22114405096713e-11
1978,12,9,0.00838049404592311
1978,12,10,0.0866577236593002
1978,12,11,0.0396861448280106
1978,12,12,0.180445375735871
1978,12,13,2.07328512333333
1978,12,14,0.850997839006595
1978,12,15,8.00337956752628
1978,12,16,5.63867075834423
1978,12,17,0.962733899359591
1978,12,18,9.96323805302382
1978,12,19,4.82239702250808
1978,12,20,0.608786860539112
1978,12,21,0.210136565146968
1978,12,22,0.36736518231919
1978,12,23,2.33295307843946
1978,12,24,0.116396375597105
1978,12,25,0.103014369233279
1978,12,26,0.0185153359780088
1978,12,27,0.0199323740616819
1978,12,28,5.93049677554518
1978,12,29,5.46574874315411
1978,12,30,14.4413305912167
1978,12,31,12.7036036457866
1979,1,1,0.133324575290317
1979,1,2,1.01607007090934
1979,1,3,0.000337528699390077
1979,1,4,0.00290917656684542
1979,1,5,4.65156430145726
1979,1,6,2.14911279617809
1979,1,7,0.334685150301084
1979,1,8,1.27473023312632
1979,1,9,0.558712480415124
1979,1,10,0.0909699476324022
1979,1,11,0.00995368600342772
1979,1,12,0.343745345890056
1979,1,13,0.0994888720015297
1979,1,14,0.45730545243714
1979,1,15,0.0301951816254586
1979,1,16,0.0142609336307942
1979,1,17,8.93189872149378
1979,1,18,7.76207693852484
1979,1,19,0.771003050613217
1979,1,20,0.241462795383995
1979,1,21,0.253615343535785
1979,1,22,9.40855199005455
1979,1,23,3.35787098156288
1979,1,24,1.37514137313701
1979,1,25,11.1245662439615
1979,1,26,0.889764822204597
1979,1,27,0.273823182214983
1979,1,28,0.166868087399052
1979,1,29,0.0991575085208751
1979,1,30,3.40922574978322
1979,1,31,1.74134006956592
1979,2,1,0
1979,2,2,0
1979,2,3,0
1979,2,4,0
1979,2,5,0
1979,2,6,1.1236961361405e-06
1979,2,7,0
1979,2,8,0
1979,2,9,0.184650131268427
1979,2,10,0.158348534387187
1979,2,11,0.0676181880407967
1979,2,12,0.00102188793107416
1979,2,13,0.109380172580131
1979,2,14,1.26382713206112
1979,2,15,1.60954826278612
1979,2,16,1.13240866048727
1979,2,17,0.88005174184218
1979,2,18,0
1979,2,19,7.55984283173916e-05
1979,2,20,0.000154395466012147
1979,2,21,0
1979,2,22,0.00102204263612293
1979,2,23,0.0015724980869436
1979,2,24,0.238692622224335
1979,2,25,0.000959656674126563
1979,2,26,9.75061567487501e-05
1979,2,27,0.495081537519582
1979,2,28,0.0002070352209671
1979,3,1,0
1979,3,2,0
1979,3,3,0.00177658919255919
1979,3,4,3.02204720210284
1979,3,5,1.77317862398922
1979,3,6,6.16169397253543
1979,3,7,0.955924834124744
1979,3,8,4.01439559645951
1979,3,9,1.39842284261249
1979,3,10,0.00021940226275774
1979,3,11,0.0310498337057652
1979,3,12,0.346218387130648
1979,3,13,0.46630573051516
1979,3,14,0.193396496615605
1979,3,15,0.542975823918823
1979,3,16,0.424529316660482
1979,3,17,0.358242711808998
1979,3,18,0.259254936827347
1979,3,19,0.177428951428737
1979,3,20,0.0102552356111119
1979,3,21,0
1979,3,22,0.000645672571408795
1979,3,23,0
1979,3,24,0.00380169853997359
1979,3,25,5.88921871269577e-05
1979,3,26,0.546632285113446
1979,3,27,0.00195158684732633
1979,3,28,0
1979,3,29,0.00151966339672072
1979,3,30,0.00207819190336522
1979,3,31,0.241750851273537
1979,4,1,0.388631733949296
1979,4,2,0.00288470615714687
1979,4,3,0.000408827889941676
1979,4,4,9.24897198828489e-06
1979,4,5,0
1979,4,6,0
1979,4,7,1.2950073403772
1979,4,8,0.00165231975302049
1979,4,9,9.22357450416911e-06
1979,4,10,0.000190592840709769
1979,4,11,0.518435261619743
1979,4,12,1.4124829089269
1979,4,13,1.03426024143118
1979,4,14,0.135843517273315
1979,4,15,0.0783446650530095
1979,4,16,12.4102789442986
1979,4,17,1.47258791257627
1979,4,18,1.37005282449536
1979,4,19,0.141702438122593
1979,4,20,0.000480100567301633
1979,4,21,0
1979,4,22,8.51740061771125
1979,4,23,7.70393628627062
1979,4,24,1.34923327714205
1979,4,25,1.54694566153921
1979,4,26,1.5971363405697
1979,4,27,3.50689797196537
1979,4,28,1.35996263707057
1979,4,29,0.068810075026704
1979,4,30,3.40117063606158
1979,5,1,0.736226377193816
1979,5,2,8.56290177907795
1979,5,3,10.7292932923883
1979,5,4,9.19743175618351
1979,5,5,0.472953352436889
1979,5,6,12.2802039608359
1979,5,7,1.0216587834293
1979,5,8,6.21037418022752
1979,5,9,1.25473467924166
1979,5,10,2.66516546253115
1979,5,11,1.04314822820015
1979,5,12,0.000175759745957293
1979,5,13,0.0500140795338666
1979,5,14,0.00102234644430155
1979,5,15,2.9798699892126
1979,5,16,1.26897107984405
1979,5,17,0.799523628666066
1979,5,18,0.279590429272503
1979,5,19,0.0158043853843992
1979,5,20,0.0529513243236579
1979,5,21,0.680169046972878
1979,5,22,0.587308927788399
1979,5,23,0.0412233752285829
1979,5,24,0.00137807159603653
1979,5,25,0
1979,5,26,0.355374372156803
1979,5,27,4.62442233692855
1979,5,28,0.0475559734695707
1979,5,29,2.28187789907679
1979,5,30,2.51775251235813
1979,5,31,0.0164811892773287
1979,6,1,0.285614850145066
1979,6,2,12.9403228405863
1979,6,3,5.59400694910437
1979,6,4,2.00531297014095
1979,6,5,4.41997577436268
1979,6,6,0.0134371169679071
1979,6,7,2.90914610959589
1979,6,8,0.950282451231033
1979,6,9,4.39492750447243
1979,6,10,1.14954168966506
1979,6,11,4.11358976271003
1979,6,12,0.733821975882165
1979,6,13,16.6837055236101
1979,6,14,2.24650464369915
1979,6,15,0.0189489251170016
1979,6,16,2.35122850863263
1979,6,17,0.00117872370424266
1979,6,18,0.119809139505378
1979,6,19,11.6923362482339
1979,6,20,0.0235837140280637
1979,6,21,0.685172650264576
1979,6,22,4.97664960566908
1979,6,23,3.72336355503649
1979,6,24,0.0619322028796887
1979,6,25,22.2420992329717
1979,6,26,3.96997192874551
1979,6,27,0
1979,6,28,0.228805113147246
1979,6,29,1.16585520445369
1979,6,30,0.652260099013802
1979,7,1,1.30403087823652
1979,7,2,0.500924182415474
1979,7,3,0.500057598401327
1979,7,4,4.87495281267911
1979,7,5,0.642807983967941
1979,7,6,0.816246232716367
1979,7,7,16.443488560617
1979,7,8,4.32273008627817
1979,7,9,1.65990663226694
1979,7,10,0.727012439165264
1979,7,11,0.522954063490033
1979,7,12,5.93818821944296
1979,7,13,5.12247428996488
1979,7,14,12.0510963723063
1979,7,15,8.25188392773271
1979,7,16,2.74370651459321
1979,7,17,0.596134050283581
1979,7,18,1.58888383302838
1979,7,19,0.210666786006186
1979,7,20,7.38486049231142
1979,7,21,0.577946276462171
1979,7,22,5.17298982013017
1979,7,23,8.59079088550061
1979,7,24,1.94584525306709
1979,7,25,0.794147711712867
1979,7,26,3.82468284806237
1979,7,27,0.0560676930035697
1979,7,28,0.0213871675441624
1979,7,29,0
1979,7,30,0.00183780051656868
1979,7,31,0.0279253712506033
1979,8,1,0.931897715781815
1979,8,2,0.542049086652696
1979,8,3,0.0288552001620701
1979,8,4,0.000881570375099727
1979,8,5,0
1979,8,6,0.734321668278426
1979,8,7,0
1979,8,8,21.5773648582399
1979,8,9,0.00209610990964393
1979,8,10,0
1979,8,11,0
1979,8,12,0
1979,8,13,0.149251769471448
1979,8,14,0
1979,8,15,3.65711372578517
1979,8,16,0.271085894928547
1979,8,17,5.00749553320929
1979,8,18,0.00299792078521932
1979,8,19,16.8392744846642
1979,8,20,1.37254932196811
1979,8,21,0.0680482778989244
1979,8,22,0.770427999668755
1979,8,23,11.9314996059984
1979,8,24,0.000324419633557227
1979,8,25,0
1979,8,26,5.74471587315202
1979,8,27,2.57609763066284
1979,8,28,0.164360667258734
1979,8,29,0.00628364698513906
1979,8,30,0
1979,8,31,0
1979,9,1,0
1979,9,2,1.59013367473371e-06
1979,9,3,0
1979,9,4,0
1979,9,5,0
1979,9,6,3.90486245742068
1979,9,7,14.4974834751338
1979,9,8,1.31561102753039
1979,9,9,22.6578709669411
1979,9,10,1.79174480144866
1979,9,11,0
1979,9,12,1.90166581305675
1979,9,13,0.992898928234354
1979,9,14,0
1979,9,15,0.0093332616643238
1979,9,16,1.32666060235351
1979,9,17,0.0145392541526235
1979,9,18,0.0107301960724726
1979,9,19,2.56498432718217
1979,9,20,0.913917826255783
1979,9,21,7.97923402860761
1979,9,22,0.0837403105833801
1979,9,23,11.3067293073982
1979,9,24,3.38593579363078
1979,9,25,0.0174258232163993
1979,9,26,0.0147500717048388
1979,9,27,0.0201597708382906
1979,9,28,1.23066033411305
1979,9,29,0.0173229087522486
1979,9,30,0.449636207486037
1979,10,1,2.62032374739647
1979,10,2,0.000650131008228527
1979,10,3,2.93905284488574
1979,10,4,2.95160935493186
1979,10,5,1.46365961409174
1979,10,6,0.0651372298307251
1979,10,7,0.425924510636833
1979,10,8,5.46695636585355
1979,10,9,2.79256148496643
1979,10,10,0.84153676580172
1979,10,11,0.095087862064247
1979,10,12,0
1979,10,13,0.242928397346986
1979,10,14,3.8563086069189
1979,10,15,9.12201851606369
1979,10,16,0.0711563710865448
1979,10,17,0.0105704373254412
1979,10,18,3.16136197652668
1979,10,19,0.653471847181208
1979,10,20,0.549389983643778
1979,10,21,0.556930121092591
1979,10,22,4.47403653524816
1979,10,23,0.097430302776047
1979,10,24,0
1979,10,25,0.00346285028172133
1979,10,26,0.696173269534484
1979,10,27,0.145240783240297
1979,10,28,8.11175380367786
1979,10,29,0.738775444915518
1979,10,30,1.39242496225052
1979,10,31,0.0235251053709362
1979,11,1,1.7486936179921
1979,11,2,0.0199974213956011
1979,11,3,0
1979,11,4,0.827715898049064
1979,11,5,0
1979,11,6,0.281881242699455
1979,11,7,0
1979,11,8,0.0135458819841006
1979,11,9,0.27656559686875
1979,11,10,4.28327615372837
1979,11,11,0.449166532780509
1979,11,12,0.0108157762042538
1979,11,13,0.0378208660549717
1979,11,14,0.275876407977194
1979,11,15,0.032027896213549
1979,11,16,8.16023221705109
1979,11,17,2.78176077408716
1979,11,18,7.92704913765192
1979,11,19,1.07370568730403
1979,11,20,4.95592671213672
1979,11,21,13.5913125704974
1979,11,22,4.37219012528658
1979,11,23,0.99866499658674
1979,11,24,0.00751729758121655
1979,11,25,0.0026545851596893
1979,11,26,0.0868012702994747
1979,11,27,1.14050416450482
1979,11,28,0.327555005787872
1979,11,29,9.44544388912618
1979,11,30,13.8192383106798
1979,12,1,0
1979,12,2,0.0167654904998926
1979,12,3,0.503802187449764
1979,12,4,1.68210605042987
1979,12,5,0
1979,12,6,0.0079961698702391
1979,12,7,4.64108231244609
1979,12,8,0.047867225293885
1979,12,9,5.07176639512181
1979,12,10,14.6838106680661
1979,12,11,5.12891222024336
1979,12,12,8.60717457253486
1979,12,13,2.24316655076109
1979,12,14,3.14031061716378
1979,12,15,1.09341575880535
1979,12,16,2.73386416956782
1979,12,17,8.20239465683699
1979,12,18,7.91173791512847
1979,12,19,10.5953949037939
1979,12,20,1.60053745494224
1979,12,21,0.602827720285859
1979,12,22,2.32257198658772
1979,12,23,0.573931646067649
1979,12,24,0.0139722478706972
1979,12,25,0.0675665067319642
1979,12,26,1.50639380444773
1979,12,27,2.0725540118292
1979,12,28,2.8876748168841
1979,12,29,0.176866414403776
1979,12,30,3.95339744864032
1979,12,31,2.30055047431961
1980,1,1,0.595576208434068
1980,1,2,0.21447968101711
1980,1,3,0.469194579636678
1980,1,4,0.706037224153988
1980,1,5,0.178611782030202
1980,1,6,0.853872386505827
1980,1,7,7.58812269195914
1980,1,8,3.31363464938477
1980,1,9,1.66651193867438
1980,1,10,0.109251202593441
1980,1,11,0.0686422225044225
1980,1,12,0.211628707620548
1980,1,13,11.8936465121806
1980,1,14,10.0185102084652
1980,1,15,3.92545082140714
1980,1,16,3.18442530697212
1980,1,17,0
1980,1,18,0.0165529994319513
1980,1,19,0.35306139907334
1980,1,20,0.00115529325626085
1980,1,21,0.00604535148340801
1980,1,22,0.000402772484164871
1980,1,23,0.941942798090167
1980,1,24,6.54655031394213
1980,1,25,4.93620461784303
1980,1,26,5.16805937513709
1980,1,27,2.49287994811311
1980,1,28,2.59888482978567
1980,1,29,0
1980,1,30,1.57942401710898
1980,1,31,0.222964432759909
1980,2,1,0.0457926551462151
1980,2,2,0.0103917836895562
1980,2,3,0.992612502886914
1980,2,4,0.707301817601547
1980,2,5,0.584745401283726
1980,2,6,4.32174311717972
1980,2,7,1.93183280644007
1980,2,8,0.0851239630719647
1980,2,9,3.8304251851514
1980,2,10,0.185205753223272
1980,2,11,9.65061967726797
1980,2,12,17.5161793828011
1980,2,13,8.41149883344769
1980,2,14,7.35535954590887
1980,2,15,7.20873239915818
1980,2,16,1.4954580925405
1980,2,17,1.2592103012139
1980,2,18,5.99193025846034
1980,2,19,4.69153026351705
1980,2,20,8.19147701840848
1980,2,21,10.61852267012
1980,2,22,7.85309246275574
1980,2,23,5.3064588457346
1980,2,24,2.62923318659887
1980,2,25,1.27281452296302
1980,2,26,0.855215874616988
1980,2,27,3.92281649401411
1980,2,28,4.4376720674336
1980,2,29,0.133943287437432
1980,3,1,4.19360875384882
1980,3,2,1.63978550699539
1980,3,3,5.97395170480013
1980,3,4,0.349530469975434
1980,3,5,0.2520535592339
1980,3,6,0.0518101904162904
1980,3,7,0.199898410937749
1980,3,8,0.1162837503216
1980,3,9,3.70374424383044
1980,3,10,8.03182187955827
1980,3,11,2.56302814814262
1980,3,12,0.671740519464947
1980,3,13,6.34560529142618
1980,3,14,4.34270583791658
1980,3,15,0.222256050619762
1980,3,16,0.785553379682824
1980,3,17,5.75978443957865
1980,3,18,8.70121323969215
1980,3,19,3.04560213116929
1980,3,20,0.199233444436686
1980,3,21,0.00323550292478103
1980,3,22,0.051824418369506
1980,3,23,4.14662336697802
1980,3,24,11.8067831732333
1980,3,25,1.7690529988613
1980,3,26,14.6873373538256
1980,3,27,0.153288166620769
1980,3,28,3.45330334967002
1980,3,29,17.3397445119917
1980,3,30,4.04828164028004
1980,3,31,0.0674330429319525
1980,4,1,7.14450994365734e-05
1980,4,2,2.06314240691619e-06
1980,4,3,1.84091063565575
1980,4,4,2.00065881363116
1980,4,5,0.493105595523957
1980,4,6,2.32355927000754
1980,4,7,1.45080544170924
1980,4,8,5.32516536768526
1980,4,9,3.40648801065981
1980,4,10,0.568924349499866
1980,4,11,8.41981577686965
1980,4,12,1.0897172964178
1980,4,13,2.79308514436707
1980,4,14,0.561425623891409
1980,4,15,21.1360526271164
1980,4,16,4.88546654814854
1980,4,17,1.58683838672005
1980,4,18,1.01680471852887
1980,4,19,6.82981987483799
1980,4,20,9.41416702698916
1980,4,21,12.693122914061
1980,4,22,0
1980,4,23,0.905943178804591
1980,4,24,3.0066954321228
1980,4,25,4.94459165493026
1980,4,26,0.00173761810060569
1980,4,27,0
1980,4,28,0.00158019650484675
1980,4,29,0.617827411042526
1980,4,30,4.71789616858587
1980,5,1,0.7790723873768
1980,5,2,6.01306899916381
1980,5,3,0.791808060603216
1980,5,4,0.0455430250440259
1980,5,5,4.29300691466779
1980,5,6,3.78052541054785
1980,5,7,7.64394931029528
1980,5,8,9.28458992857486
1980,5,9,0.79271637077909
1980,5,10,8.90429941937327
1980,5,11,3.05021668318659
1980,5,12,0.0146402483096608
1980,5,13,3.35210978519171
1980,5,14,4.28865607827902
1980,5,15,0.27163493577973
1980,5,16,4.01058130664751
1980,5,17,0.24063587479759
1980,5,18,9.03121798764914
1980,5,19,2.03848000383005
1980,5,20,2.00476149329916
1980,5,21,4.73494087345898
1980,5,22,5.10306997457519
1980,5,23,1.36782507179305
1980,5,24,5.1831100252457
1980,5,25,1.00479646353051
1980,5,26,2.74453758029267
1980,5,27,1.4560800686013
1980,5,28,0.221907880768413
1980,5,29,0.972302863374352
1980,5,30,0
1980,5,31,0.000905307931020616
1980,6,1,0
1980,6,2,0.708854643744417
1980,6,3,1.12870579760056
1980,6,4,1.04525040951557
1980,6,5,0.0474425673019141
1980,6,6,3.64286553813145
1980,6,7,0.0138196583520767
1980,6,8,0.000481648423544812
1980,6,9,0.0096265277989005
1980,6,10,6.65548688161266e-05
1980,6,11,0.000792076420452759
1980,6,12,0
1980,6,13,0.0728892100596568
1980,6,14,1.24719623127021
1980,6,15,4.14806704502553
1980,6,16,0.000813779405461901
1980,6,17,0.807011863798834
1980,6,18,6.42840382643044
1980,6,19,0.702557608019561
1980,6,20,1.75024212221615
1980,6,21,12.3226499184966
1980,6,22,41.0336715169251
1980,6,23,12.463723635301
1980,6,24,0.208949196530739
1980,6,25,1.09365291427821
1980,6,26,0
1980,6,27,0.831219638348557
1980,6,28,0.477719957416411
1980,6,29,0.436550615995657
1980,6,30,1.82358555612154
1980,7,1,0.443481795082334
1980,7,2,0.593820684298407
1980,7,3,0.0848157906148117
1980,7,4,2.39310035831295
1980,7,5,0.589307697373442
1980,7,6,0.593665920314379
1980,7,7,0
1980,7,8,0.0141634510328004
1980,7,9,0.0146803021834785
1980,7,10,0.312605802901089
1980,7,11,0.0114558978111745
1980,7,12,4.08243800047785
1980,7,13,0.071980718166742
1980,7,14,0.00247391068910474
1980,7,15,14.5678713452071
1980,7,16,0.033651177000138
1980,7,17,0.516074354527518
1980,7,18,0.0173913534581516
1980,7,19,0
1980,7,20,0
1980,7,21,0
1980,7,22,5.0821978065881e-21
1980,7,23,0.0203211024199845
1980,7,24,0
1980,7,25,0
1980,7,26,0.0645590012936736
1980,7,27,0.0179535344159376
1980,7,28,0
1980,7,29,0.00262903580505736
1980,7,30,0
1980,7,31,1.27054945164703e-21
1980,8,1,0
1980,8,2,0.00489634818450213
1980,8,3,2.79233454493806
1980,8,4,0
1980,8,5,0.0150824763750279
1980,8,6,4.44687193958089
1980,8,7,6.02470329031348
1980,8,8,0.334891777310986
1980,8,9,7.81674433965236
1980,8,10,3.20700583979487
1980,8,11,0.00499886330089794
1980,8,12,0.00120443129389969
1980,8,13,0
1980,8,14,4.71162077225749e-21
1980,8,15,0
1980,8,16,3.21969876531512
1980,8,17,2.50037729856558
1980,8,18,0.870364750153385
1980,8,19,0.438634802412707
1980,8,20,0
1980,8,21,0
1980,8,22,2.14098444557749
1980,8,23,16.5695188567042
1980,8,24,3.86942618060857
1980,8,25,11.1953790765256
1980,8,26,0.015638011154806
1980,8,27,0.0173205820374278
1980,8,28,11.5359814837575
1980,8,29,11.0074714757502
1980,8,30,1.31175949063618
1980,8,31,0.813890708377585
1980,9,1,0.177238904871047
1980,9,2,1.41296900692396
1980,9,3,13.0309831816703
1980,9,4,7.83971494529396
1980,9,5,11.9044164195657
1980,9,6,4.93795475922525
1980,9,7,10.8244031667709
1980,9,8,3.28371817013249
1980,9,9,9.11893376614898
1980,9,10,5.05237622419372
1980,9,11,6.37521876487881
1980,9,12,2.10993358050473
1980,9,13,3.2118184142746
1980,9,14,0.585272086027544
1980,9,15,0.00108717254079238
1980,9,16,0.00651741061119537
1980,9,17,0
1980,9,18,2.1745074482169
1980,9,19,9.01168102864176
1980,9,20,0.596085644792765
1980,9,21,0.155367815023055
1980,9,22,0
1980,9,23,0.00125115145124255
1980,9,24,0.00458428201000061
1980,9,25,0
1980,9,26,0.928423678851686
1980,9,27,0.0901893010450294
1980,9,28,0
1980,9,29,0.381660911079962
1980,9,30,2.29791426099837
1980,10,1,0.718903497909196
1980,10,2,3.97368563571945
1980,10,3,0.0172447053500946
1980,10,4,0.0558881811230094
1980,10,5,11.5585837047547
1980,10,6,9.62155438028276
1980,10,7,1.60363996401429
1980,10,8,0.0659729759718175
1980,10,9,1.50823588483036
1980,10,10,0
1980,10,11,8.46374910324812
1980,10,12,0.786367786349729
1980,10,13,0.0948012893786654
1980,10,14,5.01733850687742
1980,10,15,12.218964099884
1980,10,16,1.03071320336312
1980,10,17,0.823031016625464
1980,10,18,0.468736534821801
1980,10,19,0.0149201355270634
1980,10,20,0.435956784349401
1980,10,21,1.73206193139777
1980,10,22,0
1980,10,23,1.27499001973774
1980,10,24,3.51541702402756
1980,10,25,0.00696241108926188
1980,10,26,0
1980,10,27,0
1980,10,28,0.0135868923280213
1980,10,29,0.0135942666020128
1980,10,30,0.165078321879264
1980,10,31,0.171691270224983
1980,11,1,0.14972255412431
1980,11,2,0
1980,11,3,3.88167654164135
1980,11,4,0.0826401465019444
1980,11,5,7.22855853382498
1980,11,6,0.380078342277557
1980,11,7,2.03106469125487
1980,11,8,0.3970547215431
1980,11,9,0.359696173109114
1980,11,10,1.50966353248805
1980,11,11,16.8646364472806
1980,11,12,9.26656548399478
1980,11,13,5.87177965790033
1980,11,14,6.74939509481192
1980,11,15,0
1980,11,16,0.0211335470339691
1980,11,17,0.0470876984763891
1980,11,18,6.65644900873303
1980,11,19,3.87430601986125
1980,11,20,4.55445440020412
1980,11,21,0.0277766751423769
1980,11,22,0.0713774912583176
1980,11,23,0.000717448577347568
1980,11,24,2.684309205506
1980,11,25,0.670654303394258
1980,11,26,0.125852596465847
1980,11,27,8.17186022177339
1980,11,28,0.0452688876976026
1980,11,29,0
1980,11,30,1.1877580119446e-05
1980,12,1,0.81951140309684
1980,12,2,5.43096845503896
1980,12,3,0.25369470968144
1980,12,4,3.04499737685546
1980,12,5,15.9933740738779
1980,12,6,6.42940022516996
1980,12,7,1.8982254085131
1980,12,8,1.59000580315478
1980,12,9,4.07863282598555
1980,12,10,2.85276408540085
1980,12,11,0.0162673083195841
1980,12,12,1.31403517734725
1980,12,13,1.71306151896715
1980,12,14,4.23556059831753
1980,12,15,2.36923063639551
1980,12,16,2.93326084502041
1980,12,17,0.991129534668289
1980,12,18,0.437834108015522
1980,12,19,4.56203394569457
1980,12,20,1.67632206575945
1980,12,21,0.111617502261652
1980,12,22,0
1980,12,23,0.0377499448404706
1980,12,24,0
1980,12,25,0
1980,12,26,0.00162427086820571
1980,12,27,0.00247845806597979
1980,12,28,0
1980,12,29,0.0072849551543186
1980,12,30,0
1980,12,31,0.43648633727571
1981,1,1,2.38980627036653
1981,1,2,8.83415420539677
1981,1,3,8.07849797420204
1981,1,4,2.52798823057674
1981,1,5,0.148420713594533
1981,1,6,1.34416547371075
1981,1,7,0.447686118423007
1981,1,8,9.20941934455186
1981,1,9,4.7393457731232
1981,1,10,0.492650576052256
1981,1,11,0.320264164474793
1981,1,12,0.224671551404754
1981,1,13,0.00373457772866459
1981,1,14,3.36081114364788
1981,1,15,4.41429850179702
1981,1,16,0.139393836070667
1981,1,17,1.59855455858633
1981,1,18,2.34592920751311
1981,1,19,7.40611113142222
1981,1,20,5.21661825478077
1981,1,21,1.3064223137917
1981,1,22,9.57147041335702
1981,1,23,0.278188339871122
1981,1,24,5.48648766707629
1981,1,25,0.211238222254906
1981,1,26,0
1981,1,27,5.32305941451341
1981,1,28,0.0944534043810563
1981,1,29,0.144425610415055
1981,1,30,4.44521546596661
1981,1,31,7.67494202591479
1981,2,1,0.346478527353611
1981,2,2,0.0014168961172345
1981,2,3,0.000542646375834011
1981,2,4,1.80064716842026
1981,2,5,0.183082099829335
1981,2,6,0.678288147901185
1981,2,7,3.76459968974814
1981,2,8,7.03355104196817
1981,2,9,0.382610986707732
1981,2,10,3.05767050012946
1981,2,11,0.116881658323109
1981,2,12,1.41486907959916
1981,2,13,0.0363753217243357
1981,2,14,2.46196314110421
1981,2,15,2.69334751646966
1981,2,16,12.2361524496228
1981,2,17,5.02543448237702
1981,2,18,4.29401588626206
1981,2,19,0
1981,2,20,0
1981,2,21,0.00297359648584461
1981,2,22,0.161863953690045
1981,2,23,0.385628000367433
1981,2,24,0.570504521601833
1981,2,25,0.000977423658810039
1981,2,26,0.115443471077015
1981,2,27,0.203243124269648
1981,2,28,0.414889669627883
1981,3,1,0.470593388308771
1981,3,2,0.169474086578703
1981,3,3,0.295812535478035
1981,3,4,0.11044779457734
1981,3,5,8.79450048785202e-05
1981,3,6,2.19895394984633
1981,3,7,3.82281955098733
1981,3,8,5.68974169436842
1981,3,9,5.02298151841387
1981,3,10,10.821237321943
1981,3,11,2.63690451392904
1981,3,12,2.01936124940403
1981,3,13,0.499496574047953
1981,3,14,0.65642556437524
1981,3,15,6.43455886747688
1981,3,16,0.0904164375242544
1981,3,17,0.00154786944221996
1981,3,18,0
1981,3,19,0
1981,3,20,0
1981,3,21,0.0013967884513022
1981,3,22,0.31991043506423
1981,3,23,0.401303796388675
1981,3,24,0.116114223055774
1981,3,25,3.52043139282614
1981,3,26,1.70488067669794
1981,3,27,0.127795092703309
1981,3,28,0.542723620310426
1981,3,29,0.0124491435144591
1981,3,30,0.156197908290778
1981,3,31,0.0119309957881342
1981,4,1,20.9471995476633
1981,4,2,1.59791145706549
1981,4,3,2.33116726158187
1981,4,4,2.43356829159893
1981,4,5,0.168534717522562
1981,4,6,0.0113586497263896
1981,4,7,0.010132844272448
1981,4,8,4.876758903265
1981,4,9,0.146672880509868
1981,4,10,0.00955889713623037
1981,4,11,0
1981,4,12,0.0191203137546836
1981,4,13,0.00793897443145397
1981,4,14,0.00603079693064501
1981,4,15,0.634708000870887
1981,4,16,1.66644923156127
1981,4,17,0.000484795704380758
1981,4,18,0.000429119383227317
1981,4,19,0
1981,4,20,0.000196980639799449
1981,4,21,0.000323597839724243
1981,4,22,0.154571010352811
1981,4,23,0.02481891106072
1981,4,24,0.0118163863589871
1981,4,25,5.68469809368253
1981,4,26,5.50861903466284
1981,4,27,0.877924179076217
1981,4,28,1.23855742276646
1981,4,29,1.26348884368781
1981,4,30,0.530394050292671
1981,5,1,0.225056280760327
1981,5,2,1.96819947450422
1981,5,3,0.017420547283109
1981,5,4,0.539962307084352
1981,5,5,2.48398826806806
1981,5,6,0.931401402340271
1981,5,7,0.206240532133961
1981,5,8,4.63403837056831
1981,5,9,5.97282832022756
1981,5,10,4.60454591084272
1981,5,11,7.77166185434908
1981,5,12,5.98708027973771
1981,5,13,1.87983619398437
1981,5,14,11.0093548893929
1981,5,15,3.0878079473041
1981,5,16,1.87896253773943
1981,5,17,0.0139457171826507
1981,5,18,11.3664013333619
1981,5,19,1.1567438923521
1981,5,20,0.00576140080283949
1981,5,21,0
1981,5,22,0.0010335298696873
1981,5,23,0
1981,5,24,0.040605871254229
1981,5,25,0.299902229744475
1981,5,26,1.11157583305612
1981,5,27,9.42023468669504
1981,5,28,6.16728637833148
1981,5,29,7.13107301853597
1981,5,30,2.6927936822176
1981,5,31,0.626535330957267
1981,6,1,8.86053331196308
1981,6,2,1.78502366761677
1981,6,3,0.0366538227353885
1981,6,4,0.0448948550911155
1981,6,5,0.240804724307964
1981,6,6,1.25633827560007e-08
1981,6,7,0
1981,6,8,2.57674733293243
1981,6,9,0
1981,6,10,12.4998605344445
1981,6,11,0.88756111508701
1981,6,12,0.676274133729748
1981,6,13,0.0841643694002414
1981,6,14,3.91331613063812
1981,6,15,1.18552527856082
1981,6,16,0.40277871012222
1981,6,17,0.0227771801291965
1981,6,18,3.82569433422759
1981,6,19,1.49285205407068
1981,6,20,0.00382308712687518
1981,6,21,2.65524013666436
1981,6,22,0.573869646177627
1981,6,23,7.49340006150305
1981,6,24,12.2628471348435
1981,6,25,0.405592907918617
1981,6,26,0.42524388700258
1981,6,27,0.00932134385038808
1981,6,28,1.04682390228845
1981,6,29,7.5764142209664
1981,6,30,11.6138502024114
1981,7,1,4.96871110517532
1981,7,2,2.4879235716071
1981,7,3,18.2787230238318
1981,7,4,2.13383363443427
1981,7,5,0
1981,7,6,0
1981,7,7,0.00169355816410643
1981,7,8,0.00767933454426384
1981,7,9,0.0521126952662598
1981,7,10,15.1113543659449
1981,7,11,3.85380315128714
1981,7,12,7.06207444891334
1981,7,13,6.32765125483274
1981,7,14,1.05525062244851
1981,7,15,5.99665639456362
1981,7,16,0
1981,7,17,0.00247888841613531
1981,7,18,15.625291178003
1981,7,19,2.65206706244498
1981,7,20,0.518548260151874
1981,7,21,0.686845940072089
1981,7,22,3.43005111208186
1981,7,23,0.00510478499791134
1981,7,24,17.5141287501901
1981,7,25,1.96352818747982
1981,7,26,24.9711806885898
1981,7,27,3.06731702294201
1981,7,28,3.51409750292078
1981,7,29,17.2950807027519
1981,7,30,3.05425791302696
1981,7,31,7.05335706006736
1981,8,1,7.84046177286655
1981,8,2,1.0853652813239
1981,8,3,2.78665947262198
1981,8,4,2.57445483002812
1981,8,5,3.75586438458413
1981,8,6,4.0693738614209
1981,8,7,0.0217063216041424
1981,8,8,3.63357451278716
1981,8,9,5.55476895533502
1981,8,10,0.164252835384104
1981,8,11,0.788657224620692
1981,8,12,0
1981,8,13,0.0531384535861434
1981,8,14,0.0280035709693038
1981,8,15,8.72927836608142
1981,8,16,24.3172614835203
1981,8,17,12.4116795603186
1981,8,18,0.230350847414229
1981,8,19,5.32145826146007
1981,8,20,1.37218250893056
1981,8,21,8.45762109383941
1981,8,22,3.60957293305546
1981,8,23,0.927792207221501
1981,8,24,13.1666442845017
1981,8,25,4.40235334681347
1981,8,26,11.1711889039725
1981,8,27,0.689906958723441
1981,8,28,3.09751922031865
1981,8,29,3.21244988590479
1981,8,30,4.2895870981738
1981,8,31,2.72653262363747
1981,9,1,3.91205161577091
1981,9,2,3.84666837053373
1981,9,3,21.2827853858471
1981,9,4,6.95398750249296
1981,9,5,1.59358293749392
1981,9,6,1.27784625801723
1981,9,7,0.00436294083101529
1981,9,8,6.53747019823641
1981,9,9,5.54851081687957
1981,9,10,0.00163534900821105
1981,9,11,0.043573040420597
1981,9,12,0.000980384848503491
1981,9,13,0.00196228436379897
1981,9,14,0
1981,9,15,0.0223267526962445
1981,9,16,0
1981,9,17,0.000780961062218921
1981,9,18,0.00129142479750044
1981,9,19,0.00131176544186928
1981,9,20,0
1981,9,21,0.0012181377314846
1981,9,22,0.00193108566577394
1981,9,23,0
1981,9,24,0
1981,9,25,0
1981,9,26,0
1981,9,27,0.259717696462758
1981,9,28,1.07711442396976
1981,9,29,0
1981,9,30,6.15450921468437
1981,10,1,0
1981,10,2,3.54086779428414e-09
1981,10,3,0.0732570937543642
1981,10,4,0.00223528336960044
1981,10,5,0.000123559396314477
1981,10,6,0
1981,10,7,0.000426437368616917
1981,10,8,0
1981,10,9,0
1981,10,10,0.00166972238275775
1981,10,11,3.09842257993296
1981,10,12,0.0263359708696953
1981,10,13,1.01660339569207
1981,10,14,0.00725288086869114
1981,10,15,5.31230270862579
1981,10,16,15.5051588080823
1981,10,17,2.25923198740929
1981,10,18,5.16339578898624
1981,10,19,1.32725011208095
1981,10,20,0.0338909158017486
1981,10,21,1.28889339684974
1981,10,22,0.380135509476531
1981,10,23,0.678102462552488
1981,10,24,0
1981,10,25,3.15222400182336e-05
1981,10,26,0.000975244435608147
1981,10,27,0
1981,10,28,0.00249049774083687
1981,10,29,0.00606124988280499
1981,10,30,0
1981,10,31,4.73843141226098
1981,11,1,2.35837759100832
1981,11,2,3.79072356736287
1981,11,3,2.04239534796216
1981,11,4,1.07518574804999
1981,11,5,0.804629700724036
1981,11,6,6.63077649660408
1981,11,7,0.23651504307054
1981,11,8,1.03529765910935
1981,11,9,3.24099278077483
1981,11,10,0.0089870986812457
1981,11,11,0.000252551176771476
1981,11,12,6.24358726199716
1981,11,13,2.41591898957267
1981,11,14,3.5078720538877
1981,11,15,4.04215866001323
1981,11,16,0.0413998175645247
1981,11,17,4.48224818101153
1981,11,18,0.28291276685195
1981,11,19,10.01118903514
1981,11,20,0
1981,11,21,2.71627160254866
1981,11,22,0.828599141095765
1981,11,23,7.17819042038172
1981,11,24,0.171261553623481
1981,11,25,0.967977329855785
1981,11,26,0.541235740820412
1981,11,27,0.380318719544448
1981,11,28,0.581003091065213
1981,11,29,0.0373026164197654
1981,11,30,0
1981,12,1,3.62931780628628e-05
1981,12,2,1.01286100689322
1981,12,3,1.86685739317909
1981,12,4,3.93440332263708
1981,12,5,0.00693210670306144
1981,12,6,2.19355940935202
1981,12,7,5.45564393978566
1981,12,8,3.00443168962374
1981,12,9,3.70706284884363
1981,12,10,0.143926143937279
1981,12,11,0.0695763610565336
1981,12,12,7.8240596401713e-05
1981,12,13,4.42035528180895e-05
1981,12,14,0.000261215906505186
1981,12,15,0.000301856447038062
1981,12,16,0.000727532952282672
1981,12,17,0.000371870112303441
1981,12,18,3.57055370695889
1981,12,19,11.0617057420313
1981,12,20,2.61131231090985
1981,12,21,0.371746193559375
1981,12,22,2.48641671496443
1981,12,23,0.0051914103096351
1981,12,24,4.05729857739061
1981,12,25,1.06389351713005
1981,12,26,0.102825678186491
1981,12,27,11.3817867357284
1981,12,28,3.43551213154569
1981,12,29,0.0223238452235819
1981,12,30,2.03827836667188
1981,12,31,0.311966807203135
1982,1,1,1.4005231379997
1982,1,2,2.7229679049924
1982,1,3,4.10849712789059
1982,1,4,1.78866995265707
1982,1,5,1.27631103387102
1982,1,6,0.71095336752478
1982,1,7,0.0370803420992161
1982,1,8,2.67701977863908
1982,1,9,0.00406318936256866
1982,1,10,0.363053675391711
1982,1,11,0.37818538112333
1982,1,12,0.0525240928254789
1982,1,13,9.35545682441443
1982,1,14,1.71816704096273
1982,1,15,1.0502907098271
1982,1,16,2.35575505066663
1982,1,17,0.192574683751445
1982,1,18,0
1982,1,19,0.00324474931403529
1982,1,20,1.05740136641543
1982,1,21,0
1982,1,22,0.000454666167115647
1982,1,23,0.000198285445662805
1982,1,24,0.000514268128881668
1982,1,25,0.0282566021269304
1982,1,26,1.02690024941694
1982,1,27,0.798825992387719
1982,1,28,1.1149694037158
1982,1,29,0.488004631188232
1982,1,30,0.227289691247279
1982,1,31,0.460187111457344
1982,2,1,0.953151576686651
1982,2,2,0.406817739713006
1982,2,3,6.06443539727479
1982,2,4,1.03962641442195
1982,2,5,0.02066386741717
1982,2,6,2.46942025842145
1982,2,7,2.11176465963945
1982,2,8,0.524347410828341
1982,2,9,0.109296749724308
1982,2,10,3.26839248882607
1982,2,11,1.48843080969527
1982,2,12,16.6067910846323
1982,2,13,0.0827956373541383
1982,2,14,0.0654412719086395
1982,2,15,0.000297938902349415
1982,2,16,0.609912013169378
1982,2,17,0.293902974226512
1982,2,18,4.93804968427867
1982,2,19,1.7603519547265
1982,2,20,6.34229297284037
1982,2,21,1.00503723369911
1982,2,22,0.0250054853495385
1982,2,23,0
1982,2,24,0.807411130517721
1982,2,25,0.230411491793348
1982,2,26,0.0469670530947042
1982,2,27,6.02768745739013
1982,2,28,2.2523368766997
1982,3,1,1.25639193865936
1982,3,2,3.93674941733479
1982,3,3,6.40719279181212
1982,3,4,5.36114133428782
1982,3,5,3.19790246430784
1982,3,6,8.07643665466458
1982,3,7,10.2393341716379
1982,3,8,9.85290685202926
1982,3,9,1.53432015795261
1982,3,10,1.533237635158
1982,3,11,4.05657563824207
1982,3,12,1.31429684988689
1982,3,13,4.97915694722906
1982,3,14,0
1982,3,15,0.2623894084536
1982,3,16,4.87812400097027
1982,3,17,4.61012668674812
1982,3,18,0.251942623435752
1982,3,19,0
1982,3,20,0.00452161756356873
1982,3,21,3.04546477273107
1982,3,22,1.09455595957115
1982,3,23,2.24184624385089
1982,3,24,1.36132977786474
1982,3,25,2.0627289544791
1982,3,26,6.25990997068584
1982,3,27,13.4487187955528
1982,3,28,1.4580590359401
1982,3,29,0.00219269144281498
1982,3,30,1.12181359436363
1982,3,31,7.95044784899801
1982,4,1,0.00015403062185726
1982,4,2,4.92679477902129
1982,4,3,0.282654080365319
1982,4,4,0.794786491314881
1982,4,5,0.470528520236257
1982,4,6,1.96619771886617
1982,4,7,2.16670457739383
1982,4,8,6.03724094107747
1982,4,9,2.35300348140299
1982,4,10,6.96274763904512
1982,4,11,0.606055565003771
1982,4,12,0.000457026992251031
1982,4,13,0.000501561019916608
1982,4,14,1.18477515061386
1982,4,15,2.74439613567665
1982,4,16,6.24023219570518
1982,4,17,5.77607760205865
1982,4,18,0.389624282252043
1982,4,19,1.42588494345546
1982,4,20,0
1982,4,21,16.7420838028193
1982,4,22,2.51053129322827
1982,4,23,1.41737154917791
1982,4,24,0
1982,4,25,0.212666636070935
1982,4,26,0.752135281800292
1982,4,27,0
1982,4,28,0.482985468988772
1982,4,29,0.384968357684556
1982,4,30,0
1982,5,1,1.24737232981715
1982,5,2,0.155646293933387
1982,5,3,0.175078711617971
1982,5,4,0.554925379401539
1982,5,5,1.05014132859651
1982,5,6,0.349957947037183
1982,5,7,0.289716193947243
1982,5,8,0
1982,5,9,0.00074739766375842
1982,5,10,0.000418486902731274
1982,5,11,0.0235590299780597
1982,5,12,0.0110064489490469
1982,5,13,6.64840426761657
1982,5,14,8.55844030156732
1982,5,15,0.653682167467196
1982,5,16,0
1982,5,17,21.0507483221591
1982,5,18,12.765907170251
1982,5,19,0.934510747902095
1982,5,20,0.800134197925217
1982,5,21,0.440420187078416
1982,5,22,8.35738212335855
1982,5,23,11.9849518407136
1982,5,24,2.92305325856432
1982,5,25,3.25288198655471
1982,5,26,4.57976795732975
1982,5,27,2.65070950845256
1982,5,28,11.9578435085714
1982,5,29,0.226247401587898
1982,5,30,7.31480768881738
1982,5,31,0.249115911719855
1982,6,1,2.77543128468096
1982,6,2,1.85459273052402
1982,6,3,22.0264923758805
1982,6,4,5.60546081978828
1982,6,5,4.29043733747676
1982,6,6,2.69010466290638
1982,6,7,3.00797472009435
1982,6,8,0
1982,6,9,1.14392023853327e-05
1982,6,10,0.0210059718483535
1982,6,11,0
1982,6,12,3.32608617609367
1982,6,13,0
1982,6,14,9.77027993649244
1982,6,15,8.84395348839462
1982,6,16,0.201620558073046
1982,6,17,0.594308707513846
1982,6,18,11.1815489362925
1982,6,19,1.07133766869083
1982,6,20,0.00872266969054181
1982,6,21,0
1982,6,22,0.337320695689414
1982,6,23,0.000558746022250034
1982,6,24,0.0219605167330883
1982,6,25,1.15029103180859
1982,6,26,0.00351762170112124
1982,6,27,3.671919205226
1982,6,28,7.63442034367472
1982,6,29,7.89762048516423
1982,6,30,0.208975422719959
1982,7,1,1.66378111462109
1982,7,2,1.44565324299037
1982,7,3,2.75213881395757
1982,7,4,4.61459225043654
1982,7,5,2.34254553797655
1982,7,6,9.97408842667937
1982,7,7,8.82305740378797
1982,7,8,3.8674651295878
1982,7,9,1.13282105012331
1982,7,10,2.55450312397443
1982,7,11,2.1840785339009
1982,7,12,9.4087072648108
1982,7,13,16.3956752512604
1982,7,14,5.83005223888904
1982,7,15,3.47037540050223
1982,7,16,14.1721885185689
1982,7,17,3.33281108178198
1982,7,18,7.87878131959587
1982,7,19,2.33350832713768
1982,7,20,4.70989920431748
1982,7,21,0.149809277354507
1982,7,22,0
1982,7,23,0.213726233050693
1982,7,24,7.59829664602876
1982,7,25,1.57012246199884
1982,7,26,0.00607893782671454
1982,7,27,0.00115391687245392
1982,7,28,0.104433490923839
1982,7,29,0.350389274535701
1982,7,30,0.592240080004558
1982,7,31,0.239464634796605
1982,8,1,1.33246548939496
1982,8,2,1.69611016754061
1982,8,3,1.20530520798638
1982,8,4,4.60493881255388
1982,8,5,3.32244004821405
1982,8,6,1.08413274865597
1982,8,7,6.50002383626997
1982,8,8,0.125870129704708
1982,8,9,0.823367576231249
1982,8,10,1.23774898820557
1982,8,11,3.70527970371768
1982,8,12,0.145068417259608
1982,8,13,0
1982,8,14,3.57105567818508
1982,8,15,0.0072354317353529
1982,8,16,4.28985930047929
1982,8,17,5.57993855327368
1982,8,18,0
1982,8,19,0.882502662716433
1982,8,20,1.81079801986925
1982,8,21,5.11082774028182
1982,8,22,0.760230314335786
1982,8,23,4.01596846058965
1982,8,24,2.47358690248802
1982,8,25,0.0981971192231867
1982,8,26,0.0906192042748444
1982,8,27,2.06197285442613
1982,8,28,0.017229447257705
1982,8,29,0.924514778307639
1982,8,30,0.976280836039223
1982,8,31,7.11938655003905
1982,9,1,1.82131285546347
1982,9,2,0.313139068748569
1982,9,3,0.557053727970924
1982,9,4,10.8630760107189
1982,9,5,3.92920350423083
1982,9,6,0.10134713993466
1982,9,7,4.20501013286412
1982,9,8,1.4663734647911
1982,9,9,2.91040528099984
1982,9,10,15.2530780993402
1982,9,11,0.599197190604173
1982,9,12,19.7532422840595
1982,9,13,3.97212062962353
1982,9,14,12.5644007697701
1982,9,15,7.31536843813956
1982,9,16,9.55903208814561
1982,9,17,17.2385544050485
1982,9,18,4.50758059741929
1982,9,19,1.27110689354595
1982,9,20,0
1982,9,21,0.674219179200009
1982,9,22,7.23822265863419
1982,9,23,8.60386099666357
1982,9,24,2.62332520214841
1982,9,25,0.0136558023768885
1982,9,26,0.387486779072788
1982,9,27,0.100139929782017
1982,9,28,0.372586531739216
1982,9,29,2.94104689965025
1982,9,30,2.70403318572789
1982,10,1,5.94524410553277
1982,10,2,0.922464145696722
1982,10,3,0.000157570132941487
1982,10,4,0
1982,10,5,1.20795753027778
1982,10,6,0
1982,10,7,0.000102315413741394
1982,10,8,0.0101023256320332
1982,10,9,0.00403999649734033
1982,10,10,2.15584760298952
1982,10,11,0.496160877810325
1982,10,12,0.000539825387591009
1982,10,13,0.00115950428778433
1982,10,14,0
1982,10,15,0.0425469284891733
1982,10,16,0.00109410756294892
1982,10,17,0.0409816080718883
1982,10,18,1.78071856498718
1982,10,19,0
1982,10,20,0
1982,10,21,0
1982,10,22,0.00969229647580505
1982,10,23,0.0292998740405892
1982,10,24,2.22479069489054
1982,10,25,3.53352067759261
1982,10,26,0.129996894247597
1982,10,27,8.11538232956082
1982,10,28,7.70760190207511
1982,10,29,4.04494983376935
1982,10,30,1.2753187213093
1982,10,31,0.64087824721355
1982,11,1,0.29639876447618
1982,11,2,0.166283017460955
1982,11,3,1.88878225162625
1982,11,4,3.47412085393444
1982,11,5,0.00301758705063548
1982,11,6,0.583664725127164
1982,11,7,0.0426509983299184
1982,11,8,0
1982,11,9,0.270253905910067
1982,11,10,0.0351005644006364
1982,11,11,11.5324975457042
1982,11,12,8.39530436787754
1982,11,13,0.0136891192141775
1982,11,14,3.98514170665294
1982,11,15,0.211141980980756
1982,11,16,0.0335623321007006
1982,11,17,0
1982,11,18,0.0667256921587978
1982,11,19,0.00199586318672118
1982,11,20,2.79774873051792
1982,11,21,0
1982,11,22,1.08074860763736
1982,11,23,0.317448080750182
1982,11,24,0.225022275117226
1982,11,25,2.18883830239065
1982,11,26,5.04631956573576
1982,11,27,0.355328952718992
1982,11,28,0.120505793529446
1982,11,29,0.022883764540893
1982,11,30,0
1982,12,1,0
1982,12,2,0
1982,12,3,6.60022021037321e-05
1982,12,4,0.00220496271481352
1982,12,5,0.316116576141212
1982,12,6,0.592781459272373
1982,12,7,0.369969452731311
1982,12,8,0.00267487024530055
1982,12,9,0.00101185466405695
1982,12,10,0
1982,12,11,0.123769883430214
1982,12,12,0.680010314681567
1982,12,13,0.243976501951693
1982,12,14,0.00648260995603778
1982,12,15,0
1982,12,16,2.04204789078233e-05
1982,12,17,0.277866455144249
1982,12,18,4.28499329136685
1982,12,19,2.42080495809205
1982,12,20,13.5799995157868
1982,12,21,2.92599939275533
1982,12,22,0.451742357108742
1982,12,23,1.34490255732089
1982,12,24,0.297872008377453
1982,12,25,0.0884012839378556
1982,12,26,0.00224611916905815
1982,12,27,1.66764035238884
1982,12,28,0.347756086557638
1982,12,29,1.70936195645481
1982,12,30,0.270150120923063
1982,12,31,0.0101089147165112
1983,1,1,2.47606705524959
1983,1,2,6.636350043118
1983,1,3,2.67316022654995
1983,1,4,7.04889495391399
1983,1,5,13.584186276421
1983,1,6,4.56237529870123
1983,1,7,0.124671573212254
1983,1,8,0.0011724769507282
1983,1,9,0.508734164759517
1983,1,10,0.222864046372706
1983,1,11,0.0511430334881879
1983,1,12,0.175307498284383
1983,1,13,0.0723372028005542
1983,1,14,0.0862745167978574
1983,1,15,0.711581931682304
1983,1,16,1.44272203906439
1983,1,17,0.214651104033692
1983,1,18,4.57075196318328
1983,1,19,18.1449227035046
1983,1,20,9.42407003603876
1983,1,21,1.76257436396554
1983,1,22,11.4568579941988
1983,1,23,2.2879149124492
1983,1,24,6.36665602214634
1983,1,25,0.106370928551769
1983,1,26,0.0413086398111773
1983,1,27,0.0896181103598792
1983,1,28,0.103718694663257
1983,1,29,1.07178541948088
1983,1,30,1.896711793961
1983,1,31,0.203210434847279
1983,2,1,0
1983,2,2,0.1016011901811
1983,2,3,0.406752321578097
1983,2,4,0.00862065030560188
1983,2,5,3.62341732618177e-05
1983,2,6,0.000120753938048779
1983,2,7,0.0663645663735224
1983,2,8,5.29901003076816e-05
1983,2,9,3.46201491474574e-05
1983,2,10,0.728050642646849
1983,2,11,0.59312862722436
1983,2,12,1.08282407163642
1983,2,13,0.160247202438768
1983,2,14,0.117704787408002
1983,2,15,2.23495160462335
1983,2,16,0.837844275520183
1983,2,17,0.15577509693685
1983,2,18,0.319912969280267
1983,2,19,5.77107486315072
1983,2,20,0.0181563122168882
1983,2,21,0.196770677575842
1983,2,22,3.40635505272076
1983,2,23,7.28717632591724
1983,2,24,15.0117710698396
1983,2,25,11.2303718458861
1983,2,26,0.05970491674816
1983,2,27,1.04493616672698
1983,2,28,2.43509605061263
1983,3,1,0.0884987628523959
1983,3,2,0.230958509200718
1983,3,3,6.7579597234726
1983,3,4,10.8237569220364
1983,3,5,12.0167825371027
1983,3,6,1.74005685257725
1983,3,7,0.244489710166818
1983,3,8,5.12733432697132
1983,3,9,0.266927266056882
1983,3,10,6.17485020775348
1983,3,11,3.07125861290842
1983,3,12,6.53710369952023
1983,3,13,0.111944386662799
1983,3,14,0.222396984463558
1983,3,15,0.472413034003694
1983,3,16,2.83390228869393
1983,3,17,0.311187309853267
1983,3,18,3.5743375075981
1983,3,19,0.348176412808243
1983,3,20,0.518005269987043
1983,3,21,3.55490238871425
1983,3,22,0.237803662457736
1983,3,23,9.39063378609717
1983,3,24,0.163471236010082
1983,3,25,1.55945973820053
1983,3,26,2.92311140801758
1983,3,27,0.0564363723242423
1983,3,28,0.00176602105739221
1983,3,29,0.00176818508634824
1983,3,30,0.000803237284685565
1983,3,31,0.931516601121984
1983,4,1,0
1983,4,2,1.56433266238309
1983,4,3,0.101956510843593
1983,4,4,0.0293691843580746
1983,4,5,5.1617361584988e-05
1983,4,6,2.59733726852573
1983,4,7,7.80259610619396
1983,4,8,15.1355281937867
1983,4,9,0.479273687233217
1983,4,10,0.78487200953532
1983,4,11,2.78568067587912
1983,4,12,7.6225578552112
1983,4,13,6.59151775762439
1983,4,14,1.06344608066138
1983,4,15,3.6061245133169
1983,4,16,0.0419615786086069
1983,4,17,2.34047023113817
1983,4,18,7.45592289604247
1983,4,19,2.25831684074365
1983,4,20,0.15201247369987
1983,4,21,0
1983,4,22,1.89035071525723
1983,4,23,0.00236670607591805
1983,4,24,0.0967942243732978
1983,4,25,2.27196388877928
1983,4,26,4.2956858756952
1983,4,27,0.00189419219509546
1983,4,28,0.730260400450788
1983,4,29,2.35982174053788
1983,4,30,1.39174665673636
1983,5,1,1.15699754969683
1983,5,2,2.73396192351356
1983,5,3,0.869834254262969
1983,5,4,0.000109460047426069
1983,5,5,0.494501968205441
1983,5,6,3.20538991363719
1983,5,7,1.29305540467612
1983,5,8,3.8848408148624
1983,5,9,3.8662581355311
1983,5,10,6.36281564366072
1983,5,11,15.3044080361724
1983,5,12,6.48435303010046
1983,5,13,0.51752730505541
1983,5,14,0.69587403559126
1983,5,15,4.58038874203339
1983,5,16,4.42730386275798
1983,5,17,1.75299023394473
1983,5,18,6.82024753186852
1983,5,19,0.263652489229571
1983,5,20,2.46632340713404
1983,5,21,1.17047282110434
1983,5,22,3.54962901910767
1983,5,23,4.88499443745241
1983,5,24,0.188964309927542
1983,5,25,2.89847049862146
1983,5,26,0.898576821782626
1983,5,27,0
1983,5,28,0.109917347799637
1983,5,29,7.10260367486626
1983,5,30,4.36749447835609
1983,5,31,5.10351568227634
1983,6,1,0.431173206015956
1983,6,2,4.72168719861656
1983,6,3,0.193990367552033
1983,6,4,3.85101700667292
1983,6,5,0.907674539485015
1983,6,6,0.0444879611677607
1983,6,7,1.33583768620156
1983,6,8,8.53591980412602
1983,6,9,0.185008909465978
1983,6,10,2.00817282311618
1983,6,11,1.74282885272987
1983,6,12,6.21664803475142
1983,6,13,1.91204941947944
1983,6,14,0.00689950568357744
1983,6,15,0.145342751056887
1983,6,16,9.96505294460803
1983,6,17,1.53271303279325
1983,6,18,0
1983,6,19,1.075047525228
1983,6,20,0.88941443245858
1983,6,21,0.0453413093055133
1983,6,22,0.472384077147581
1983,6,23,0.0230855883273762
1983,6,24,6.14186029415578
1983,6,25,3.77672777976841
1983,6,26,11.7899908684194
1983,6,27,3.07104141684249
1983,6,28,3.50591791793704
1983,6,29,0.662914218264632
1983,6,30,8.58137444593012
1983,7,1,6.70325837563723
1983,7,2,1.4463156752754
1983,7,3,0.713162811007351
1983,7,4,0.841518299421296
1983,7,5,0.00343529651445351
1983,7,6,1.04190540150739
1983,7,7,9.11810081452131
1983,7,8,0.70446404570248
1983,7,9,3.70605702046305
1983,7,10,1.01842528092675
1983,7,11,1.12038246680157e-05
1983,7,12,0
1983,7,13,0.00262436027469448
1983,7,14,0.597386463778093
1983,7,15,4.08185399137437
1983,7,16,0.00305251570580367
1983,7,17,0.00656108040857362
1983,7,18,0.015525581102338
1983,7,19,3.52699127979577
1983,7,20,0.587321697094012
1983,7,21,1.89275747397915
1983,7,22,1.95213435217738
1983,7,23,0.000386172310129496
1983,7,24,0.593606356414966
1983,7,25,6.77628025878221
1983,7,26,6.26310221850872
1983,7,27,8.34562336094677
1983,7,28,1.76295579294674
1983,7,29,8.68244259618223
1983,7,30,4.32464587502182
1983,7,31,2.28940856759436
1983,8,1,0.00525754917362065
1983,8,2,0.000365602447516267
1983,8,3,0.932775772525929
1983,8,4,26.44795300439
1983,8,5,32.3315033689141
1983,8,6,26.9224701449275
1983,8,7,0.940496919793077
1983,8,8,1.49640922900289
1983,8,9,1.5567435300909
1983,8,10,0.144206371260225
1983,8,11,0.0263753052422544
1983,8,12,0
1983,8,13,0
1983,8,14,0
1983,8,15,11.1033206339926
1983,8,16,0.327338791976217
1983,8,17,0.952698246692307
1983,8,18,3.97400561487302
1983,8,19,1.72271338524297
1983,8,20,4.09941418329254
1983,8,21,10.7336397282779
1983,8,22,0.0470248391138739
1983,8,23,0.0205848254154262
1983,8,24,3.08735721046105
1983,8,25,3.84637070819736
1983,8,26,8.18591290153563
1983,8,27,7.82936245668679
1983,8,28,17.9131609853357
1983,8,29,0.197577972721774
1983,8,30,0.000868226834427333
1983,8,31,0.0352334462149884
1983,9,1,0
1983,9,2,0.464861423824914
1983,9,3,27.3817137815058
1983,9,4,37.3450398445129
1983,9,5,4.19364207191393
1983,9,6,0.143935347659863
1983,9,7,3.07132713496685
1983,9,8,7.00991407502443
1983,9,9,0.892962884972803
1983,9,10,14.6261238958687
1983,9,11,0
1983,9,12,0.0286601760308258
1983,9,13,0.0517907663379447
1983,9,14,0.000972139054056242
1983,9,15,0.295179944077972
1983,9,16,8.79168310202658
1983,9,17,9.80118024162948
1983,9,18,10.6336591299623
1983,9,19,1.28850355977193
1983,9,20,0.0681132883983082
1983,9,21,0.0770434236983419
1983,9,22,0.00154453560980983
1983,9,23,0
1983,9,24,0.00305092506778237
1983,9,25,0.00797482364305324
1983,9,26,11.8066888768226
1983,9,27,3.6360853118822
1983,9,28,0.186958271660842
1983,9,29,7.06964456476271
1983,9,30,2.65084529528394
1983,10,1,3.24140234151855
1983,10,2,3.75133218476549
1983,10,3,0.000720475838988932
1983,10,4,10.2740421658382
1983,10,5,0.00181143819304452
1983,10,6,15.6971739605069
1983,10,7,0.315136129211169
1983,10,8,0
1983,10,9,1.18827291880734
1983,10,10,0.83549645205494
1983,10,11,0.00367160049563608
1983,10,12,4.93929439689964
1983,10,13,8.77567974384874
1983,10,14,0.677671527955681
1983,10,15,0.00822889476239652
1983,10,16,0
1983,10,17,0.00334268927417725
1983,10,18,10.1687847403809
1983,10,19,1.8175043805968
1983,10,20,0.68484308430925
1983,10,21,1.22284489043523
1983,10,22,0.284279652260011
1983,10,23,9.03528907801956
1983,10,24,0.00737975312858907
1983,10,25,0
1983,10,26,0
1983,10,27,0.293111355858855
1983,10,28,0.0149112915551086
1983,10,29,3.13188743311912
1983,10,30,0.963864591903985
1983,10,31,3.74021180905402
1983,11,1,1.81070608086884
1983,11,2,0.0120248428174818
1983,11,3,0.00319210570296491
1983,11,4,0.483273112331517
1983,11,5,0.0501638929563342
1983,11,6,0.310803228785517
1983,11,7,0.119193079444813
1983,11,8,1.92781043588184
1983,11,9,2.94408890185878
1983,11,10,4.25323331728578
1983,11,11,7.46742265764624
1983,11,12,4.28162596654147
1983,11,13,1.41558573232032
1983,11,14,6.23456435278058
1983,11,15,0.959728987072594
1983,11,16,0.142604982465855
1983,11,17,0.00186450923820303
1983,11,18,0.00389906787177097
1983,11,19,0.634904491016641
1983,11,20,0.217510642687557
1983,11,21,2.63173628482036
1983,11,22,6.47159535437822
1983,11,23,5.86818004958332
1983,11,24,0.750547251664102
1983,11,25,0.019884413040927
1983,11,26,3.50753635866567
1983,11,27,8.45548056531698
1983,11,28,10.1792604429647
1983,11,29,0.324608694791095
1983,11,30,0.174377814255422
1983,12,1,0.444622388749849
1983,12,2,0.111250915142591
1983,12,3,6.50407292414457
1983,12,4,0.172146014665486
1983,12,5,0.269525250041625
1983,12,6,0.137489019107306
1983,12,7,0.0578952556679724
1983,12,8,0.244314063456841
1983,12,9,0.115010483568767
1983,12,10,0.00664893138946354
1983,12,11,0.44943433458684
1983,12,12,0.328330672346056
1983,12,13,0.130449949210742
1983,12,14,0.289143991540186
1983,12,15,0.123711576816277
1983,12,16,0.00772655334912997
1983,12,17,0.0287864497295232
1983,12,18,0
1983,12,19,0.0127214022995759
1983,12,20,0.0250233329097682
1983,12,21,2.98074694583192
1983,12,22,8.20856101345271
1983,12,23,9.94884339161217
1983,12,24,0.0583844870561734
1983,12,25,0.277476401970489
1983,12,26,0.0187165569059289
1983,12,27,0.0700838967532036
1983,12,28,1.61033532349393
1983,12,29,1.93378678523004
1983,12,30,0.0508781637108768
1983,12,31,4.95269831735641
1984,1,1,2.37463224912062
1984,1,2,1.9775026012212
1984,1,3,8.83323701564223
1984,1,4,5.9517360990867
1984,1,5,0.551294024626259
1984,1,6,1.20065168011934
1984,1,7,0.370768261200283
1984,1,8,1.93758520181291
1984,1,9,0.644017296144739
1984,1,10,0.13050783345534
1984,1,11,0.0219952271436341
1984,1,12,0.142940716978046
1984,1,13,1.729488739511
1984,1,14,0.100656153517775
1984,1,15,0.186033577483613
1984,1,16,0.0110533503629995
1984,1,17,0.0107911633676849
1984,1,18,0.00223813973434517
1984,1,19,1.02637946142181e-05
1984,1,20,1.6647380660288
1984,1,21,10.0871781120077
1984,1,22,2.18879052554257
1984,1,23,6.52829201426357
1984,1,24,2.99404839752242
1984,1,25,1.42048395937309
1984,1,26,4.30728873470798
1984,1,27,5.36033918615431
1984,1,28,4.39343762118369
1984,1,29,0.518383752205409
1984,1,30,0
1984,1,31,0.00477021384313048
1984,2,1,0
1984,2,2,0.021854300666746
1984,2,3,0.000133628979881451
1984,2,4,1.22519585711416
1984,2,5,3.07924111839384
1984,2,6,0.89101197081618
1984,2,7,0.386207373230718
1984,2,8,1.28523265302647
1984,2,9,5.11647326638922
1984,2,10,3.91965410672128
1984,2,11,2.47476026415825
1984,2,12,3.6902054795064
1984,2,13,2.2499815095216
1984,2,14,2.400276158005
1984,2,15,2.58564357063733
1984,2,16,6.76550343632698
1984,2,17,1.16382429550868
1984,2,18,6.5712270559743
1984,2,19,8.89185606501997
1984,2,20,1.60212399205193
1984,2,21,4.03632548404858
1984,2,22,3.96968526765704
1984,2,23,5.29749188572168
1984,2,24,6.79490065667778
1984,2,25,1.58573653316125
1984,2,26,4.95106793241575
1984,2,27,5.70973064750433
1984,2,28,10.408395063132
1984,2,29,2.68739489838481
1984,3,1,0.0546330811630469
1984,3,2,0.348126357130241
1984,3,3,2.1383760496974
1984,3,4,0.00439024964862256
1984,3,5,2.87123486632481
1984,3,6,0.707362010143697
1984,3,7,3.05264450144023
1984,3,8,2.18365420005284
1984,3,9,0.350349709333386
1984,3,10,0.240427106473362
1984,3,11,0.00141550423222725
1984,3,12,0
1984,3,13,2.41979818674736
1984,3,14,16.7432555928826
1984,3,15,5.56950371246785
1984,3,16,2.90990833891556
1984,3,17,4.00898361112922
1984,3,18,16.315786074847
1984,3,19,0.696709737530909
1984,3,20,11.6335669532418
1984,3,21,3.7155891302973
1984,3,22,0.457305413146969
1984,3,23,0.492330046836287
1984,3,24,2.0078144967556
1984,3,25,0.0826800456707133
1984,3,26,1.35037536383606
1984,3,27,0.153237020640518
1984,3,28,0.951548380544409
1984,3,29,0.189069725456648
1984,3,30,0
1984,3,31,2.28577359812334
1984,4,1,4.916558903642
1984,4,2,5.61406128108501
1984,4,3,1.27397853357252
1984,4,4,6.03432969655842
1984,4,5,6.53716656379402
1984,4,6,1.10035888210405
1984,4,7,2.50599579303525
1984,4,8,2.75435823714361
1984,4,9,1.72304923762567
1984,4,10,0
1984,4,11,0.260179414908634
1984,4,12,0.411307584727183
1984,4,13,0.278612752299523
1984,4,14,3.32523845136166
1984,4,15,4.22974408138543
1984,4,16,1.35588746052235
1984,4,17,2.01660732273012
1984,4,18,0.211579811002593
1984,4,19,1.19104876939673
1984,4,20,3.50365228950977
1984,4,21,7.02324192970991
1984,4,22,18.5260587371886
1984,4,23,0.58232253359165
1984,4,24,1.11338781716768
1984,4,25,4.9090041895397
1984,4,26,2.74970219470561
1984,4,27,0.603120392770506
1984,4,28,0.676475063664839
1984,4,29,0.444191886344925
1984,4,30,0.00151540486399426
1984,5,1,0
1984,5,2,0.000110543817299913
1984,5,3,0
1984,5,4,1.01799458207097
1984,5,5,4.92503237910569
1984,5,6,3.31575537566096
1984,5,7,10.8889421448112
1984,5,8,4.58707310026512
1984,5,9,3.99926919490099
1984,5,10,0.288575619924814
1984,5,11,0.436035443271976
1984,5,12,3.43489228980616
1984,5,13,27.8044835664332
1984,5,14,1.90226160921156
1984,5,15,0.047049650856934
1984,5,16,0.00824750234187377
1984,5,17,0.0995819209492765
1984,5,18,10.0883190985769
1984,5,19,1.26399686560035
1984,5,20,0.467545296123717
1984,5,21,3.40414474485442
1984,5,22,0
1984,5,23,0.725155821419321
1984,5,24,3.15795441856608
1984,5,25,3.09824215946719
1984,5,26,0.0225761004003289
1984,5,27,0.00156407095914801
1984,5,28,0
1984,5,29,6.45834796596318
1984,5,30,1.96987920789979
1984,5,31,0.298009150719736
1984,6,1,0.264584157412173
1984,6,2,0.974421625141986
1984,6,3,1.36567684239708
1984,6,4,1.29844798066188
1984,6,5,1.28117154235952
1984,6,6,0.53555324266199
1984,6,7,1.19240695203189
1984,6,8,3.31919090822339
1984,6,9,0.996918941382319
1984,6,10,3.58329503796995
1984,6,11,8.08743601664901
1984,6,12,4.4470256427303
1984,6,13,3.86003237217665
1984,6,14,3.27280870405957
1984,6,15,1.0312106955098
1984,6,16,2.01237501662455e-07
1984,6,17,1.45707657060506e-11
1984,6,18,0.616402395826299
1984,6,19,0.0188613325917686
1984,6,20,0.915994783281349
1984,6,21,4.4009294710122
1984,6,22,6.00667507387698
1984,6,23,6.92202039062977
1984,6,24,0.00139095508870923
1984,6,25,0.000361491790101809
1984,6,26,0
1984,6,27,0
1984,6,28,0.16239292708633
1984,6,29,0
1984,6,30,0.00117893151241333
1984,7,1,0.278715849708533
1984,7,2,3.99804239859805
1984,7,3,0.00674405841891712
1984,7,4,0.00291605019810959
1984,7,5,6.86003118753433
1984,7,6,1.16921985754743
1984,7,7,0.0757694890126004
1984,7,8,4.38289308222011
1984,7,9,0.884159372071736
1984,7,10,0.00267138416347734
1984,7,11,0
1984,7,12,1.07426557224244
1984,7,13,0.00412808506098372
1984,7,14,7.1787147084251
1984,7,15,2.92487286496907
1984,7,16,0.0571375496292603
1984,7,17,0.21801744660479
1984,7,18,3.98979240562767
1984,7,19,2.54029312636703
1984,7,20,0.00708199195287307
1984,7,21,0.531245782622136
1984,7,22,4.52933666529134
1984,7,23,0.00286839398313532
1984,7,24,0.0475905881103245
1984,7,25,0
1984,7,26,0.0196779161797167
1984,7,27,0.540495317545719
1984,7,28,2.3196148511488
1984,7,29,0.186688642861554
1984,7,30,0.292902862565825
1984,7,31,42.727680131793
1984,8,1,12.9259457811713
1984,8,2,0.306017018010607
1984,8,3,0.00239495049072502
1984,8,4,0
1984,8,5,0.00036670326295507
1984,8,6,0
1984,8,7,12.7483127173036
1984,8,8,4.17375275865197
1984,8,9,0.308287891675718
1984,8,10,1.74420683761127
1984,8,11,5.76854394748807
1984,8,12,3.27417160151526
1984,8,13,5.24085714714602
1984,8,14,3.10124424286187
1984,8,15,3.96558997454122
1984,8,16,0.00507064368093779
1984,8,17,0.0028426432663764
1984,8,18,1.35361444554292
1984,8,19,4.33879913762212
1984,8,20,0.525856507010758
1984,8,21,0.0603611411861493
1984,8,22,3.3031111699529
1984,8,23,0.00458576613482364
1984,8,24,1.19290271541104
1984,8,25,18.3659258298576
1984,8,26,4.81299944221973
1984,8,27,3.81198803661391
1984,8,28,2.73980327183381
1984,8,29,0.119525110858376
1984,8,30,2.59883265243843
1984,8,31,1.01037071726751
1984,9,1,0.0562362969503738
1984,9,2,4.13193512940779
1984,9,3,10.5467228684574
1984,9,4,0.144601139254519
1984,9,5,0.128060360293603
1984,9,6,0.00121125803786981
1984,9,7,0.00168899651384891
1984,9,8,2.38216716097668
1984,9,9,0.222374274744652
1984,9,10,0
1984,9,11,0.000491207791242232
1984,9,12,0.140984331665095
1984,9,13,4.69942004419863
1984,9,14,0.00853249175634119
1984,9,15,0.000768333492828788
1984,9,16,0
1984,9,17,0.00351029469811692
1984,9,18,0
1984,9,19,0
1984,9,20,0.000210896592989229
1984,9,21,0.000544204131358583
1984,9,22,0.0530179358975147
1984,9,23,0.000112379011696362
1984,9,24,1.7955930379685
1984,9,25,0.0260586657532258
1984,9,26,0.20659414367401
1984,9,27,1.64028700673953
1984,9,28,8.54393939953297
1984,9,29,18.1315577588975
1984,9,30,8.1457753200084
1984,10,1,4.97504656668752
1984,10,2,3.48996862303466
1984,10,3,2.7848310652189
1984,10,4,6.23240245040506
1984,10,5,0.0401310077904782
1984,10,6,8.37724157609046
1984,10,7,6.96840353775769
1984,10,8,8.40257776435465
1984,10,9,0.713257421739399
1984,10,10,0.0515419465955347
1984,10,11,3.30043849535286
1984,10,12,5.87877708021551
1984,10,13,2.80207473551854
1984,10,14,1.67691314709373
1984,10,15,3.59272153582424
1984,10,16,3.79367284476757
1984,10,17,3.63077202346176
1984,10,18,0.74473560671322
1984,10,19,1.41233156318776
1984,10,20,1.46360932267271
1984,10,21,0
1984,10,22,0.0164079818659957
1984,10,23,0
1984,10,24,0.991088515729643
1984,10,25,0.0134737034841237
1984,10,26,0.0010876585264441
1984,10,27,0
1984,10,28,2.06959169008769
1984,10,29,1.64761949563399
1984,10,30,0.000801162579477932
1984,10,31,4.53249496640638
1984,11,1,1.86241697520018
1984,11,2,0.771479404647835
1984,11,3,0.755973145714961
1984,11,4,0
1984,11,5,0.242780725238845
1984,11,6,0.75192162184976
1984,11,7,1.79252478992566
1984,11,8,0
1984,11,9,0.0166014601745701
1984,11,10,1.91006250815917e-05
1984,11,11,3.13128676498309
1984,11,12,0.414311043277849
1984,11,13,5.17141444142908
1984,11,14,9.57966791465878
1984,11,15,0.0875003013788955
1984,11,16,3.00844337325543
1984,11,17,0.0415470918596839
1984,11,18,0
1984,11,19,0.034413541379763
1984,11,20,1.55655069393106
1984,11,21,0
1984,11,22,1.74794097547419
1984,11,23,1.6103103349451
1984,11,24,0.0769854559621308
1984,11,25,8.08410043828189
1984,11,26,6.24301142524928
1984,11,27,0.0161913137617375
1984,11,28,0
1984,11,29,0
1984,11,30,0.00670186630031822
1984,12,1,0
1984,12,2,0
1984,12,3,1.25831652840134
1984,12,4,0.0523865182913141
1984,12,5,0.000296273156408233
1984,12,6,1.99389309063491e-05
1984,12,7,4.07026024768129
1984,12,8,2.21542989020236
1984,12,9,6.32838613819331
1984,12,10,0.0674953276757151
1984,12,11,0.0665468236547895
1984,12,12,0.112547029129928
1984,12,13,0
1984,12,14,1.04723715630826
1984,12,15,1.692278747214
1984,12,16,0.10386870453658
1984,12,17,1.66434406419285
1984,12,18,0.477436085930094
1984,12,19,0.286455227615079
1984,12,20,0.424257153645158
1984,12,21,0.337331932678353
1984,12,22,0.6923876615474
1984,12,23,15.3732016682625
1984,12,24,3.00718985963613
1984,12,25,11.4990034606308
1984,12,26,17.917289910838
1984,12,27,5.87839360814542
1984,12,28,6.49941405281425
1984,12,29,0.795062858378515
1984,12,30,7.36079604830593
1984,12,31,3.91693899873644
1985,1,1,14.4021762069315
1985,1,2,2.05953984986991
1985,1,3,0.685816223267466
1985,1,4,1.08213122875895
1985,1,5,0.302808975538937
1985,1,6,0
1985,1,7,0.850587099557742
1985,1,8,3.92781514674425
1985,1,9,0.00368564396922011
1985,1,10,1.19223007466474e-05
1985,1,11,0.000190011699174875
1985,1,12,0.00116704945867241
1985,1,13,0.0195265016827761
1985,1,14,0.0400338333747641
1985,1,15,0.285063943010755
1985,1,16,0.0249438415266923
1985,1,17,0.0833363486890448
1985,1,18,0.005513518499356
1985,1,19,0.00425115937332521
1985,1,20,0
1985,1,21,0
1985,1,22,0
1985,1,23,0.0612866015217151
1985,1,24,0.156122333646636
1985,1,25,0.00200376634325039
1985,1,26,0.919367372989655
1985,1,27,10.9896670561284
1985,1,28,0.367382666445337
1985,1,29,0.507515147910453
1985,1,30,2.15310624917038
1985,1,31,0.783112674253061
1985,2,1,0.104271978852921
1985,2,2,5.04307074006647
1985,2,3,3.40012708911672
1985,2,4,0.633962352003437
1985,2,5,0.595831123064272
1985,2,6,3.78877508919686
1985,2,7,1.10418228723574
1985,2,8,0.278815430647228
1985,2,9,1.93836346152239
1985,2,10,8.82406323216856
1985,2,11,0.0545612685527885
1985,2,12,6.56216768547893
1985,2,13,4.76894698804244
1985,2,14,13.1668391637504
1985,2,15,6.18995900731534
1985,2,16,4.55847174162045
1985,2,17,0.236099451285554
1985,2,18,0.0047239214268302
1985,2,19,0.00092019829196488
1985,2,20,0
1985,2,21,0
1985,2,22,0.00202511425868579
1985,2,23,0.00172986934217079
1985,2,24,0.522306718630716
1985,2,25,5.99318000022322
1985,2,26,2.60257952031679
1985,2,27,0.00651799443858181
1985,2,28,0
1985,3,1,3.78008473198861
1985,3,2,0
1985,3,3,1.67798859765753
1985,3,4,2.52298674895428
1985,3,5,0.0380314147150784
1985,3,6,9.70745164252662e-06
1985,3,7,0.000561995672399007
1985,3,8,0.0265179285634076
1985,3,9,0
1985,3,10,0.000202539834504023
1985,3,11,6.8248592549935
1985,3,12,4.35531452530995
1985,3,13,1.37407440925017
1985,3,14,8.99272367823869
1985,3,15,6.43855263479054
1985,3,16,2.55669724429026
1985,3,17,2.72439115215093
1985,3,18,3.15952351083979
1985,3,19,3.38200677651912
1985,3,20,5.13946021674201
1985,3,21,4.44644697709009
1985,3,22,5.35349389538169
1985,3,23,1.12377488112543
1985,3,24,0.0164757598668075
1985,3,25,0
1985,3,26,0.00481727978467461
1985,3,27,0
1985,3,28,0.00185388370255168
1985,3,29,0
1985,3,30,2.32607164070942
1985,3,31,0.884617338306271
1985,4,1,0.567115037119947
1985,4,2,0.563930922362488
1985,4,3,0.2981125820952
1985,4,4,0.934590978431515
1985,4,5,0.185142790724058
1985,4,6,8.82848897987287e-05
1985,4,7,0
1985,4,8,0
1985,4,9,0
1985,4,10,0.0268605290330015
1985,4,11,8.2717697834596
1985,4,12,0.283021620271029
1985,4,13,0.0022335997243772
1985,4,14,0.000614980578461655
1985,4,15,0.469102129864041
1985,4,16,0.0589613551710499
1985,4,17,2.49550924636424
1985,4,18,2.56224045879208
1985,4,19,2.2196818725206
1985,4,20,1.11853624403011
1985,4,21,0.333735978347249
1985,4,22,0.171228392719058
1985,4,23,3.9064931566827
1985,4,24,3.89074125560001
1985,4,25,0
1985,4,26,0
1985,4,27,0
1985,4,28,0
1985,4,29,0
1985,4,30,1.55711600091308
1985,5,1,0
1985,5,2,0.0483882473417907
1985,5,3,0.546184180711862
1985,5,4,0.711321516428143
1985,5,5,4.71765791298822
1985,5,6,2.50342527288012
1985,5,7,26.5963453799486
1985,5,8,12.5698636751622
1985,5,9,4.45027415407822
1985,5,10,0.0631245171462069
1985,5,11,0
1985,5,12,0.15571229159832
1985,5,13,7.35467207135798e-06
1985,5,14,5.13834958582038e-05
1985,5,15,0
1985,5,16,0.653184007387608
1985,5,17,0.255076191388071
1985,5,18,2.45707968715578
1985,5,19,0.441222374502104
1985,5,20,0.00387025221471049
1985,5,21,3.3859858916685e-05
1985,5,22,0.000211623768109348
1985,5,23,0.00109386568283298
1985,5,24,5.88966517243534
1985,5,25,6.08407105319202
1985,5,26,3.96575090708211
1985,5,27,4.59164396161214
1985,5,28,30.5003299377859
1985,5,29,2.73302618879825
1985,5,30,1.26887120422907
1985,5,31,0.665209314320236
1985,6,1,1.54356576385908
1985,6,2,0.898058348684572
1985,6,3,0.839485190226696
1985,6,4,3.25560935307294
1985,6,5,0.176467245910317
1985,6,6,3.25499139726162
1985,6,7,3.92629068810493
1985,6,8,1.491883629933
1985,6,9,0.934489295468666
1985,6,10,0.0330099908751436
1985,6,11,0.00967816122283693
1985,6,12,11.1604202538729
1985,6,13,4.27156548248604
1985,6,14,0
1985,6,15,0.0594740869928501
1985,6,16,4.65161522151902
1985,6,17,9.80175796430558
1985,6,18,16.1347671411932
1985,6,19,1.90590852289461
1985,6,20,0
1985,6,21,0.00285972190567918
1985,6,22,0
1985,6,23,11.5907375235111
1985,6,24,4.28503698203713
1985,6,25,1.1833213357022
1985,6,26,4.77414240594953
1985,6,27,15.2404800988734
1985,6,28,4.84840743010864
1985,6,29,0.0812600595963886
1985,6,30,0.700379910995252
1985,7,1,0.00380065029048637
1985,7,2,5.23573276586831
1985,7,3,9.6530091483146
1985,7,4,8.00884373020381
1985,7,5,0.755485161789693
1985,7,6,9.67049484606832
1985,7,7,14.7109542042017
1985,7,8,0
1985,7,9,0.584749330300838
1985,7,10,0
1985,7,11,20.7679194398224
1985,7,12,0.884208641946316
1985,7,13,1.52207922656089
1985,7,14,8.35146030876786
1985,7,15,2.5666483445093
1985,7,16,0.075005614417023
1985,7,17,19.0234936773777
1985,7,18,2.10044689010829
1985,7,19,0.00114567798448206
1985,7,20,0.825479265768081
1985,7,21,8.53621526621282
1985,7,22,2.09272935753688
1985,7,23,0.988196994876489
1985,7,24,2.16224592877552
1985,7,25,0.0134804159642954
1985,7,26,5.74933136813343
1985,7,27,0.498916690412443
1985,7,28,0
1985,7,29,0.393343332689255
1985,7,30,2.77593859937042
1985,7,31,13.4109612554312
1985,8,1,0.0135480896005902
1985,8,2,5.7196713751182
1985,8,3,0.711497536394745
1985,8,4,5.84259994793683
1985,8,5,0.0760555509259575
1985,8,6,7.18329248484224
1985,8,7,0
1985,8,8,3.96726059261709
1985,8,9,0.164006908380543
1985,8,10,0.115761986671714
1985,8,11,1.06834485777654
1985,8,12,4.98236522544175
1985,8,13,5.14772183960304
1985,8,14,1.42988924053498
1985,8,15,3.88355712639168
1985,8,16,6.2314085662365
1985,8,17,0.918100736453198
1985,8,18,0.00432390696687435
1985,8,19,0.000270978765826158
1985,8,20,0
1985,8,21,3.73182037146762
1985,8,22,4.64957213262096
1985,8,23,11.0289899166673
1985,8,24,1.24349824036472
1985,8,25,9.69672182109207
1985,8,26,5.8554858667776
1985,8,27,9.07129647675902
1985,8,28,2.97735730418935
1985,8,29,2.10588905028999
1985,8,30,2.74741519242525
1985,8,31,0.0886148358404171
1985,9,1,0
1985,9,2,4.55249617807567
1985,9,3,0.00156978414906916
1985,9,4,0.291418185224757
1985,9,5,0.554090974037535
1985,9,6,0.00116759476327388
1985,9,7,0.57684100465849
1985,9,8,0.735105192870833
1985,9,9,4.02158726938069
1985,9,10,0.0807364885986317
1985,9,11,0.0033572683832972
1985,9,12,0.00385405207907752
1985,9,13,1.17785937327426
1985,9,14,0.0262537488197268
1985,9,15,1.9463429809548
1985,9,16,1.42441454809159
1985,9,17,4.313057474792
1985,9,18,3.97868868894875
1985,9,19,3.41458304319531
1985,9,20,5.92906409874558
1985,9,21,11.029705312103
1985,9,22,0.189921457786113
1985,9,23,0.771121864090674
1985,9,24,5.77990477904677
1985,9,25,1.46976923570037
1985,9,26,2.48095192364417
1985,9,27,0.250544836308109
1985,9,28,0.27029166376451
1985,9,29,0.846051913686097
1985,9,30,0.368857776629739
1985,10,1,0
1985,10,2,2.21023447229527
1985,10,3,5.54445669986308
1985,10,4,5.51953667309135
1985,10,5,1.7235801264178
1985,10,6,7.58145907893777
1985,10,7,9.27780498750508
1985,10,8,11.9384071324021
1985,10,9,1.05690827476792
1985,10,10,16.35772283189
1985,10,11,0.868043801165186
1985,10,12,1.65881829452701
1985,10,13,6.59906775690615
1985,10,14,9.61275903973728
1985,10,15,0.000411474719896887
1985,10,16,1.09291135158855
1985,10,17,6.56492302659899
1985,10,18,9.57830753177404
1985,10,19,1.14951677969657
1985,10,20,2.16063990374096
1985,10,21,0.164854996546637
1985,10,22,0.22631484316662
1985,10,23,0.295243574510096
1985,10,24,0.199457398412051
1985,10,25,0.570928619708866
1985,10,26,2.34269594075158
1985,10,27,4.967840120662
1985,10,28,0.232349833095213
1985,10,29,2.13345817755908
1985,10,30,0.0743891319871182
1985,10,31,0.000374500405087019
1985,11,1,0.418580588302575
1985,11,2,0.622597670007963
1985,11,3,1.42214766237885
1985,11,4,0.0844367288664216
1985,11,5,3.87304936302826
1985,11,6,9.99530071858317
1985,11,7,0.0181447621343978
1985,11,8,0.926600222010165
1985,11,9,0.284715517773293
1985,11,10,1.60988584393635
1985,11,11,0.498349379631691
1985,11,12,0
1985,11,13,0
1985,11,14,0
1985,11,15,0.29629442942678
1985,11,16,3.52293810574338
1985,11,17,0.536683070822619
1985,11,18,0.083421244926285
1985,11,19,0.0168923179444391
1985,11,20,0.235630208771909
1985,11,21,0.0295905230814242
1985,11,22,0.303399978292873
1985,11,23,0.61188540130388
1985,11,24,2.948299550917
1985,11,25,12.1947588399053
1985,11,26,1.44446715130471
1985,11,27,1.50968977832235
1985,11,28,0.0755514531192603
1985,11,29,1.90747761516832
1985,11,30,0.252304328751052
1985,12,1,0.170478638028726
1985,12,2,0.116814982902724
1985,12,3,0.0688839945723885
1985,12,4,0.282403703749878
1985,12,5,0.00405291989409307
1985,12,6,0.0462911786598852
1985,12,7,0.98332634952385
1985,12,8,0.953008953365497
1985,12,9,2.4835598480422
1985,12,10,0.201625960471574
1985,12,11,0.521165221289266
1985,12,12,1.74792714533396
1985,12,13,4.14945383090526
1985,12,14,1.54501384240575
1985,12,15,1.88770821550861
1985,12,16,0.383053119003307
1985,12,17,6.38395941350609
1985,12,18,4.95496174553409
1985,12,19,20.9135495591909
1985,12,20,10.0063082529232
1985,12,21,5.62158990651369
1985,12,22,1.7337177763693
1985,12,23,0.995520839933306
1985,12,24,0.250332472933223
1985,12,25,0.653518838225864
1985,12,26,5.45304387342185
1985,12,27,8.30730318557471
1985,12,28,21.4320603758097
1985,12,29,0.0821718911538483
1985,12,30,0.000186664744461496
1985,12,31,0.0129398372337164
1986,1,1,1.24082713737153
1986,1,2,4.11488225217909
1986,1,3,0.264588145364542
1986,1,4,5.15984081430361
1986,1,5,0.0777898141677724
1986,1,6,3.47511348081753
1986,1,7,4.65081307338551
1986,1,8,4.08624411793426
1986,1,9,0.551211004494689
1986,1,10,6.8146739853546
1986,1,11,3.80315183429047
1986,1,12,10.9966336749494
1986,1,13,13.0309178028256
1986,1,14,6.87640167307109
1986,1,15,2.6541865314357
1986,1,16,10.5827264953405
1986,1,17,11.3051438704133
1986,1,18,12.0879599824548
1986,1,19,0.593690358800814
1986,1,20,0.317023707611952
1986,1,21,12.4411100987345
1986,1,22,9.42474834155291
1986,1,23,4.75820788415149
1986,1,24,6.96647674776614
1986,1,25,8.33910182118416
1986,1,26,0.531223465804942
1986,1,27,0.128830290486803
1986,1,28,0.0826425137347542
1986,1,29,0
1986,1,30,1.69859723537229
1986,1,31,0.00801624653377075
1986,2,1,0
1986,2,2,0.134707147299196
1986,2,3,0.0478796115203295
1986,2,4,0.789233297109604
1986,2,5,0.154156891949242
1986,2,6,0.00664046558540576
1986,2,7,1.91430939012207
1986,2,8,2.40292635862716
1986,2,9,5.46249866019934
1986,2,10,5.72462633717805
1986,2,11,0.427490852598567
1986,2,12,0.148055914178258
1986,2,13,3.86198336491361
1986,2,14,0.00743119255730562
1986,2,15,2.76305236620829
1986,2,16,10.4534605750814
1986,2,17,2.17348448932171
1986,2,18,3.43954864656553
1986,2,19,10.1606708485633
1986,2,20,0.00155151728904457
1986,2,21,0.0012230972714633
1986,2,22,0.00162955109885843
1986,2,23,0.00683046978338098
1986,2,24,0
1986,2,25,0
1986,2,26,0.0023265490654012
1986,2,27,0.192516475362936
1986,2,28,0.10925724345725
1986,3,1,0
1986,3,2,0
1986,3,3,3.2356998330707e-07
1986,3,4,0.227638037904399
1986,3,5,2.16270389501005
1986,3,6,1.7341062775813
1986,3,7,6.58144501503557
1986,3,8,2.99657962750643
1986,3,9,4.84033345710486
1986,3,10,4.03441441012546
1986,3,11,4.33134626364335
1986,3,12,7.08041824400425
1986,3,13,7.43177044205368
1986,3,14,2.5974802847486
1986,3,15,0.876708698342554
1986,3,16,4.54297884134576
1986,3,17,0.847665639594197
1986,3,18,0.00889992545580753
1986,3,19,2.08192236023024
1986,3,20,0.208401668351144
1986,3,21,0.418299820739776
1986,3,22,0.511858204845339
1986,3,23,0.489335467864294
1986,3,24,0.358685158425942
1986,3,25,0.0236333203247341
1986,3,26,0.403901583922561
1986,3,27,0.901736537343822
1986,3,28,2.01528324396349
1986,3,29,3.10770197538659
1986,3,30,8.28914609737694
1986,3,31,5.02401689300314
1986,4,1,4.73589389584959
1986,4,2,0.106791411963059
1986,4,3,3.26018932973966
1986,4,4,1.03963694418781
1986,4,5,0.124430842333823
1986,4,6,8.83107259869576
1986,4,7,2.36278186202981
1986,4,8,0.0988333449640777
1986,4,9,3.99478697218001
1986,4,10,19.219173816964
1986,4,11,3.2265575719066
1986,4,12,3.86627762345597
1986,4,13,0.471503270091489
1986,4,14,0.0308826564832998
1986,4,15,7.84738312941045
1986,4,16,5.6354162748903
1986,4,17,3.85042922571301
1986,4,18,0.158609332720516
1986,4,19,0.0485053124066326
1986,4,20,4.50559534365311
1986,4,21,8.54965941980481
1986,4,22,8.49465318024158
1986,4,23,13.244749372825
1986,4,24,5.30701142270118
1986,4,25,1.79165081935935
1986,4,26,1.82650088681839
1986,4,27,9.09353072842123e-05
1986,4,28,0
1986,4,29,1.60716036334634
1986,4,30,0.00382827527118934
1986,5,1,0
1986,5,2,0.0170462371897884
1986,5,3,0.125879912957316
1986,5,4,0
1986,5,5,0.000257801728764662
1986,5,6,0
1986,5,7,0.00364559562058275
1986,5,8,0.312506634509191
1986,5,9,0.000214564353484548
1986,5,10,0.0604835791818914
1986,5,11,0.00579147927055601
1986,5,12,0.0481756776935072
1986,5,13,6.26112136524171
1986,5,14,3.19670144235715
1986,5,15,0.908458771300502
1986,5,16,2.87190059898421
1986,5,17,2.66113051911816
1986,5,18,0.177618899761001
1986,5,19,5.75963796582073
1986,5,20,0.881186756305397
1986,5,21,2.45728305308148
1986,5,22,4.28022660780698
1986,5,23,4.06103177228943
1986,5,24,3.20744023192674
1986,5,25,3.7861219025217
1986,5,26,0.153603990838747
1986,5,27,0.0202353491658869
1986,5,28,0.0817538142655394
1986,5,29,0.0267618345787923
1986,5,30,0.841543995193206
1986,5,31,4.00276224827394
1986,6,1,0.913944700732827
1986,6,2,0.116600880937767
1986,6,3,1.39973464818866e-05
1986,6,4,1.81456217542291
1986,6,5,1.77967768977396
1986,6,6,0.0455705821877928
1986,6,7,0.488254673837218
1986,6,8,0.0874300210853107
1986,6,9,0.00122977936314328
1986,6,10,0
1986,6,11,0.047214522237482
1986,6,12,0.119121679381351
1986,6,13,0.00132615009533765
1986,6,14,0.00184616855563036
1986,6,15,0.00128540334856098
1986,6,16,2.91199964141953e-06
1986,6,17,0
1986,6,18,1.74078749259934
1986,6,19,4.75181270157918
1986,6,20,1.29690199100878
1986,6,21,0.0438603301518015
1986,6,22,0.0489020498207537
1986,6,23,1.54379977611825
1986,6,24,0
1986,6,25,0.00268369119567069
1986,6,26,0
1986,6,27,0.00253548391242475
1986,6,28,18.4884281829
1986,6,29,2.40122792311013
1986,6,30,0.754669026355259
1986,7,1,3.17002058727667
1986,7,2,4.95037893997505
1986,7,3,3.46106237266213
1986,7,4,3.2700715935789
1986,7,5,0.00661919057165505
1986,7,6,0.318018986581592
1986,7,7,0
1986,7,8,0.00265821029188373
1986,7,9,1.22310829174239
1986,7,10,3.21881269337609
1986,7,11,2.77907175477594
1986,7,12,4.6238663024269
1986,7,13,4.87845309544355
1986,7,14,5.22307378705591
1986,7,15,0.807621018611826
1986,7,16,0.537201268889476
1986,7,17,7.71513115614653
1986,7,18,1.00675547146238
1986,7,19,0.0648399260171573
1986,7,20,0.000772210020727471
1986,7,21,0.0370957070117583
1986,7,22,0
1986,7,23,0
1986,7,24,11.4611503668129
1986,7,25,0.543494218436535
1986,7,26,0.0110251240585058
1986,7,27,9.80739940423518
1986,7,28,8.21199214551598
1986,7,29,0.352002096769866
1986,7,30,0.00832884281862789
1986,7,31,0.00289554932351166
1986,8,1,5.26423008413985
1986,8,2,0.317180357524194
1986,8,3,10.7473064213991
1986,8,4,5.88598761241883
1986,8,5,3.05110778426751
1986,8,6,10.3143651969731
1986,8,7,11.5828996058553
1986,8,8,0.000134464845658044
1986,8,9,4.55986167071387
1986,8,10,1.63843125337735
1986,8,11,0
1986,8,12,0.0393503022678487
1986,8,13,0.000372610217880265
1986,8,14,0
1986,8,15,0.10324251743441
1986,8,16,37.9547830671072
1986,8,17,0.35303570330143
1986,8,18,0.00915291793717188
1986,8,19,0.00543013063634135
1986,8,20,0.255432887206553
1986,8,21,0.368822219024878
1986,8,22,0.0329141940710542
1986,8,23,0.0158540309712407
1986,8,24,3.52194547886029
1986,8,25,8.7917597964406
1986,8,26,2.18043680652045
1986,8,27,6.39916690997779
1986,8,28,6.31327293813229
1986,8,29,0.498110495391302
1986,8,30,1.0247517056996
1986,8,31,1.81137511390261
1986,9,1,2.34087507706136
1986,9,2,7.70563990809023
1986,9,3,0.159676335897529
1986,9,4,0.10186687031819
1986,9,5,4.88466880051419
1986,9,6,0.0337410729116527
1986,9,7,0
1986,9,8,0.00710563665506925
1986,9,9,0.0297699269140139
1986,9,10,0.00204705781925441
1986,9,11,8.54560718871653
1986,9,12,18.3819939382374
1986,9,13,1.39272293890826
1986,9,14,20.1577852014452
1986,9,15,2.23835287615657
1986,9,16,7.0752608589828
1986,9,17,2.0425891270861
1986,9,18,0.235410046298057
1986,9,19,0
1986,9,20,0.00261074715126597
1986,9,21,7.89096504449844
1986,9,22,0.234257626289036
1986,9,23,8.71651754714549
1986,9,24,10.3119468083605
1986,9,25,0.239305706054438
1986,9,26,13.0513185169548
1986,9,27,0.898352553485893
1986,9,28,9.62123314384371
1986,9,29,0
1986,9,30,3.42839966760948
1986,10,1,6.15235171280801
1986,10,2,0.0365054753274308
1986,10,3,6.28919654991478
1986,10,4,1.62712134188041
1986,10,5,7.05358274281025
1986,10,6,1.24184349551797
1986,10,7,0.00376049941905876
1986,10,8,0
1986,10,9,0
1986,10,10,0.00104775406271074
1986,10,11,0.000164423418880233
1986,10,12,0.00156987638888495
1986,10,13,0.00303083121480086
1986,10,14,0
1986,10,15,0.76228401158005
1986,10,16,0.589667634631041
1986,10,17,12.2729707974941
1986,10,18,0.142036610850482
1986,10,19,2.93185928603634
1986,10,20,0.335524663387332
1986,10,21,1.59425102756359
1986,10,22,7.7123946743086
1986,10,23,1.80909471237101
1986,10,24,0.941835850244388
1986,10,25,0.105431196061545
1986,10,26,0.880691542988643
1986,10,27,0
1986,10,28,0
1986,10,29,0.00316203644388224
1986,10,30,0
1986,10,31,0
1986,11,1,0.00651567447675916
1986,11,2,0.0338026651661494
1986,11,3,0.054846137027198
1986,11,4,0.00173404868064608
1986,11,5,1.07079546432942
1986,11,6,0.0467326724901795
1986,11,7,0.100605282568722
1986,11,8,12.0602670125663
1986,11,9,14.6490228362381
1986,11,10,1.4654407161288
1986,11,11,1.81311393971555
1986,11,12,0.783248696825467
1986,11,13,11.9312582071871
1986,11,14,11.0033727250993
1986,11,15,4.41590656992048
1986,11,16,0.102146812787396
1986,11,17,0
1986,11,18,0.0157111829594214
1986,11,19,0
1986,11,20,0.00774591603658337
1986,11,21,0
1986,11,22,0.0259640943113482
1986,11,23,0.0806754071163596
1986,11,24,0.236718016094528
1986,11,25,0.0175055110503308
1986,11,26,0.115696725697489
1986,11,27,2.72541112499312
1986,11,28,1.35787852923386
1986,11,29,0.0645649242869695
1986,11,30,0
1986,12,1,0.515311653725803
1986,12,2,2.55021310877055
1986,12,3,3.17822154611349
1986,12,4,0.00990126002307079
1986,12,5,1.13381053379271
1986,12,6,0.0668833194140461
1986,12,7,9.83246716205031
1986,12,8,0.31857557114563
1986,12,9,0.200975315237883
1986,12,10,0.0112555265332048
1986,12,11,3.7073586252518
1986,12,12,1.76565879955888
1986,12,13,0.597199324693065
1986,12,14,1.67370644048788
1986,12,15,5.33736292272806
1986,12,16,2.00736894621514
1986,12,17,0.555088983674068
1986,12,18,7.93933407403529
1986,12,19,0.701601206674241
1986,12,20,2.46304236352444
1986,12,21,0.0273461457254598
1986,12,22,0
1986,12,23,0.471261831989978
1986,12,24,1.07317039801273
1986,12,25,1.95996488328092
1986,12,26,2.3489584797062
1986,12,27,0.409255459089763
1986,12,28,0.968332277261652
1986,12,29,5.03740478307009
1986,12,30,4.62825454305857
1986,12,31,11.7788148578256
1987,1,1,2.36658075009473
1987,1,2,3.83256477070972
1987,1,3,2.17668538098224
1987,1,4,8.50922763347626
1987,1,5,2.96932513592765
1987,1,6,3.14662124728784
1987,1,7,13.9510923530906
1987,1,8,1.86353030148894
1987,1,9,0.151259998165187
1987,1,10,3.58633515425026
1987,1,11,1.08755948022008
1987,1,12,6.22860230505466
1987,1,13,0.999836708069779
1987,1,14,8.44177803955972
1987,1,15,7.25132483057678
1987,1,16,2.80839793849736
1987,1,17,1.07581077609211
1987,1,18,0.000137950831557987
1987,1,19,2.10570470080711
1987,1,20,3.16715240478516
1987,1,21,0.164187093105284
1987,1,22,1.89020235557109
1987,1,23,2.26403230335563
1987,1,24,1.83579961303622
1987,1,25,0.0130378207813919
1987,1,26,0.00378959317686167
1987,1,27,2.22211864893325
1987,1,28,4.50464012101293
1987,1,29,0.0423059569584439
1987,1,30,0.975267385365441
1987,1,31,0.964921183185652
1987,2,1,0.484618839982431
1987,2,2,0.505879458796699
1987,2,3,0.206846150831552
1987,2,4,0.387087590934243
1987,2,5,0.383476352726575
1987,2,6,0.0849956610181835
1987,2,7,1.68864707811736
1987,2,8,1.26641368260607
1987,2,9,0.617152248742059
1987,2,10,2.73138983175159
1987,2,11,0
1987,2,12,0.920279533602297
1987,2,13,1.53374196379445
1987,2,14,0.190978834871203
1987,2,15,0.0214652764043421
1987,2,16,4.41406271534106e-05
1987,2,17,0.00117850200638259
1987,2,18,0.000176982921118451
1987,2,19,0.741585477953777
1987,2,20,0.660020104260184
1987,2,21,2.07138756522909
1987,2,22,0.739010164397769
1987,2,23,0.0484364318253938
1987,2,24,1.40339226345532
1987,2,25,0
1987,2,26,0.34315713273827
1987,2,27,0.481327659508679
1987,2,28,0.241595831903396
1987,3,1,0.266989148076391
1987,3,2,2.00254694209434
1987,3,3,1.13524258194957
1987,3,4,1.57844679197297
1987,3,5,0.595183738914784
1987,3,6,4.93289607111365
1987,3,7,0.242608987900894
1987,3,8,0.0920093691092916
1987,3,9,3.51527117891237
1987,3,10,2.51843113219365
1987,3,11,0.0572213506529806
1987,3,12,8.08377480134368
1987,3,13,4.18120123213157
1987,3,14,6.45352313295007
1987,3,15,1.76986630540341
1987,3,16,0.704388844314963
1987,3,17,0.000982270239546779
1987,3,18,0.000599349728247489
1987,3,19,1.03893215709832
1987,3,20,2.62811876018532
1987,3,21,5.16956843202934
1987,3,22,3.49828053731471
1987,3,23,16.5654100477695
1987,3,24,2.65032069291919
1987,3,25,2.13748604874127
1987,3,26,0.984613652690314
1987,3,27,0
1987,3,28,0.172500706685241
1987,3,29,0.0235206950492284
1987,3,30,0.626458518672734
1987,3,31,0.401672377483919
1987,4,1,3.78035661997274
1987,4,2,0.119134242413566
1987,4,3,3.18736609769985
1987,4,4,3.09297539060935
1987,4,5,1.28409889584873
1987,4,6,2.40571203175932
1987,4,7,1.84516654699109
1987,4,8,0.0492917297378881
1987,4,9,0.0282771607089671
1987,4,10,0.000335495931835794
1987,4,11,0
1987,4,12,0.741578091401607
1987,4,13,11.391675285995
1987,4,14,10.8504164032638
1987,4,15,6.21903247665614
1987,4,16,0.147632906373474
1987,4,17,0.945717247668654
1987,4,18,0.801581333507784
1987,4,19,8.89930988196284
1987,4,20,2.10804812377319
1987,4,21,2.16835696483031
1987,4,22,0.773362032487057
1987,4,23,1.13490468647797
1987,4,24,0.630202361207921
1987,4,25,7.36229787580669
1987,4,26,0.16245979895757
1987,4,27,0.4016477818368
1987,4,28,1.44969918765128
1987,4,29,1.94388860254548
1987,4,30,0.0574210183913237
1987,5,1,0
1987,5,2,1.18889747536741
1987,5,3,1.21801990026142
1987,5,4,7.00794494434831e-05
1987,5,5,0
1987,5,6,0.725567896733992
1987,5,7,0.455495079222601
1987,5,8,1.03034591884352
1987,5,9,11.0692217946053
1987,5,10,0.604709365870804
1987,5,11,12.3950230423361
1987,5,12,1.97557251085527
1987,5,13,3.44014428555965
1987,5,14,10.5455309618264
1987,5,15,6.38764137402177
1987,5,16,7.15687880292535
1987,5,17,8.74471217393875
1987,5,18,2.72862977581099
1987,5,19,12.208086065948
1987,5,20,4.90329485619441
1987,5,21,6.25920149032027
1987,5,22,2.29933955124579
1987,5,23,6.348437955603
1987,5,24,0.128407940792385
1987,5,25,0.223426347656641
1987,5,26,0.233134045265615
1987,5,27,0.243462802609429
1987,5,28,0.668285734718665
1987,5,29,0.900359023944475
1987,5,30,0.378218856349122
1987,5,31,6.0203090775758
1987,6,1,1.905538252322
1987,6,2,1.61808727425523
1987,6,3,0.187836465920554
1987,6,4,0.723267064313404
1987,6,5,3.16530576674268
1987,6,6,3.27383684925735
1987,6,7,3.38286613114178
1987,6,8,0.00453225322871731
1987,6,9,0.116185583829065
1987,6,10,29.1997108608484
1987,6,11,8.78536021336913
1987,6,12,1.01713066978846
1987,6,13,2.9616292915307
1987,6,14,0.979329910478555
1987,6,15,0
1987,6,16,0.000663596026129198
1987,6,17,0.00150968215848479
1987,6,18,0.0181067673111102
1987,6,19,0.0602363850703114
1987,6,20,0.0028070509756617
1987,6,21,0
1987,6,22,0.0028300163876338
1987,6,23,0.509499458712526
1987,6,24,0.337980731274001
1987,6,25,1.24099757813383
1987,6,26,1.42825634102337
1987,6,27,0.00399222855094195
1987,6,28,0
1987,6,29,0
1987,6,30,0.894715226604603
1987,7,1,10.5540415272117
1987,7,2,0.076992542926746
1987,7,3,0.00926657764921401
1987,7,4,0.457993148302194
1987,7,5,0.295387906953692
1987,7,6,0.224709132453427
1987,7,7,0.168297679920215
1987,7,8,6.38787397183478
1987,7,9,7.83050344325602
1987,7,10,0.00809595094324322
1987,7,11,0.0255992629718094
1987,7,12,5.3779537556693
1987,7,13,0.208696187473834
1987,7,14,1.90580023918301
1987,7,15,1.65480095311068
1987,7,16,0.180788457510062
1987,7,17,0.0248541960900184
1987,7,18,0.0889197865035385
1987,7,19,0.00280196627500118
1987,7,20,3.38042165385559
1987,7,21,0.634879541757982
1987,7,22,0.00427540969667461
1987,7,23,0
1987,7,24,0.0180503994215542
1987,7,25,0.0103746924651205
1987,7,26,0.00755771673084382
1987,7,27,7.98301908653229
1987,7,28,23.8097079098225
1987,7,29,1.05923661030829
1987,7,30,0.0786022710599354
1987,7,31,0.193163761286996
1987,8,1,0
1987,8,2,1.63596241618507
1987,8,3,0.943284007371403
1987,8,4,0.0593480735915364
1987,8,5,0.00342973449960482
1987,8,6,0.260965316556394
1987,8,7,0.0206188163247134
1987,8,8,1.55739983310923
1987,8,9,0.372864313249011
1987,8,10,0.310840475867735
1987,8,11,0.0174512034391228
1987,8,12,6.04748027399182
1987,8,13,5.73035075794905
1987,8,14,2.19216570840217
1987,8,15,0.800185746629722
1987,8,16,0.63091944612097
1987,8,17,0.00242431835886237
1987,8,18,0.0150036001286935
1987,8,19,5.48868037294596
1987,8,20,6.36084044817835
1987,8,21,0.777027019648813
1987,8,22,0.0705584581737639
1987,8,23,0.00262299402038479
1987,8,24,7.14039264712483
1987,8,25,0.00340987669460446
1987,8,26,10.6386379804462
1987,8,27,5.24768892209977
1987,8,28,0.0408206902648089
1987,8,29,0
1987,8,30,0.00140086910391801
1987,8,31,8.37737547699362
1987,9,1,6.3056179555133
1987,9,2,1.84478700393811
1987,9,3,0.000414596139819423
1987,9,4,8.36668855044991
1987,9,5,4.38427546760067
1987,9,6,4.19634743593633
1987,9,7,0.942629826022312
1987,9,8,2.88649422582239
1987,9,9,1.11285881430376
1987,9,10,8.50414128508419
1987,9,11,0.0382798612008628
1987,9,12,0.282998026523273
1987,9,13,0.456935810507275
1987,9,14,0.0281682508102676
1987,9,15,9.93182100355625
1987,9,16,6.37916286941618
1987,9,17,1.75182347302325
1987,9,18,8.57385147828609
1987,9,19,3.06794629432261
1987,9,20,0
1987,9,21,0.00641493877537869
1987,9,22,0.0131147177853563
1987,9,23,0.00134485421199315
1987,9,24,0
1987,9,25,3.99399708257988
1987,9,26,0.284114790702006
1987,9,27,0.00192754110912574
1987,9,28,0.242143576178933
1987,9,29,0
1987,9,30,5.41848109569401
1987,10,1,0
1987,10,2,0
1987,10,3,10.4688742663711
1987,10,4,3.87956713093445
1987,10,5,0.023292016430787
1987,10,6,0.776270526694134
1987,10,7,4.89164422033355
1987,10,8,2.24720149417408
1987,10,9,6.79724989458919
1987,10,10,6.93119543138891
1987,10,11,0.43720416870201
1987,10,12,0
1987,10,13,0.0911374121642439
1987,10,14,0.648413905582856
1987,10,15,0.00721532990155538
1987,10,16,5.93284915667027
1987,10,17,1.15439363289624
1987,10,18,0
1987,10,19,0.000439490376891172
1987,10,20,0
1987,10,21,0.00824874059617287
1987,10,22,0.0438415199823794
1987,10,23,0.00342955738688033
1987,10,24,0
1987,10,25,0.000189272763861936
1987,10,26,0
1987,10,27,0.0991828703263309
1987,10,28,0.229021444829414
1987,10,29,1.0745937237516
1987,10,30,0
1987,10,31,0.00315294138317768
1987,11,1,0
1987,11,2,4.69990064157173
1987,11,3,1.94961506640539
1987,11,4,8.36361008696258
1987,11,5,7.62756436597556
1987,11,6,10.3827546117827
1987,11,7,9.18784055393189
1987,11,8,2.76209777221084
1987,11,9,0.0546476676390739
1987,11,10,3.43131248373538
1987,11,11,1.28723362286109
1987,11,12,0.141131267082528
1987,11,13,0.597105303313583
1987,11,14,4.94889251422137
1987,11,15,0.714577100006863
1987,11,16,3.18885346641764
1987,11,17,2.46388914529234
1987,11,18,0.000851491370212898
1987,11,19,14.1934052109718
1987,11,20,6.50869596283883
1987,11,21,3.91526083694771
1987,11,22,5.08639051113278
1987,11,23,3.32890846766531
1987,11,24,6.84513424057513
1987,11,25,12.1485661715269
1987,11,26,1.01199167256709
1987,11,27,0.212572241434827
1987,11,28,0.573789258487523
1987,11,29,4.10077362321317
1987,11,30,21.8271975405514
1987,12,1,2.28684134781361
1987,12,2,1.86313394224271
1987,12,3,1.74505550530739
1987,12,4,17.0940269250423
1987,12,5,6.56614385079592
1987,12,6,0.287304543599021
1987,12,7,0.000555310818128874
1987,12,8,0.000466485793992888
1987,12,9,0
1987,12,10,0.341372730326839
1987,12,11,0.0261308270637528
1987,12,12,2.00573148904368
1987,12,13,4.29006140911952
1987,12,14,9.00278007611632
1987,12,15,0.282804777816636
1987,12,16,0.000911326847585769
1987,12,17,0
1987,12,18,1.223802313325
1987,12,19,0.23707873915555
1987,12,20,0.0507309532622457
1987,12,21,5.41439743246883
1987,12,22,0.0266553238361666
1987,12,23,7.51056389417499
1987,12,24,15.7560438383371
1987,12,25,7.73304684553295
1987,12,26,9.57829873077571
1987,12,27,7.15122919064015
1987,12,28,1.57059535849839
1987,12,29,13.3380839601159
1987,12,30,0.811391932074912
1987,12,31,4.42899302579463
1988,1,1,1.57916234456934
1988,1,2,5.62959378585219
1988,1,3,2.2573257854674
1988,1,4,0.975720086717047
1988,1,5,1.03585424367338
1988,1,6,2.61183754191734
1988,1,7,8.5061171092093
1988,1,8,1.47324908757582
1988,1,9,2.1816098538693
1988,1,10,0.0701921215295442
1988,1,11,0.396390678361058
1988,1,12,0.0563630814212956
1988,1,13,4.52321337070316
1988,1,14,2.25957019720227
1988,1,15,2.4247633642517
1988,1,16,0.69941533729434
1988,1,17,2.64015679713339
1988,1,18,0.982547618332319
1988,1,19,0.609198542952072
1988,1,20,0.564619482611306
1988,1,21,0
1988,1,22,2.20262160873972
1988,1,23,2.11980075691827
1988,1,24,0.0150529326219839
1988,1,25,0.0205453461603611
1988,1,26,2.86442729411647
1988,1,27,1.68096129200421
1988,1,28,2.77006990509108
1988,1,29,2.11366206058301
1988,1,30,5.66608209628612
1988,1,31,3.36373433237895
1988,2,1,5.78848323784769
1988,2,2,0.792992423521355
1988,2,3,0.327529506466817
1988,2,4,4.6481168246828
1988,2,5,1.61713362322189
1988,2,6,4.34817534405738
1988,2,7,0.974405044689775
1988,2,8,2.28424693923444
1988,2,9,17.7063588984311
1988,2,10,0.569561675365549
1988,2,11,0.938561564544216
1988,2,12,0.0225769549615507
1988,2,13,0.285267446452053
1988,2,14,0.052478344332485
1988,2,15,1.72097094473429
1988,2,16,2.08927905187011
1988,2,17,1.20400784653611
1988,2,18,0.386105847428553
1988,2,19,1.03683720517438
1988,2,20,4.8356871586293
1988,2,21,0.517397804651409
1988,2,22,0.197981345263543
1988,2,23,0.588635088934097
1988,2,24,0.958270457340404
1988,2,25,0.270692109188531
1988,2,26,0.465272438304964
1988,2,27,9.39486518036574
1988,2,28,12.4301264528185
1988,2,29,6.01975084282458
1988,3,1,1.94917564513162
1988,3,2,0
1988,3,3,8.26594918034971
1988,3,4,7.98635340761393
1988,3,5,0.0285989226540551
1988,3,6,0.490764844289515
1988,3,7,5.96830837894231
1988,3,8,3.27113588573411
1988,3,9,0.08406667438976
1988,3,10,0.0323294654663187
1988,3,11,0.195122985314811
1988,3,12,0
1988,3,13,0.699598508072086
1988,3,14,0.0189712640349171
1988,3,15,5.44725847430527
1988,3,16,0.73184285138268
1988,3,17,3.8851595367305
1988,3,18,2.29346519918181
1988,3,19,1.15188110503368
1988,3,20,2.82567932736129
1988,3,21,1.52653504628688
1988,3,22,5.54451076313853
1988,3,23,6.32835407741368
1988,3,24,3.11473365873098
1988,3,25,0.683352022315376
1988,3,26,3.87645692098886
1988,3,27,2.93819946236908
1988,3,28,2.37924664397724
1988,3,29,3.71042357292026
1988,3,30,0.575799225771334
1988,3,31,0.0348415881489927
1988,4,1,1.07293913606554
1988,4,2,0.611716060666367
1988,4,3,4.05174949591469e-05
1988,4,4,0.90432662400417
1988,4,5,7.23193776863695e-05
1988,4,6,0.000226377764533936
1988,4,7,4.25820116652176
1988,4,8,0.181355277163675
1988,4,9,3.19203439867124
1988,4,10,0.249093830643687
1988,4,11,9.24097658134997
1988,4,12,0.29191392895882
1988,4,13,3.49548590602353
1988,4,14,8.26441592071205
1988,4,15,5.7298302417621
1988,4,16,1.29847391217481
1988,4,17,8.05471453350037
1988,4,18,0.624029914615676
1988,4,19,1.34804341359995
1988,4,20,1.00290126283653
1988,4,21,4.19920241693035
1988,4,22,0.130055790214101
1988,4,23,3.4549598232843
1988,4,24,1.04089925880544
1988,4,25,6.938197882846
1988,4,26,14.4758870825171
1988,4,27,4.58833070006222
1988,4,28,2.18183050747029
1988,4,29,6.35550892911851
1988,4,30,1.00743055518251
1988,5,1,7.93455701787025
1988,5,2,2.84752812003717
1988,5,3,1.50131374248303
1988,5,4,4.06755079748109
1988,5,5,4.64695666451007
1988,5,6,4.77564391912892
1988,5,7,6.18488523177803
1988,5,8,6.10632186289877
1988,5,9,2.99388432176784
1988,5,10,0.672649458283558
1988,5,11,0.00311977372575711
1988,5,12,10.2017400786281
1988,5,13,3.23087131837383
1988,5,14,0.016780049963927
1988,5,15,18.6371298506856
1988,5,16,7.81162278726697
1988,5,17,1.48656044038944
1988,5,18,0
1988,5,19,0
1988,5,20,0.00193213314787499
1988,5,21,9.84652612823993
1988,5,22,0.835977128008381
1988,5,23,0
1988,5,24,0.000223194627579915
1988,5,25,0.00134293528617491
1988,5,26,12.7381463069469
1988,5,27,3.15211464185268
1988,5,28,0.245128254027804
1988,5,29,0.181751872150926
1988,5,30,5.20144910551608
1988,5,31,1.81404370232485
1988,6,1,1.3096188835334
1988,6,2,3.18718441994861
1988,6,3,0.481883811880834
1988,6,4,4.31744508678094
1988,6,5,0.34150965657318
1988,6,6,4.80478308163583
1988,6,7,0.04124082497583
1988,6,8,16.8321067001671
1988,6,9,2.99381171353161
1988,6,10,0.116069343857816
1988,6,11,2.81328343553469
1988,6,12,0
1988,6,13,0.00254251470437339
1988,6,14,0.00131633722162405
1988,6,15,7.84226786345243
1988,6,16,3.22723304852843
1988,6,17,3.33299213089049
1988,6,18,13.6958344839513
1988,6,19,2.85429263021797
1988,6,20,2.23591012763791
1988,6,21,15.817230893299
1988,6,22,1.62712699966505
1988,6,23,0.660859263734892
1988,6,24,6.07598419301212
1988,6,25,2.04604634782299
1988,6,26,0.798932783072814
1988,6,27,0.00140956926770741
1988,6,28,0.00663928626636334
1988,6,29,2.9109085095115
1988,6,30,3.65639047231525
1988,7,1,0
1988,7,2,0
1988,7,3,6.47016142029315
1988,7,4,6.68250247836113
1988,7,5,2.18489356921054
1988,7,6,0.509319509728812
1988,7,7,0.00434346180782086
1988,7,8,0
1988,7,9,0.524200072686654
1988,7,10,0
1988,7,11,0.00330412167386385
1988,7,12,5.19243876915425
1988,7,13,6.35476838797331
1988,7,14,2.87514125229791
1988,7,15,0.00779833587785106
1988,7,16,0.0899470574950101
1988,7,17,0.297079761367058
1988,7,18,0
1988,7,19,1.71744677354582
1988,7,20,0.0187630506843561
1988,7,21,0
1988,7,22,0.0879453215020476
1988,7,23,0
1988,7,24,4.01195017620921
1988,7,25,0.0480459366372088
1988,7,26,0.0393053027437418
1988,7,27,4.37328427797183
1988,7,28,1.29221852403134
1988,7,29,0
1988,7,30,0.0087401384689656
1988,7,31,4.88856890005991
1988,8,1,4.66273213969544
1988,8,2,5.24475567508489
1988,8,3,0.00196066072817302
1988,8,4,0
1988,8,5,1.18619941931684
1988,8,6,0
1988,8,7,0.00295382800459265
1988,8,8,0
1988,8,9,0.000297019957429256
1988,8,10,1.42669102060609
1988,8,11,0
1988,8,12,0.00370838376966276
1988,8,13,0.051231382349215
1988,8,14,0.00335376756765982
1988,8,15,1.52482686680742
1988,8,16,2.0657509972807
1988,8,17,0.00201235462213845
1988,8,18,0
1988,8,19,0.634307987638749
1988,8,20,0
1988,8,21,0
1988,8,22,0.00202336124175417
1988,8,23,0
1988,8,24,0.00588673153743002
1988,8,25,0.00182934131203183
1988,8,26,0.736658097594045
1988,8,27,0.351210399821866
1988,8,28,0.0030579840995415
1988,8,29,2.34190872288309
1988,8,30,6.8906033411622
1988,8,31,0
1988,9,1,0
1988,9,2,0.393070973223075
1988,9,3,0
1988,9,4,0.00285440883089905
1988,9,5,0
1988,9,6,6.13705950058829e-05
1988,9,7,0
1988,9,8,3.99548665154725
1988,9,9,2.96757090836763
1988,9,10,0.000495586841964268
1988,9,11,0.0221315443923231
1988,9,12,1.67507703881711
1988,9,13,10.1688406895846
1988,9,14,0.282784386217827
1988,9,15,1.41925181960687
1988,9,16,12.280561029911
1988,9,17,0.172302782448241
1988,9,18,0.0700377897373983
1988,9,19,0.0134351352699014
1988,9,20,0
1988,9,21,0.0052402473784241
1988,9,22,1.06261383625679
1988,9,23,0
1988,9,24,11.9327103719115
1988,9,25,1.65345597197302
1988,9,26,6.01204682607204
1988,9,27,0.901492702541873
1988,9,28,1.90412317751907
1988,9,29,0.634168036049232
1988,9,30,0.35747851798078
1988,10,1,9.01253095362335
1988,10,2,0.336612333194353
1988,10,3,0.0144414854730712
1988,10,4,0
1988,10,5,0
1988,10,6,0
1988,10,7,0.00289303383169681
1988,10,8,0.000246605392106858
1988,10,9,3.89629576602601e-05
1988,10,10,1.63967183830493e-05
1988,10,11,0.00151659415905669
1988,10,12,1.68716756743379
1988,10,13,8.64597691688687
1988,10,14,1.01998313621152
1988,10,15,0.00437215744568675
1988,10,16,0.164542934362544
1988,10,17,0.774054325302131
1988,10,18,0.0173657031155017
1988,10,19,0
1988,10,20,1.75635504419915
1988,10,21,3.57062128605321
1988,10,22,3.62395627889782
1988,10,23,0.230199305224232
1988,10,24,1.87683741096407
1988,10,25,0.458309080568142
1988,10,26,0.415100382815581
1988,10,27,4.01345137506723
1988,10,28,4.29808666231111
1988,10,29,2.83223072765395
1988,10,30,0.0392067433494958
1988,10,31,7.75652602314949
1988,11,1,0
1988,11,2,0
1988,11,3,0
1988,11,4,4.45539333234501e-19
1988,11,5,0
1988,11,6,1.19160486478087e-06
1988,11,7,0
1988,11,8,7.80930983941552e-09
1988,11,9,0.0154854560150852
1988,11,10,0.0870430227223551
1988,11,11,5.35345068275461e-06
1988,11,12,7.34751597046852
1988,11,13,5.75574540998787
1988,11,14,19.3098693620414
1988,11,15,4.59553714608774
1988,11,16,6.68830233626068
1988,11,17,7.77583478484303
1988,11,18,0.745206460123882
1988,11,19,11.7168922908604
1988,11,20,2.25056614726782
1988,11,21,9.42385566886514
1988,11,22,4.91859287722036
1988,11,23,0.24520182487322
1988,11,24,0.0147919869505131
1988,11,25,1.36702276649885
1988,11,26,0.483190131490119
1988,11,27,6.74425908364356
1988,11,28,1.6337918699719
1988,11,29,11.2013235222548
1988,11,30,5.93383801169693
1988,12,1,2.44941213168204
1988,12,2,2.23789490992203
1988,12,3,2.15928392135538
1988,12,4,0.0277428757726739
1988,12,5,2.06625611172058
1988,12,6,9.18295788578689
1988,12,7,0.188074289326323
1988,12,8,0.165306774579221
1988,12,9,0.321403756242944
1988,12,10,9.3159799464047
1988,12,11,3.10600841185078
1988,12,12,1.74327078857459
1988,12,13,0.0779868445533793
1988,12,14,0.326197196409339
1988,12,15,0.0168321118962922
1988,12,16,0.0962278467341093
1988,12,17,0.0277642471701256
1988,12,18,0.00320747460591519
1988,12,19,0.407787892618217
1988,12,20,6.29012316931039
1988,12,21,0.0530754910869291
1988,12,22,2.87027932936326
1988,12,23,3.68208813015372
1988,12,24,0
1988,12,25,1.78383820457384
1988,12,26,0.640016417310107
1988,12,27,0.879607212846167
1988,12,28,0
1988,12,29,0.42358199134469
1988,12,30,0.233549715630943
1988,12,31,1.59184348303825
1989,1,1,2.34678934793919
1989,1,2,0.00540574924343673
1989,1,3,0.247140480496455
1989,1,4,3.20554330246523
1989,1,5,1.48522756062448
1989,1,6,0.78449443099089
1989,1,7,1.42936966731213
1989,1,8,3.43503090552986
1989,1,9,7.26855215616524
1989,1,10,3.65553677547723
1989,1,11,11.628815671429
1989,1,12,5.11972554959357
1989,1,13,0.936095477663912
1989,1,14,0.184461047319928
1989,1,15,0.165001764980843
1989,1,16,0.424703686439898
1989,1,17,0.574566496652551
1989,1,18,1.19894794092801e-07
1989,1,19,0.00047212458582635
1989,1,20,0
1989,1,21,0.00145071912243111
1989,1,22,0.13384862759267
1989,1,23,0.318495478131808
1989,1,24,0.0190486546216562
1989,1,25,1.76176718669012
1989,1,26,3.62650322495028
1989,1,27,9.29747836198658
1989,1,28,6.66577680967748
1989,1,29,7.86092975176871
1989,1,30,3.95083321491256
1989,1,31,2.00820786994882
1989,2,1,3.28633332392201
1989,2,2,9.0948429191485
1989,2,3,5.77424825169146
1989,2,4,4.34658456360921
1989,2,5,9.54576772637665
1989,2,6,4.11221052054316
1989,2,7,5.31960125081241
1989,2,8,3.19234149064869
1989,2,9,0.112389495188836
1989,2,10,10.9378078021109
1989,2,11,6.14707991480827
1989,2,12,8.76992263365537
1989,2,13,1.64238557335921
1989,2,14,1.92571988445707
1989,2,15,2.9247512225993
1989,2,16,1.76860540523194
1989,2,17,3.76655854051933
1989,2,18,0.0858696217619581
1989,2,19,1.26515922602266
1989,2,20,0.188195695955073
1989,2,21,0.114970093272859
1989,2,22,0
1989,2,23,0
1989,2,24,0.0172641257449868
1989,2,25,0
1989,2,26,0
1989,2,27,0.0335914657625835
1989,2,28,0.977188831893727
1989,3,1,0
1989,3,2,0.000645709636160063
1989,3,3,0.438714836491272
1989,3,4,0.256409444409655
1989,3,5,0.0014361139221819
1989,3,6,0.695994106354192
1989,3,7,3.2791834557429
1989,3,8,1.143799116835
1989,3,9,0.152226310456172
1989,3,10,2.50799802015536
1989,3,11,0.261658316594549
1989,3,12,1.01663474924862
1989,3,13,0.131901053100592
1989,3,14,0
1989,3,15,0
1989,3,16,0.000477851435221055
1989,3,17,0.0339229692144727
1989,3,18,0
1989,3,19,0.000696522724297211
1989,3,20,0.000487693201023376
1989,3,21,0
1989,3,22,0.002083455558477
1989,3,23,0.00596541317463561
1989,3,24,0.00542058987775818
1989,3,25,0.496726341953035
1989,3,26,4.71251121489331
1989,3,27,2.64497691532597
1989,3,28,4.42369639640674
1989,3,29,2.74790081894025
1989,3,30,1.17115340544842
1989,3,31,0.455713611154351
1989,4,1,0
1989,4,2,0
1989,4,3,2.52212676568888
1989,4,4,0.00390354449564256
1989,4,5,1.31459616241045
1989,4,6,0.121145466982853
1989,4,7,0.960386468796059
1989,4,8,9.51466436963528
1989,4,9,3.68487238883972
1989,4,10,0.0515376492330688
1989,4,11,12.600903538987
1989,4,12,7.10968596395105
1989,4,13,3.52066839113832
1989,4,14,0.0836551294923993
1989,4,15,7.92370727285743
1989,4,16,5.67517604213208
1989,4,17,1.23472592385951
1989,4,18,0.0352130276041862
1989,4,19,1.82679257704876
1989,4,20,0.211308826692402
1989,4,21,3.66641009459272
1989,4,22,6.78911400027573
1989,4,23,5.22779552266002
1989,4,24,0.646190121187828
1989,4,25,0.767841684864834
1989,4,26,3.09290215373039
1989,4,27,3.87872663559392
1989,4,28,6.21886525768787
1989,4,29,0.155946893210057
1989,4,30,0
1989,5,1,1.33957952493802
1989,5,2,7.7776389895007
1989,5,3,6.71114344149828
1989,5,4,1.78524416405708
1989,5,5,0.00190350473303624
1989,5,6,1.55308514367789
1989,5,7,4.45191365433857
1989,5,8,5.77920572832227
1989,5,9,0.450827446184121
1989,5,10,1.62163564818911
1989,5,11,8.48331686574966
1989,5,12,0.565163926512469
1989,5,13,6.09309019055218
1989,5,14,1.45912505686283
1989,5,15,3.87828218517825
1989,5,16,0.202599138719961
1989,5,17,6.20897985063493
1989,5,18,2.18130181892775
1989,5,19,0.412988103926182
1989,5,20,0.0475834323879099
1989,5,21,0.311607596813701
1989,5,22,0.0014833245927548
1989,5,23,0.910119409672916
1989,5,24,0.371250076568685
1989,5,25,0.836120065650903
1989,5,26,0.451198070368264
1989,5,27,0.273473460401874
1989,5,28,0.477685696387198
1989,5,29,5.26710172416642
1989,5,30,7.82793418038636
1989,5,31,15.5024619307369
1989,6,1,3.50068823900074
1989,6,2,0.00128290727161584
1989,6,3,0
1989,6,4,0.00097060006112315
1989,6,5,0
1989,6,6,0.0333681158735999
1989,6,7,4.15831643622369
1989,6,8,12.0390729513019
1989,6,9,13.4349150583148
1989,6,10,7.36474832519889
1989,6,11,1.88680469873361
1989,6,12,0.388326567190234
1989,6,13,26.3207534328103
1989,6,14,9.93373584933579
1989,6,15,5.3772465325892
1989,6,16,1.21614717354532
1989,6,17,4.31509773479775
1989,6,18,2.63900449499488
1989,6,19,1.26232459733728
1989,6,20,7.95323839411139
1989,6,21,7.96135480049998
1989,6,22,1.99833063525148
1989,6,23,1.99683839455247
1989,6,24,1.68873225920834
1989,6,25,3.54832364246249
1989,6,26,0.515963084762916
1989,6,27,4.01213719742373
1989,6,28,0.00136065116294048
1989,6,29,5.09632086614147
1989,6,30,0.0290968764602439
1989,7,1,2.0840352284722
1989,7,2,0.94088023470249
1989,7,3,0.290894840145484
1989,7,4,8.72302651405334
1989,7,5,4.26297885132954
1989,7,6,3.12951650703326
1989,7,7,0
1989,7,8,0.00337758078785555
1989,7,9,1.64968993049115
1989,7,10,1.61683014594018
1989,7,11,0.00165777632901154
1989,7,12,0
1989,7,13,4.9672664841637
1989,7,14,3.1712464406155
1989,7,15,0.903932465007529
1989,7,16,7.57760549895465
1989,7,17,1.48967740824446
1989,7,18,0.192878082452808
1989,7,19,2.7881657006219
1989,7,20,1.79371229605749
1989,7,21,0.000487473843691077
1989,7,22,5.02265462419018
1989,7,23,4.25185753265396
1989,7,24,0.188136230281089
1989,7,25,0.0170365840858722
1989,7,26,2.90092597715557
1989,7,27,0.20396735999384
1989,7,28,0
1989,7,29,0.0011972543148886
1989,7,30,0.0144105702474917
1989,7,31,0
1989,8,1,0
1989,8,2,1.20352261292282
1989,8,3,3.40830747624921e-05
1989,8,4,0
1989,8,5,0.00134109371288105
1989,8,6,0.00131942426264686
1989,8,7,9.41364148166031
1989,8,8,8.53680996224284
1989,8,9,11.0349796246737
1989,8,10,0.000356882907226463
1989,8,11,1.66571686277166
1989,8,12,0.0426368882472161
1989,8,13,0.00151369067680207
1989,8,14,0
1989,8,15,15.5042007565498
1989,8,16,3.94293138139545e-06
1989,8,17,0.513543124543503
1989,8,18,15.4720092192292
1989,8,19,5.20520807476714
1989,8,20,0.286691440123832
1989,8,21,1.01512482797261
1989,8,22,0.0155490250563162
1989,8,23,0.879605719819665
1989,8,24,6.44983740057796
1989,8,25,13.0301345139742
1989,8,26,0.420330493943766
1989,8,27,6.25044575426728
1989,8,28,1.67698874138296
1989,8,29,0.0190852460491442
1989,8,30,0.0107988556464989
1989,8,31,0
1989,9,1,0.0116236963094707
1989,9,2,9.31242858825954e-05
1989,9,3,0.715852616121992
1989,9,4,5.88705316185951
1989,9,5,0.932402044418268
1989,9,6,0.547601770085748
1989,9,7,0.0394877343751432
1989,9,8,0.0745438468584325
1989,9,9,2.89825923260878e-05
1989,9,10,2.42539516470686e-05
1989,9,11,7.37424208782613
1989,9,12,0.00436689072103036
1989,9,13,1.35907782241702
1989,9,14,4.42057424224913
1989,9,15,0.163638798767352
1989,9,16,3.84792094118893
1989,9,17,4.224689793773
1989,9,18,0.00758776941438555
1989,9,19,0
1989,9,20,0.582229494466446
1989,9,21,0.00155628981701739
1989,9,22,0.0717272916517686
1989,9,23,0
1989,9,24,0
1989,9,25,0
1989,9,26,0.0751377718188451
1989,9,27,3.51854766486213
1989,9,28,0.661540398141369
1989,9,29,0
1989,9,30,8.45134221017361
1989,10,1,5.62975408975035
1989,10,2,1.89267637906596
1989,10,3,0.0028041496420883
1989,10,4,0.000677371221513567
1989,10,5,0.000389953643775698
1989,10,6,0.0611144221693394
1989,10,7,2.84101286670193
1989,10,8,10.1155368145555
1989,10,9,0.443054553761613
1989,10,10,0.000169833529639618
1989,10,11,0.413085582840722
1989,10,12,0.000824898754103742
1989,10,13,0.00409227513955557
1989,10,14,0.0127370667996729
1989,10,15,3.99377862922847
1989,10,16,9.49551276862621
1989,10,17,0.421413763251621
1989,10,18,2.23876055097207
1989,10,19,0.0242446827542153
1989,10,20,1.77247705869377
1989,10,21,0
1989,10,22,0.0217690287172445
1989,10,23,0
1989,10,24,0
1989,10,25,0.00658556248254172
1989,10,26,0
1989,10,27,0
1989,10,28,0.00464200541046011
1989,10,29,0
1989,10,30,0.00717663522209477
1989,10,31,0
1989,11,1,0
1989,11,2,0
1989,11,3,0.0186636502348847
1989,11,4,0.128660065820441
1989,11,5,0.132580448916997
1989,11,6,0.0948514923948096
1989,11,7,0.0477631701869541
1989,11,8,0
1989,11,9,0.119187028758461
1989,11,10,1.53492334065959
1989,11,11,0.510574005602393
1989,11,12,0
1989,11,13,0
1989,11,14,0.281954892125214
1989,11,15,4.10875109955668
1989,11,16,0.290355877223192
1989,11,17,0.0673740929414635
1989,11,18,0
1989,11,19,6.81439989712089
1989,11,20,0.489859755907673
1989,11,21,1.09879088995513
1989,11,22,8.75021594110876
1989,11,23,6.46135916467756
1989,11,24,2.92037901235744
1989,11,25,2.13106650626287
1989,11,26,0.0578169700020226
1989,11,27,5.7721272110939
1989,11,28,0.00724343894944468
1989,11,29,15.0649077259004
1989,11,30,14.0135392080992
1989,12,1,0.0530202736626961
1989,12,2,0.0288267418000032
1989,12,3,0.00460431969031561
1989,12,4,0.000127600710797537
1989,12,5,6.93411296233535
1989,12,6,2.83659633714706
1989,12,7,0.3610905027017
1989,12,8,0.00922029566936544
1989,12,9,0.00158388456270586
1989,12,10,0
1989,12,11,0.615090182691347
1989,12,12,0.61720753001282
1989,12,13,0.250653041439364
1989,12,14,0.150155099618132
1989,12,15,0.145037682523252
1989,12,16,0.113168383541051
1989,12,17,1.47597001050599
1989,12,18,0.278175413404824
1989,12,19,2.44074031943455
1989,12,20,0.935322089935653
1989,12,21,0.114359337385395
1989,12,22,2.51462988671847
1989,12,23,5.96473643090576
1989,12,24,4.85859741456807
1989,12,25,4.26566912792623
1989,12,26,0.033946226540138
1989,12,27,2.18693822971545
1989,12,28,6.72151416074485
1989,12,29,4.93551028193906
1989,12,30,8.24288993608207
1989,12,31,10.0441946648061
1990,1,1,8.92454297281802
1990,1,2,2.32072786311619
1990,1,3,1.80790704907849
1990,1,4,2.45384846348315
1990,1,5,0.533195832394995
1990,1,6,8.49369638599455
1990,1,7,26.5238704159856
1990,1,8,18.6498384922743
1990,1,9,2.77482778765261
1990,1,10,0.00255883086879294
1990,1,11,0.00113631932663338
1990,1,12,0
1990,1,13,0
1990,1,14,0.00133832436972625
1990,1,15,0.39612330874661
1990,1,16,0.00380452958097521
1990,1,17,0.0615742448644596
1990,1,18,0.00630719775926991
1990,1,19,0
1990,1,20,0.714903287007473
1990,1,21,1.01770116307307
1990,1,22,0.0985154874797445
1990,1,23,0.00265443536591192
1990,1,24,1.06499757093843
1990,1,25,0.364280196663458
1990,1,26,0.232644666539272
1990,1,27,0.766447040950879
1990,1,28,0.232648006203817
1990,1,29,0.505475791578647
1990,1,30,0.259018174256198
1990,1,31,0.0373351044800074
1990,2,1,0.109004509431543
1990,2,2,1.07575184083544
1990,2,3,0.870601984206587
1990,2,4,0.0295589288725751
1990,2,5,0.134879523102427
1990,2,6,10.2512130048126
1990,2,7,8.04923025425524
1990,2,8,2.95405728975311
1990,2,9,0.376129169308115
1990,2,10,3.15345302224159
1990,2,11,0.00810347808055667
1990,2,12,0
1990,2,13,0.470549226156436
1990,2,14,0.268022558157099
1990,2,15,0.135732168928371
1990,2,16,0
1990,2,17,3.71875528944656
1990,2,18,9.24806704279035
1990,2,19,0.727210461627692
1990,2,20,0.617380013864022
1990,2,21,0.15553988632746
1990,2,22,0.00366496383321646
1990,2,23,0
1990,2,24,0
1990,2,25,0.00368102430456929
1990,2,26,0
1990,2,27,0.000554521523099538
1990,2,28,0
1990,3,1,2.84072557697073
1990,3,2,5.40334903635085
1990,3,3,0.00172200025758684
1990,3,4,0
1990,3,5,0.000263864712479744
1990,3,6,0
1990,3,7,0.632149385637604
1990,3,8,3.76464306609705
1990,3,9,0.0748787464544876
1990,3,10,0.0125512071008416
1990,3,11,3.19163772510365
1990,3,12,0.192326134128962
1990,3,13,0.00192219396240034
1990,3,14,1.57833772245795
1990,3,15,1.22096957056783
1990,3,16,0.013847952186552
1990,3,17,7.01699573546648
1990,3,18,0.84502911195159
1990,3,19,2.6501415297389
1990,3,20,1.21223418682348
1990,3,21,0.935131689766422
1990,3,22,5.88520369492471
1990,3,23,5.20798007491976
1990,3,24,9.85069654416293
1990,3,25,6.36617070995271
1990,3,26,0.158392951925634
1990,3,27,5.6834458373487
1990,3,28,0.108398674638011
1990,3,29,0.0284226129224407
1990,3,30,13.5718171019107
1990,3,31,9.48023989330977
1990,4,1,2.39931260584854
1990,4,2,1.80797337088734
1990,4,3,1.99352041818202
1990,4,4,0
1990,4,5,9.5468679361943e-05
1990,4,6,2.09280592855521e-05
1990,4,7,0.000293461338429779
1990,4,8,0.345216723508202
1990,4,9,2.37109393347055
1990,4,10,0.885081276646815
1990,4,11,0.0815175673778867
1990,4,12,0.962549549876712
1990,4,13,2.96120150014758
1990,4,14,1.99714344344102
1990,4,15,0.134212611737894
1990,4,16,4.01906106853858
1990,4,17,4.30669403867796
1990,4,18,2.35853506601416
1990,4,19,0.111828284207149
1990,4,20,0.924700149334967
1990,4,21,0
1990,4,22,0
1990,4,23,0
1990,4,24,1.788897030508e-06
1990,4,25,1.13397821133177e-06
1990,4,26,5.31575898639858
1990,4,27,0.723539580940269
1990,4,28,6.66506832931191
1990,4,29,2.3411215050146
1990,4,30,6.72301347367465
1990,5,1,17.9065765812993
1990,5,2,0.467983970884234
1990,5,3,13.6196769308299
1990,5,4,2.09656847873703
1990,5,5,0.913559578475542
1990,5,6,0
1990,5,7,7.27556466590613
1990,5,8,25.679309014231
1990,5,9,4.81231862213463
1990,5,10,2.41964652668685
1990,5,11,5.43782631866634
1990,5,12,3.38799114106223
1990,5,13,7.1117271669209
1990,5,14,5.38581807631999
1990,5,15,0.358077575219795
1990,5,16,3.5946492687799
1990,5,17,9.70905139110982
1990,5,18,0.801140576368198
1990,5,19,3.25613552704453
1990,5,20,0.00095991190676159
1990,5,21,0.45010710018687
1990,5,22,4.48580221273005
1990,5,23,5.32137528061867
1990,5,24,1.45501813385636
1990,5,25,0.020889024654025
1990,5,26,0
1990,5,27,0.464654089591932
1990,5,28,3.00002176081762
1990,5,29,2.00407564407215
1990,5,30,9.53905885107815
1990,5,31,2.43451832793653
1990,6,1,2.72645152872428
1990,6,2,0.0620834896835731
1990,6,3,1.26760142447893
1990,6,4,0.0201014777303499
1990,6,5,2.96279133763164
1990,6,6,0.718538335058838
1990,6,7,2.60418397374451
1990,6,8,9.88841196522117
1990,6,9,5.11499909916893
1990,6,10,7.52547655720264
1990,6,11,2.28725688066334
1990,6,12,1.72913575661369
1990,6,13,0.56070783175528
1990,6,14,4.05334127135575
1990,6,15,6.89406213350594
1990,6,16,14.4249443896115
1990,6,17,2.33799353591166
1990,6,18,1.54888408142142
1990,6,19,5.43143993709236
1990,6,20,0.416601895994972
1990,6,21,2.98486738465726
1990,6,22,18.2121170684695
1990,6,23,1.1260202358244
1990,6,24,2.60761809186079
1990,6,25,0.133265934709925
1990,6,26,0
1990,6,27,0.0501165728564956
1990,6,28,5.09111664723605
1990,6,29,11.885256646201
1990,6,30,0.2092041700962
1990,7,1,2.47762121725827
1990,7,2,0
1990,7,3,0.23250013764482
1990,7,4,2.53159899730235
1990,7,5,0.928055215626955
1990,7,6,1.97418776806444
1990,7,7,9.38396828714758
1990,7,8,1.89233376877382
1990,7,9,0.113940111259581
1990,7,10,1.55559940030798
1990,7,11,5.25778901064768
1990,7,12,2.35834364430048
1990,7,13,0.030123516353342
1990,7,14,8.25345553457737
1990,7,15,0.170420567155816
1990,7,16,0.0089657825355971
1990,7,17,10.1550067774951
1990,7,18,6.92242146469653
1990,7,19,0.820848997682333
1990,7,20,0.002643999528118
1990,7,21,0
1990,7,22,0.0394143747143971
1990,7,23,2.24482349585742
1990,7,24,17.6965244114399
1990,7,25,2.13732873089612
1990,7,26,3.92046505585313
1990,7,27,11.192222032696
1990,7,28,0
1990,7,29,0.786379887722433
1990,7,30,0.0838951727928361
1990,7,31,0.0833819547551684
1990,8,1,0.599593274819199
1990,8,2,0.00134168782324195
1990,8,3,0
1990,8,4,4.26533280406147
1990,8,5,35.828519705683
1990,8,6,0.421661212749314
1990,8,7,0.00301513908880224
1990,8,8,0.292103798710741
1990,8,9,0.486199601436965
1990,8,10,6.65286323055625
1990,8,11,21.5541075915098
1990,8,12,0
1990,8,13,12.4333451036364
1990,8,14,0.310828295914689
1990,8,15,1.30090636666864
1990,8,16,1.05143719702028
1990,8,17,0.00508235430061177
1990,8,18,0.207685290661175
1990,8,19,0.00198927763221945
1990,8,20,8.51111984811723
1990,8,21,4.66051963157952
1990,8,22,9.40443626604974
1990,8,23,0.000756363419895933
1990,8,24,0
1990,8,25,0.0690084609232144
1990,8,26,0.00198318335833392
1990,8,27,0.0575364038013504
1990,8,28,0
1990,8,29,0.558953564905096
1990,8,30,0.756351510062814
1990,8,31,0.646499727736227
1990,9,1,3.73053291114047
1990,9,2,2.40868252585642
1990,9,3,15.5367807950824
1990,9,4,2.91816493263468
1990,9,5,0.617951685853768
1990,9,6,0.12912829661218
1990,9,7,0
1990,9,8,3.83267807491094e-06
1990,9,9,3.98295780178159
1990,9,10,0.53070542489877
1990,9,11,1.79064781987108
1990,9,12,0.412107493320946
1990,9,13,1.5905236476101
1990,9,14,1.52566830511205
1990,9,15,21.1156594567001
1990,9,16,6.93882463965565
1990,9,17,4.3859203113243
1990,9,18,5.81038703676313
1990,9,19,2.10109392064624
1990,9,20,0
1990,9,21,0.944777112454176
1990,9,22,3.94109396729618
1990,9,23,6.69456550385803
1990,9,24,1.86793472967111
1990,9,25,0.951555924257264
1990,9,26,0.112985291343648
1990,9,27,0.0274009039458178
1990,9,28,9.76506408769637
1990,9,29,2.22152913920581
1990,9,30,0.0844028705614619
1990,10,1,3.23717346182093
1990,10,2,0.98962142074015
1990,10,3,2.42441556765698
1990,10,4,0.181709595926804
1990,10,5,0.158306749290205
1990,10,6,7.77245292127304e-05
1990,10,7,0.000124814820878782
1990,10,8,7.58399502374232
1990,10,9,0.0167970380516635
1990,10,10,0.00190893092053557
1990,10,11,0.000140739474474572
1990,10,12,0.0305490460959845
1990,10,13,0.171881729329471
1990,10,14,0.0311188149680675
1990,10,15,0
1990,10,16,0.0163121138484712
1990,10,17,0.0116659958621312
1990,10,18,0.00125858051660543
1990,10,19,0
1990,10,20,0
1990,10,21,0
1990,10,22,0.0619600645222818
1990,10,23,0.127149633772206
1990,10,24,0.969874966540374
1990,10,25,1.27648226043675
1990,10,26,6.72666023019701
1990,10,27,1.54820954776369
1990,10,28,0.00269862360937623
1990,10,29,3.02469001617283
1990,10,30,0.890236618579365
1990,10,31,0.0976226969214622
1990,11,1,1.02617455995642
1990,11,2,2.44292453862727
1990,11,3,9.94283356703818
1990,11,4,1.25339236983564
1990,11,5,0.0152101448747999
1990,11,6,0.0291018663119758
1990,11,7,0.0947939617617521
1990,11,8,0
1990,11,9,0.59961370570818
1990,11,10,3.46166492672637
1990,11,11,0.233623640087899
1990,11,12,8.71942942030728
1990,11,13,0.0527016893101973
1990,11,14,0.000503254487682625
1990,11,15,4.56083826720715
1990,11,16,0.435217579070013
1990,11,17,0.0469010603410425
1990,11,18,11.403023544699
1990,11,19,1.7916886950843
1990,11,20,10.5340796057135
1990,11,21,3.40066426433623
1990,11,22,3.3309361548163
1990,11,23,2.84323637606576
1990,11,24,16.5504734963179
1990,11,25,0.762110977666453
1990,11,26,3.5368443117477
1990,11,27,0
1990,11,28,0.587344524683431
1990,11,29,0.0304612841318885
1990,11,30,0.0207728902751114
1990,12,1,0.0112707674361445
1990,12,2,3.83616846520454
1990,12,3,1.512411958538
1990,12,4,0.208564585045679
1990,12,5,0.504431262379512
1990,12,6,1.009153664927
1990,12,7,0.47251353826141
1990,12,8,0.0878434126207139
1990,12,9,0.0299226502647798
1990,12,10,0.00179279516032693
1990,12,11,0.0257910849541076
1990,12,12,0.00125472869854093
1990,12,13,0.0533544169229572
1990,12,14,0.146145881444681
1990,12,15,0.00567606807635457
1990,12,16,0.000858010776028095
1990,12,17,0.0141433356930065
1990,12,18,0.0397826365770015
1990,12,19,0.0283682795270579
1990,12,20,4.24723326508669e-06
1990,12,21,3.5084094029969e-05
1990,12,22,0.000621424320002006
1990,12,23,5.01428770505186e-05
1990,12,24,0.123613930918509
1990,12,25,0.110816365850042
1990,12,26,0.282892119867029
1990,12,27,0.102056307878229
1990,12,28,0.00400411167902348
1990,12,29,0.0130887297927984
1990,12,30,8.67899323347956
1990,12,31,3.19448359077796
1991,1,1,3.4018250531517
1991,1,2,9.31658155750483
1991,1,3,4.6172080328688
1991,1,4,0.0281151354101894
1991,1,5,0.140636525247828
1991,1,6,2.45863934978843
1991,1,7,0.363133237988222
1991,1,8,2.95592655893415
1991,1,9,3.26366132358089
1991,1,10,0.216659872967284
1991,1,11,0.341454807494301
1991,1,12,6.17191884666681
1991,1,13,0.0350466067175148
1991,1,14,0.00163699136805917
1991,1,15,4.36551928287372
1991,1,16,0.0371912091395643
1991,1,17,0.966193006024696
1991,1,18,2.13444153196178
1991,1,19,0.155233629266149
1991,1,20,0.909333999152295
1991,1,21,0.301027107343543
1991,1,22,0
1991,1,23,1.55760539928451
1991,1,24,7.30102909728885
1991,1,25,1.00484290451277
1991,1,26,2.19711721292697
1991,1,27,0.0695072643793537
1991,1,28,9.12753485608846
1991,1,29,5.84553508087993
1991,1,30,17.6762808579952
1991,1,31,7.41735566407442
1991,2,1,0.936237000860274
1991,2,2,15.5481101945043
1991,2,3,1.72097581671551
1991,2,4,0.00027767691506142
1991,2,5,0.00340161440135489
1991,2,6,0.674739773967303
1991,2,7,2.40746845956892
1991,2,8,0.160332157611265
1991,2,9,2.7704247739166
1991,2,10,2.67936587333679
1991,2,11,0.155540731066139
1991,2,12,3.32634674850851
1991,2,13,1.97198626119643
1991,2,14,0.859900048817508
1991,2,15,0.123560653446475
1991,2,16,3.7800180958584
1991,2,17,4.04640514170751
1991,2,18,0.912368929130025
1991,2,19,1.59977648290806
1991,2,20,1.34253304568119
1991,2,21,1.28462145512458
1991,2,22,1.43200022284873
1991,2,23,0.97137946577277
1991,2,24,0.263824894500431
1991,2,25,0.0859714029502356
1991,2,26,0.265739976020996
1991,2,27,1.13155684957746
1991,2,28,0.145191051706206
1991,3,1,0
1991,3,2,0
1991,3,3,0
1991,3,4,2.16419990756549
1991,3,5,0.0799861740233609
1991,3,6,0
1991,3,7,0
1991,3,8,0.000781466616217585
1991,3,9,0.063441893325944
1991,3,10,0.356979925709311
1991,3,11,0.279975021112477
1991,3,12,0.23899857478682
1991,3,13,0.0119293996249326
1991,3,14,0.630538567202166
1991,3,15,1.68884305749089
1991,3,16,0.0700407807016745
1991,3,17,0
1991,3,18,0.0301196634609369
1991,3,19,0.102436548331752
1991,3,20,0.000395840531552949
1991,3,21,0.815456500276923
1991,3,22,1.73617042601109
1991,3,23,0.00279506563174436
1991,3,24,1.15411703009158
1991,3,25,2.53251508693211
1991,3,26,0.142791109828977
1991,3,27,2.68275960115716
1991,3,28,2.26688194088638
1991,3,29,0.2631540344737
1991,3,30,8.14317085314542
1991,3,31,13.5814491659403
1991,4,1,9.86013938672841
1991,4,2,0.214036193210632
1991,4,3,0.387827778467909
1991,4,4,12.1089453343302
1991,4,5,1.56004500458948
1991,4,6,8.60774600878358
1991,4,7,3.47987324930727
1991,4,8,6.0391457285732
1991,4,9,18.9191012643278
1991,4,10,1.54943210072815
1991,4,11,1.1432208440965
1991,4,12,3.03752501495183
1991,4,13,1.27676452102605
1991,4,14,0.457012229890097
1991,4,15,0.000196127421503434
1991,4,16,0.00147652800706055
1991,4,17,0
1991,4,18,0.16207507942454
1991,4,19,5.8246974600479
1991,4,20,9.18815801851451
1991,4,21,2.36066082143225
1991,4,22,3.0527743161656
1991,4,23,1.02970399602782
1991,4,24,0.415735979913734
1991,4,25,11.1908277031034
1991,4,26,1.47046011406928
1991,4,27,2.24127433612011
1991,4,28,4.36595241772011
1991,4,29,2.59331505512819
1991,4,30,4.09365172963589
1991,5,1,3.69797141756862
1991,5,2,0.595057224563789
1991,5,3,6.41801299061626
1991,5,4,1.19363752019126
1991,5,5,0.0112111544240179
1991,5,6,0.0507999369801837
1991,5,7,8.87871051672846
1991,5,8,4.70294987317175
1991,5,9,5.6097412481904
1991,5,10,4.77878021774814
1991,5,11,10.8535206411034
1991,5,12,0
1991,5,13,10.8838136773556
1991,5,14,0.0984218590019736
1991,5,15,2.68774442374706
1991,5,16,6.67703705839813
1991,5,17,6.37870207428932
1991,5,18,1.50924155605026
1991,5,19,2.51059132860973
1991,5,20,26.3593219220638
1991,5,21,1.63801383459941
1991,5,22,0.0592961909205769
1991,5,23,3.78506798297167
1991,5,24,0.484931786195375
1991,5,25,4.11301612621173
1991,5,26,2.72898213006556
1991,5,27,3.9479210274294
1991,5,28,0.360332477430347
1991,5,29,0.441498780855909
1991,5,30,5.24786557070911
1991,5,31,14.3330179620534
1991,6,1,0.315510702057509
1991,6,2,4.05810795491561
1991,6,3,0.957295275293291
1991,6,4,0.346965804055799
1991,6,5,0.258463122008834
1991,6,6,0
1991,6,7,2.33508716337383
1991,6,8,10.9107925090939
1991,6,9,0.00110572893561312
1991,6,10,2.46892865980044
1991,6,11,0.409319423488341
1991,6,12,0.00929600107610895
1991,6,13,0.793333383626305
1991,6,14,0.00434261369264277
1991,6,15,0.403304216160905
1991,6,16,0
1991,6,17,0
1991,6,18,1.34757491759956
1991,6,19,1.05157919169869
1991,6,20,18.1845385115594
1991,6,21,18.7505709473044
1991,6,22,4.17102979263291
1991,6,23,9.08371342811733
1991,6,24,2.35304780071601
1991,6,25,0
1991,6,26,9.80179568286985
1991,6,27,0.000858513260482141
1991,6,28,1.65950477239676
1991,6,29,0
1991,6,30,4.36295222025365
1991,7,1,12.2716845944524
1991,7,2,4.87730613676831
1991,7,3,3.34410464856774
1991,7,4,4.42374794511124
1991,7,5,11.2539082299918
1991,7,6,21.5068361721933
1991,7,7,5.21348698530346
1991,7,8,6.19632150046527
1991,7,9,6.82885239366442
1991,7,10,6.6108692670241
1991,7,11,0
1991,7,12,0.0503828423461528
1991,7,13,7.51776751130819
1991,7,14,3.91161722363904
1991,7,15,10.9209601767361
1991,7,16,13.3177008479834
1991,7,17,1.19380796095356
1991,7,18,23.1883448548615
1991,7,19,3.55927428463474
1991,7,20,0.544402253581211
1991,7,21,0.797721859999001
1991,7,22,1.50945545174181
1991,7,23,1.31231536797713
1991,7,24,11.3521625753492
1991,7,25,22.0708393491805
1991,7,26,3.41068294364959
1991,7,27,0.421718930010684
1991,7,28,0.0386419766073232
1991,7,29,0.0754474765926716
1991,7,30,0.0256058907325496
1991,7,31,0.0134634647110943
1991,8,1,0
1991,8,2,0.0140399914926093
1991,8,3,2.47680665343069
1991,8,4,0.0485341661260463
1991,8,5,0.152876798529178
1991,8,6,0
1991,8,7,0.00438555846358213
1991,8,8,4.57117095356807
1991,8,9,3.87178987730294
1991,8,10,9.54819051548839
1991,8,11,15.2708183974028
1991,8,12,0.214834765938576
1991,8,13,1.33848427212797
1991,8,14,0.861588897532783
1991,8,15,7.21850779373199
1991,8,16,8.78929488826543
1991,8,17,14.3982233013958
1991,8,18,18.2776945643127
1991,8,19,3.09793789638206
1991,8,20,13.012167904526
1991,8,21,0
1991,8,22,0.53842452907702
1991,8,23,0
1991,8,24,12.1583164203912
1991,8,25,0.219482753891498
1991,8,26,0.00291766017426198
1991,8,27,0
1991,8,28,0
1991,8,29,4.00859649474228e-05
1991,8,30,0.000500037796768993
1991,8,31,0
1991,9,1,0.00661839003441855
1991,9,2,4.14435710990801
1991,9,3,0.00183547671781525
1991,9,4,0.141647284544888
1991,9,5,0.23580512861372
1991,9,6,0.0986543880571844
1991,9,7,0.165748808649369
1991,9,8,0.0105541797893238
1991,9,9,8.99195610545576
1991,9,10,0
1991,9,11,1.1908310232684
1991,9,12,1.55035982024856
1991,9,13,0.311153854272561
1991,9,14,0.244821594242239
1991,9,15,0.0356574534635001
1991,9,16,0
1991,9,17,0.972681227722205
1991,9,18,0.503709384065587
1991,9,19,0
1991,9,20,0.00309844192543096
1991,9,21,0.00855750486152829
1991,9,22,3.26065703993663
1991,9,23,16.1410447675735
1991,9,24,0.0644415335045778
1991,9,25,0
1991,9,26,11.8817186448723
1991,9,27,0.768162135500461
1991,9,28,0.0185836689524876
1991,9,29,0
1991,9,30,0.156826865350013
1991,10,1,3.80198255879804
1991,10,2,1.09643866599072
1991,10,3,0
1991,10,4,0.0936275544518139
1991,10,5,0
1991,10,6,3.06225141976029
1991,10,7,12.7644726075232
1991,10,8,0.290379431680776
1991,10,9,0
1991,10,10,0.00460016383385664
1991,10,11,13.7707812711596
1991,10,12,0
1991,10,13,0.0267842938228569
1991,10,14,0.246357250580331
1991,10,15,0.00362584647746189
1991,10,16,4.46351305581629
1991,10,17,0.0348309626133414
1991,10,18,3.98710307199508
1991,10,19,0.00445955106442852
1991,10,20,3.97100950358436
1991,10,21,0.00182679420390741
1991,10,22,0.168734311591834
1991,10,23,1.51715522515588
1991,10,24,7.90221334900707
1991,10,25,5.96787524409592
1991,10,26,1.66163429967128
1991,10,27,5.27803727891296
1991,10,28,5.39424817543477
1991,10,29,0.175831491651479
1991,10,30,1.13145524519496
1991,10,31,4.37881790567189
1991,11,1,0.0307414279632212
1991,11,2,0.00184010206112362
1991,11,3,10.805491078645
1991,11,4,0.933084436110221
1991,11,5,0.68638640223071
1991,11,6,0.499766183202155
1991,11,7,0
1991,11,8,4.97964445967227
1991,11,9,5.16054017934948
1991,11,10,0.00528795178524888
1991,11,11,0
1991,11,12,0.00641239043943642
1991,11,13,2.2108934214643e-08
1991,11,14,0.011254318360443
1991,11,15,0
1991,11,16,1.34080207790248
1991,11,17,0.41108508448815
1991,11,18,2.78333835303783
1991,11,19,9.67072870116681
1991,11,20,0.10106195222761
1991,11,21,0.00826243874598731
1991,11,22,0.723719608504325
1991,11,23,0
1991,11,24,0.0445510808276595
1991,11,25,0.0655411917250603
1991,11,26,0.000899465052839332
1991,11,27,0.516140047693625
1991,11,28,0.170194511156296
1991,11,29,0.149184111796785
1991,11,30,0.0994033274764661
1991,12,1,0.351690682873596
1991,12,2,3.08756403392181
1991,12,3,2.63666908722371
1991,12,4,12.5579911284149
1991,12,5,1.78732182830572
1991,12,6,5.08824846474454
1991,12,7,1.72077952302061
1991,12,8,4.5559590565972
1991,12,9,4.19107218040153
1991,12,10,6.07479731552303
1991,12,11,9.61062354035676
1991,12,12,17.4127387348562
1991,12,13,6.05413445737213
1991,12,14,0
1991,12,15,6.25889094080776
1991,12,16,1.91090701846406
1991,12,17,0.00542846448752243
1991,12,18,0.199991607223637
1991,12,19,4.49034258490428
1991,12,20,3.10066306265071
1991,12,21,7.74855169001967
1991,12,22,13.8573453761637
1991,12,23,4.86851393943653
1991,12,24,1.39865968376398
1991,12,25,1.06663887854666
1991,12,26,13.211362157017
1991,12,27,10.0671545835212
1991,12,28,0.119788905067253
1991,12,29,5.80243659205735
1991,12,30,1.21039077057503
1991,12,31,0.0231170032748196
1992,1,1,2.49321438604966
1992,1,2,0.027608496020548
1992,1,3,1.91524371039122
1992,1,4,2.75425451109186
1992,1,5,5.41093298234046
1992,1,6,0.0119884355626709
1992,1,7,4.02767630293965
1992,1,8,2.77868828270584
1992,1,9,1.1763837916078
1992,1,10,0.107343949639471
1992,1,11,0
1992,1,12,0
1992,1,13,0
1992,1,14,6.14413975272328
1992,1,15,1.22643499053083
1992,1,16,0.107445475441637
1992,1,17,3.15696493489668
1992,1,18,2.967441722285
1992,1,19,3.50881690392271
1992,1,20,0.0131995882384217
1992,1,21,1.95940334815532
1992,1,22,0
1992,1,23,2.1214718464762
1992,1,24,0.424934359034523
1992,1,25,1.851608249126
1992,1,26,0
1992,1,27,0.045940140626044
1992,1,28,4.73480162909254
1992,1,29,3.99907462997362
1992,1,30,0.55858706618892
1992,1,31,8.88310284353793
1992,2,1,6.8133789813146
1992,2,2,9.79323168285191
1992,2,3,2.40974398911931
1992,2,4,4.25512176007032
1992,2,5,4.31547209154814
1992,2,6,5.03253091592342
1992,2,7,1.11940817150753
1992,2,8,0.033411239292036
1992,2,9,3.5349857294932
1992,2,10,6.18667309172451
1992,2,11,15.5806110240519
1992,2,12,9.57153579220176
1992,2,13,3.74196006450802
1992,2,14,0.0208884819585364
1992,2,15,0.000317076131750582
1992,2,16,2.98510186839849
1992,2,17,2.32750447466969
1992,2,18,1.20632659527473
1992,2,19,1.24258191499393
1992,2,20,3.76803365070373
1992,2,21,1.15392796578817
1992,2,22,2.63282069354318
1992,2,23,0.391006117570214
1992,2,24,0.393937989429105
1992,2,25,0.00558894028017676
1992,2,26,0
1992,2,27,0.00616430063473672
1992,2,28,0
1992,2,29,0.00294578610464669
1992,3,1,0
1992,3,2,0.197620877588633
1992,3,3,0.0131849943954876
1992,3,4,3.19615955231711
1992,3,5,2.93581313453615
1992,3,6,1.92033131606877
1992,3,7,6.4606808591634
1992,3,8,0.475248252041638
1992,3,9,0.00950328742419515
1992,3,10,3.19756614044309
1992,3,11,1.45588314626366
1992,3,12,4.73590112524107
1992,3,13,6.25193312298506
1992,3,14,1.16933749231976
1992,3,15,19.9745911639184
1992,3,16,2.85028597572818
1992,3,17,0.357571517815813
1992,3,18,2.01116767711937
1992,3,19,3.03068758221343
1992,3,20,16.4495977107435
1992,3,21,10.2330508874729
1992,3,22,0.498566654277965
1992,3,23,2.34861524077132
1992,3,24,2.79954476282001
1992,3,25,0.181947635428514
1992,3,26,0.0648213614113047
1992,3,27,0.0485292941448279
1992,3,28,0.00145959655242223
1992,3,29,0
1992,3,30,0.0416506411056616
1992,3,31,0.0431230157118989
1992,4,1,1.50862155715004
1992,4,2,1.91127697471529
1992,4,3,0.128593233239371
1992,4,4,0.28256349687581
1992,4,5,3.58262710506096
1992,4,6,3.14858827041462
1992,4,7,2.43449051049538
1992,4,8,0.116057350533083
1992,4,9,0.220381909457501
1992,4,10,1.72340787830763
1992,4,11,1.52446209685877
1992,4,12,2.78777908533812
1992,4,13,4.4650903204456
1992,4,14,1.74503004527651
1992,4,15,0.00246490848212488
1992,4,16,0.00036267264391654
1992,4,17,6.75653389237141e-05
1992,4,18,1.28763076791074
1992,4,19,0.00165957937952044
1992,4,20,5.79902180470526
1992,4,21,1.75571304280311
1992,4,22,4.83977836556733
1992,4,23,0.773809861857444
1992,4,24,0.482990576711018
1992,4,25,0.000338941150346272
1992,4,26,4.56352445762604
1992,4,27,1.52618803549558
1992,4,28,2.31139031820931
1992,4,29,0.0145741057622217
1992,4,30,2.27520155603997
1992,5,1,2.36129826516844
1992,5,2,12.4326825141907
1992,5,3,11.4243835676461
1992,5,4,0.0922213494050084
1992,5,5,0.000979281423951761
1992,5,6,0
1992,5,7,12.9206739831716
1992,5,8,3.30481070559472
1992,5,9,0.0649862966383807
1992,5,10,0
1992,5,11,0.304102800873807
1992,5,12,1.16915219987277
1992,5,13,4.42871013656259
1992,5,14,9.76966009475291
1992,5,15,13.9539438765496
1992,5,16,1.0869486752199
1992,5,17,4.01377229718491
1992,5,18,0.00532280400875607
1992,5,19,1.63826450589113
1992,5,20,0.77855053532403
1992,5,21,0.00606703290486621
1992,5,22,10.3171173948795
1992,5,23,0.94215119315777
1992,5,24,0.337366783060133
1992,5,25,1.42349798697978
1992,5,26,0.00112535637128985
1992,5,27,1.18927772564348
1992,5,28,5.32127595506608
1992,5,29,8.00307404715568
1992,5,30,4.1098861140199
1992,5,31,0.179412830038927
1992,6,1,0.00277445026313217
1992,6,2,0.17301053594565
1992,6,3,3.0555535457097
1992,6,4,19.380112644285
1992,6,5,0.220474732486764
1992,6,6,16.1621759645641
1992,6,7,2.190898678964
1992,6,8,1.76619628909975
1992,6,9,0.578002029214986
1992,6,10,1.17682132695336
1992,6,11,0.595737258845475
1992,6,12,0
1992,6,13,0.0013341100384423
1992,6,14,0
1992,6,15,0.00191382883940605
1992,6,16,0
1992,6,17,0.000458821179449842
1992,6,18,0.000381002007543429
1992,6,19,0.00515718550104793
1992,6,20,0.000201929935172984
1992,6,21,0
1992,6,22,3.7797046292809e-05
1992,6,23,0.00106116114295673
1992,6,24,0.00105165253785344
1992,6,25,9.7075684228912
1992,6,26,0.410638276662212
1992,6,27,0.589656397642102
1992,6,28,1.37544155004434
1992,6,29,0.0115340017600829
1992,6,30,4.67535528587177
1992,7,1,0.0593952463532332
1992,7,2,0.121877334822784
1992,7,3,16.5394043549895
1992,7,4,1.21601932332851
1992,7,5,3.25234072515741
1992,7,6,6.92076184786856
1992,7,7,0.673253426793963
1992,7,8,1.74332375172526
1992,7,9,0
1992,7,10,0
1992,7,11,0
1992,7,12,0
1992,7,13,0
1992,7,14,0.00282165034377613
1992,7,15,0.0133871779326
1992,7,16,0.00923561024137598
1992,7,17,0.0935351832595188
1992,7,18,0.0589813047554344
1992,7,19,0.0878664955962449
1992,7,20,7.98427385743707
1992,7,21,2.26928634219803
1992,7,22,5.30633814632893
1992,7,23,5.72437425144017
1992,7,24,6.17056475020945
1992,7,25,5.72244871873409
1992,7,26,2.74213427910581
1992,7,27,0
1992,7,28,0.0251815667070332
1992,7,29,25.2523776143789
1992,7,30,1.69539257185534
1992,7,31,21.7571969144046
1992,8,1,6.94016239140183
1992,8,2,3.45356517937034
1992,8,3,0.000645109309971303
1992,8,4,2.65275196870789
1992,8,5,0.0258272564678919
1992,8,6,0.00015247983036204
1992,8,7,0.415922018873971
1992,8,8,5.8183902874589
1992,8,9,5.93896710779518
1992,8,10,0.418016931507736
1992,8,11,10.7454028911889
1992,8,12,5.21083222702146
1992,8,13,3.06271032895893
1992,8,14,7.23729792516679
1992,8,15,2.1589023352135
1992,8,16,1.01596485183109
1992,8,17,0.00121397496855025
1992,8,18,0.00129242270645591
1992,8,19,6.72581156250089
1992,8,20,1.55399353243411
1992,8,21,0.0047959943344722
1992,8,22,0.000176972350374172
1992,8,23,0.049140094233735
1992,8,24,4.86470153555274
1992,8,25,1.98790679569356
1992,8,26,0.0422315168179921
1992,8,27,0.0126818911212467
1992,8,28,4.16284643579274
1992,8,29,7.20918565057218
1992,8,30,0.577653879008722
1992,8,31,0.330043684516568
1992,9,1,0
1992,9,2,1.01966926902008e-05
1992,9,3,0
1992,9,4,1.64000316297385e-17
1992,9,5,0
1992,9,6,0.00296327207252034
1992,9,7,0.0552788789718761
1992,9,8,0
1992,9,9,0.00549098926967417
1992,9,10,0
1992,9,11,0.00564466233754501
1992,9,12,0
1992,9,13,0.501793084549718
1992,9,14,2.79901544563472
1992,9,15,6.80160576011986
1992,9,16,0.0365462609806855
1992,9,17,2.81096814433113
1992,9,18,1.37107515474781
1992,9,19,0
1992,9,20,0
1992,9,21,0.0056242474101964
1992,9,22,0.00299790820008639
1992,9,23,0
1992,9,24,0.0809797487818287
1992,9,25,0.00497871787956683
1992,9,26,6.12824766431004
1992,9,27,5.60123571194708
1992,9,28,2.09825701313093
1992,9,29,0.0192764271105261
1992,9,30,10.4392444482073
1992,10,1,2.21977522596717
1992,10,2,0.0642762495772331
1992,10,3,7.86930075846612
1992,10,4,8.39669178240001
1992,10,5,3.36001433897763
1992,10,6,0.545076787238941
1992,10,7,14.3200980965048
1992,10,8,2.61640117387287
1992,10,9,1.65550943347625
1992,10,10,0.0946843618294224
1992,10,11,0.11424763542891
1992,10,12,0.0706577002347331
1992,10,13,0.00356996511072794
1992,10,14,0.00252663195965397
1992,10,15,0.0060107214949312
1992,10,16,0.0101968332273827
1992,10,17,1.56235133763403
1992,10,18,4.55320591572672
1992,10,19,11.4850475918502
1992,10,20,7.24782454781234
1992,10,21,1.55937801464461
1992,10,22,26.7185736447573
1992,10,23,4.16643378557637
1992,10,24,10.4981872485951
1992,10,25,9.41504146903753
1992,10,26,1.92140330909751
1992,10,27,4.34291014680639
1992,10,28,0.00953365565692366
1992,10,29,0.0196771844002797
1992,10,30,0.165786841535009
1992,10,31,1.69794344692491
1992,11,1,1.37267662212253
1992,11,2,21.2179672904313
1992,11,3,1.70847604167648
1992,11,4,4.42164984997362
1992,11,5,0.203406571381493
1992,11,6,7.19105747994035
1992,11,7,7.16532021760941
1992,11,8,11.6865363903344
1992,11,9,0.843020598404109
1992,11,10,17.5474254414439
1992,11,11,4.47577473241836
1992,11,12,1.90685242996551
1992,11,13,0.00487268076767577
1992,11,14,0
1992,11,15,1.42348761437461
1992,11,16,0.437466980656609
1992,11,17,1.38109194813296
1992,11,18,0.378978413937148
1992,11,19,4.90529676899314
1992,11,20,3.49753873888403
1992,11,21,13.5169730521739
1992,11,22,2.16836482286453
1992,11,23,0.0640785954601597
1992,11,24,0.0112900699605234
1992,11,25,0.0135710043650761
1992,11,26,0.778400682611391
1992,11,27,6.28710882738233
1992,11,28,5.59301243629307
1992,11,29,9.22361409757286
1992,11,30,0.0817911399281002
1992,12,1,2.47371483128518
1992,12,2,0.639665202470496
1992,12,3,0.0616902048932388
1992,12,4,0.00527839138158015
1992,12,5,1.84122307109646
1992,12,6,2.14887501206249
1992,12,7,3.78913907334208
1992,12,8,5.65148501191288
1992,12,9,8.54956889525056
1992,12,10,2.31825242517516
1992,12,11,3.33532628137618
1992,12,12,1.39963093679398
1992,12,13,0.58687473210739
1992,12,14,9.16181285865605
1992,12,15,1.40159073052928
1992,12,16,3.2119064242579
1992,12,17,0.355075098923407
1992,12,18,1.32937492453493
1992,12,19,1.30871458095498
1992,12,20,1.91773973638192
1992,12,21,0.00209271177027404
1992,12,22,0.0280262438536738
1992,12,23,0.0123551577416947
1992,12,24,5.02144920174032
1992,12,25,7.69288034643978
1992,12,26,0.134489617266809
1992,12,27,0.120550328938407
1992,12,28,0
1992,12,29,0.27286139811622
1992,12,30,0.329595737275667
1992,12,31,3.46278296783566
1993,1,1,2.49938294291496
1993,1,2,2.60735170450062
1993,1,3,0.936278805602342
1993,1,4,0.213617242116015
1993,1,5,0
1993,1,6,0.000485931397520289
1993,1,7,0.0013188695959343
1993,1,8,5.8766252361238
1993,1,9,5.16245093895122
1993,1,10,7.24154126364738
1993,1,11,26.3652588240802
1993,1,12,1.07315971108619
1993,1,13,0.87203458242584
1993,1,14,5.80623422283679
1993,1,15,11.5148377139121
1993,1,16,0.329716672422364
1993,1,17,1.04468156641815
1993,1,18,1.3184008654207
1993,1,19,2.14677707408555
1993,1,20,6.52170383837074
1993,1,21,3.15387232694775
1993,1,22,4.9700548290275
1993,1,23,25.9346284903586
1993,1,24,5.04372107097879
1993,1,25,0.526878640812356
1993,1,26,2.68861760850996
1993,1,27,10.4331560432911
1993,1,28,0.993747281609103
1993,1,29,4.97412906261161
1993,1,30,0.0228255954425549
1993,1,31,6.24521418940276
1993,2,1,2.56831629085355
1993,2,2,16.9564308598638
1993,2,3,2.74974117055535
1993,2,4,2.28972320328467
1993,2,5,0.149414587940555
1993,2,6,0.0563835712455329
1993,2,7,3.22064518695697
1993,2,8,0.00164875723953628
1993,2,9,1.89992337254807
1993,2,10,0.0398810510887415
1993,2,11,0
1993,2,12,0.124695383055951
1993,2,13,1.09728654788341
1993,2,14,3.12711037695408
1993,2,15,1.52743211947381
1993,2,16,6.90348108764738
1993,2,17,4.38673220342025
1993,2,18,2.32795489719138
1993,2,19,0.828008924145252
1993,2,20,0.0241896789702878
1993,2,21,2.86320929881185
1993,2,22,7.48592361342162
1993,2,23,6.21115558315068
1993,2,24,1.56204251688905
1993,2,25,3.76079011475667
1993,2,26,2.03283683513291
1993,2,27,0.117651883192593
1993,2,28,0.285365259333048
1993,3,1,0.139283086900832
1993,3,2,3.28786501195282
1993,3,3,0.101652905868832
1993,3,4,0.166069573606364
1993,3,5,0
1993,3,6,0.388173571263906
1993,3,7,0.501782594074029
1993,3,8,6.06676932690675e-05
1993,3,9,1.61663400940597
1993,3,10,0.0235440628785
1993,3,11,0.136138095331262
1993,3,12,2.51505783526227
1993,3,13,0.039806608492654
1993,3,14,0.687281903810799
1993,3,15,0.0815166686152224
1993,3,16,4.19786875136197
1993,3,17,4.89954594522715
1993,3,18,9.16203728411347
1993,3,19,1.81269777822308
1993,3,20,0.0110195092474896
1993,3,21,4.57869046367705
1993,3,22,2.15881511103362
1993,3,23,0.545492045057472
1993,3,24,0.0882410193298711
1993,3,25,3.01753103267401
1993,3,26,1.79801346966997
1993,3,27,1.19028221815825
1993,3,28,1.7684408579953
1993,3,29,2.94453743845224
1993,3,30,3.14940519165248
1993,3,31,0.368227522994857
1993,4,1,0.683264012332074
1993,4,2,0
1993,4,3,7.43020512163639
1993,4,4,3.006885596551
1993,4,5,8.13110468443483
1993,4,6,1.91891576978378
1993,4,7,5.60762397944927
1993,4,8,4.41521411994472
1993,4,9,0.186813055188395
1993,4,10,0.304926283570239
1993,4,11,0.665849115466699
1993,4,12,4.31137271225452
1993,4,13,0.30325947664096
1993,4,14,0.00511990987206445
1993,4,15,0.000733140933562026
1993,4,16,1.88737550633959
1993,4,17,1.45990158780478
1993,4,18,3.66776733426377
1993,4,19,0.00652014557545044
1993,4,20,3.98532369872555
1993,4,21,2.46573358308524
1993,4,22,1.29231109167449
1993,4,23,6.16489753592759
1993,4,24,0.00298049866387373
1993,4,25,0.00471201220761941
1993,4,26,0.00159284870733245
1993,4,27,5.17955819377676
1993,4,28,4.56313469912857
1993,4,29,3.19893846753985
1993,4,30,0.495867105200887
1993,5,1,2.75791478343308
1993,5,2,0.00823863872483344
1993,5,3,1.03646457719151
1993,5,4,12.0425053406507
1993,5,5,0.362703442806378
1993,5,6,3.46504992698726e-05
1993,5,7,6.74859106075019
1993,5,8,1.03061183472164
1993,5,9,23.7508594058454
1993,5,10,9.21412599273026
1993,5,11,0.600786910217721
1993,5,12,0.0136186866711796
1993,5,13,0
1993,5,14,0.554846327577252
1993,5,15,1.72933157882653
1993,5,16,2.99682731274515
1993,5,17,0.829399639042094
1993,5,18,6.01743995212018
1993,5,19,8.53196249809116
1993,5,20,0
1993,5,21,0.259856390766799
1993,5,22,0.916789623443037
1993,5,23,7.00784018263221
1993,5,24,2.55470664706081
1993,5,25,1.95941843558103
1993,5,26,5.16067533753812
1993,5,27,0.0773618508901563
1993,5,28,1.82240449357778
1993,5,29,3.57561396667734
1993,5,30,4.5383476302959
1993,5,31,1.73792921123095
1993,6,1,0
1993,6,2,0.39083143346943
1993,6,3,2.49010779079981
1993,6,4,7.52377356402576
1993,6,5,5.3290924988687
1993,6,6,1.4337549218908
1993,6,7,6.51718641165644
1993,6,8,0.873183898511343
1993,6,9,3.33941308781505
1993,6,10,0.462499691639096
1993,6,11,13.5646480601281
1993,6,12,10.6576707679778
1993,6,13,1.39877566834912
1993,6,14,39.5973787643015
1993,6,15,0.135874428815441
1993,6,16,0.00203577217803286
1993,6,17,0
1993,6,18,1.52906376169994
1993,6,19,0.289526736742118
1993,6,20,3.6144794896245
1993,6,21,9.77366957813501
1993,6,22,7.22246509976685
1993,6,23,17.3627251759171
1993,6,24,20.6378582865
1993,6,25,0.64390720508527
1993,6,26,0
1993,6,27,0.000854829039553806
1993,6,28,0.0275122817583906
1993,6,29,0.0460322367871413
1993,6,30,0.0358241395588266
1993,7,1,0
1993,7,2,1.5081318693877e-06
1993,7,3,0.108691189961974
1993,7,4,11.1253319308162
1993,7,5,9.95500409044325
1993,7,6,6.17509349249303
1993,7,7,4.51075650053099
1993,7,8,0
1993,7,9,0.317298915615538
1993,7,10,0.0229445120567107
1993,7,11,6.80838944390416
1993,7,12,3.61326715210453
1993,7,13,1.184749926324
1993,7,14,0.000246485123511775
1993,7,15,0.00172945495364729
1993,7,16,0.000110870436031973
1993,7,17,5.57741078082472
1993,7,18,0.0802814543931163
1993,7,19,0.186785512778442
1993,7,20,0.000869004503556425
1993,7,21,1.98489308240823
1993,7,22,4.52808598056436
1993,7,23,6.24025734141469
1993,7,24,0.192999999853782
1993,7,25,0.0206248203539872
1993,7,26,3.82073119981214
1993,7,27,1.52585359755903
1993,7,28,0.302684779308038
1993,7,29,0.967283858335577
1993,7,30,1.25618228630628
1993,7,31,1.75844088080339
1993,8,1,0.118624688184354
1993,8,2,1.64647929486819
1993,8,3,6.28783993888646
1993,8,4,8.09975606586022e-05
1993,8,5,0.0055183112863233
1993,8,6,0.0574318084545666
1993,8,7,9.539157547988
1993,8,8,0.160194808995584
1993,8,9,0.260127276851563
1993,8,10,5.6584962643683
1993,8,11,1.97667813627049
1993,8,12,8.65290015935898
1993,8,13,1.08214097272139
1993,8,14,7.36164848785847
1993,8,15,7.99223058857024
1993,8,16,2.23305656109005
1993,8,17,24.8194489628077
1993,8,18,1.56321084941737
1993,8,19,1.94080762448721
1993,8,20,2.77338976738974
1993,8,21,1.85299786389805
1993,8,22,2.76835811091587
1993,8,23,1.9299668376334
1993,8,24,2.08129560342059
1993,8,25,5.13759251916781
1993,8,26,11.1411686986685
1993,8,27,0.0545762724868837
1993,8,28,2.93015975039452
1993,8,29,2.09856441942975
1993,8,30,0.00432148294748913
1993,8,31,1.55175179243088
1993,9,1,2.54584969952703
1993,9,2,6.23140290845186
1993,9,3,3.26376913581043
1993,9,4,1.36048551066779
1993,9,5,0.445052026771009
1993,9,6,0.212033494608477
1993,9,7,3.62025231588632
1993,9,8,19.3022753577679
1993,9,9,1.20656508661341
1993,9,10,2.86600487306714
1993,9,11,3.23457433842123
1993,9,12,0.0148401959904731
1993,9,13,4.1897168266587
1993,9,14,8.79590632393956
1993,9,15,3.43526853248477
1993,9,16,2.24891328834929
1993,9,17,1.91768001532182
1993,9,18,0.0766153179938556
1993,9,19,0.00174526356886417
1993,9,20,2.30019356240518
1993,9,21,12.1684400830418
1993,9,22,1.93165427190252
1993,9,23,6.3053922727704
1993,9,24,2.53381370566785
1993,9,25,0.519139459356666
1993,9,26,0.07784607278154
1993,9,27,0
1993,9,28,0
1993,9,29,0.00324764143897482
1993,9,30,6.64047016762197
1993,10,1,0.151019306576927
1993,10,2,0.0650546959150233
1993,10,3,1.34699436603114
1993,10,4,0.178020504245069
1993,10,5,1.37904335861094
1993,10,6,0
1993,10,7,0.00472924463110758
1993,10,8,0.00550868458049081
1993,10,9,0.684443188947625
1993,10,10,4.66302697313949
1993,10,11,0.893539350363426
1993,10,12,1.16548642690759
1993,10,13,0.314275929849828
1993,10,14,1.21419767383486
1993,10,15,5.73381520807743
1993,10,16,1.51253627263941
1993,10,17,2.91756992228329
1993,10,18,1.09139302221593
1993,10,19,3.7241100682877
1993,10,20,4.33359523303807
1993,10,21,1.10412390204147
1993,10,22,5.3455566521734
1993,10,23,9.16822690051049
1993,10,24,1.8089834426064
1993,10,25,23.256806563586
1993,10,26,2.60064141475596
1993,10,27,4.6569888596423
1993,10,28,0.0536374584044097
1993,10,29,3.28554280567914
1993,10,30,0.0569531019209535
1993,10,31,3.04169605951756
1993,11,1,7.77567951008677
1993,11,2,4.7618439537473
1993,11,3,0.359798641875386
1993,11,4,0.00157313870090547
1993,11,5,0.0218346654037305
1993,11,6,0.203944296663394
1993,11,7,0
1993,11,8,0.000766564360787925
1993,11,9,1.48877892061137
1993,11,10,0.701440588454716
1993,11,11,6.38845609501004
1993,11,12,0.058590401931724
1993,11,13,6.0052260523662
1993,11,14,0.0280670687970996
1993,11,15,0.284743472730042
1993,11,16,0
1993,11,17,0.223577280848986
1993,11,18,0.160999481522595
1993,11,19,8.83132639017958e-05
1993,11,20,0.0052367732678249
1993,11,21,0
1993,11,22,0.0011091617608372
1993,11,23,0.000168760052332573
1993,11,24,1.82463552080014e-08
1993,11,25,0.712515230407007
1993,11,26,0.135971947020153
1993,11,27,1.70856798067689
1993,11,28,3.08034061454237
1993,11,29,0.0178154331479163
1993,11,30,8.69595275726169
1993,12,1,0.48997963021975
1993,12,2,6.99737328104675
1993,12,3,8.84920076932758
1993,12,4,0.418985630676616
1993,12,5,0.000279665999158851
1993,12,6,0
1993,12,7,0.00086286081000253
1993,12,8,0.711681100074202
1993,12,9,1.02482533548027
1993,12,10,10.6651403009892
1993,12,11,0.589696552196983
1993,12,12,0.907468737568706
1993,12,13,3.61866593593732
1993,12,14,0.327600818127394
1993,12,15,4.57225347636268
1993,12,16,3.01280646817759
1993,12,17,1.1558656784473
1993,12,18,0.00373915042928274
1993,12,19,3.50259836995974
1993,12,20,4.95461976388469
1993,12,21,5.06638269871473
1993,12,22,0.28775121390936
1993,12,23,2.00099450885318
1993,12,24,2.04768757685088
1993,12,25,0
1993,12,26,0.00350470996863805
1993,12,27,3.30408965237439
1993,12,28,0.00944788337164937
1993,12,29,0.0124301528558135
1993,12,30,0
1993,12,31,0.0105040209746221
1994,1,1,0
1994,1,2,6.73724259974556e-10
1994,1,3,0.15327194960264
1994,1,4,0.205231599829858
1994,1,5,0.0430754647823051
1994,1,6,1.86204643704002e-05
1994,1,7,0.000163961164645343
1994,1,8,0.00315844691840539
1994,1,9,0.00206135222811099
1994,1,10,0.0117899514407327
1994,1,11,0.125675348681398
1994,1,12,10.2351210080087
1994,1,13,2.59777260362171
1994,1,14,2.17651721904986
1994,1,15,7.69012374803424
1994,1,16,0.0013588069805337
1994,1,17,1.22861284471583
1994,1,18,0.00307772157839281
1994,1,19,0.798054726328701
1994,1,20,10.3339071851224
1994,1,21,4.62525183102116
1994,1,22,0.391141707950737
1994,1,23,4.91608584998176
1994,1,24,0.941595708718523
1994,1,25,17.8811919875443
1994,1,26,0.343480412266217
1994,1,27,0.00161420337576601
1994,1,28,0.00350077112898362
1994,1,29,1.85902969096787
1994,1,30,4.1050540516153
1994,1,31,9.03413174673915
1994,2,1,1.06826093397103
1994,2,2,0.284207790537039
1994,2,3,14.5087110344321
1994,2,4,1.83413308113813
1994,2,5,0.547439737420063
1994,2,6,1.11432056582998
1994,2,7,5.13484597904608
1994,2,8,0.0817704782093642
1994,2,9,4.40379262436181
1994,2,10,4.33506437111646
1994,2,11,0.0379428988708241
1994,2,12,0
1994,2,13,0.00231556684866518
1994,2,14,0
1994,2,15,0.10592892394925
1994,2,16,0
1994,2,17,0.329500419320539
1994,2,18,0.0299464060844912
1994,2,19,0
1994,2,20,0.0023015612839572
1994,2,21,0
1994,2,22,0.18194995354861
1994,2,23,6.99506993405521
1994,2,24,0.188037572661415
1994,2,25,0.598943808290642
1994,2,26,0.00850996375447721
1994,2,27,1.48152265464887
1994,2,28,1.92404675181024
1994,3,1,1.82909042341635
1994,3,2,0.0653560122373165
1994,3,3,0
1994,3,4,0.234729010117007
1994,3,5,1.40485212905332
1994,3,6,3.00309990998358
1994,3,7,2.6196223392617
1994,3,8,1.11099331697915
1994,3,9,0.0779359195803409
1994,3,10,2.95849204994738
1994,3,11,0.770887066028081
1994,3,12,0.03483671862341
1994,3,13,0.54070787737146
1994,3,14,0.00133973543938737
1994,3,15,0.914257371914573
1994,3,16,2.55477013997734
1994,3,17,0.589417002629489
1994,3,18,0.0696840603268356
1994,3,19,4.23680751118809
1994,3,20,0.418866463587619
1994,3,21,1.1896387237357
1994,3,22,0.619916508730967
1994,3,23,0.0479304088003119
1994,3,24,0.211486162879737
1994,3,25,0.0202850843834312
1994,3,26,0.703114428324625
1994,3,27,0.18486789704184
1994,3,28,2.93558147968724
1994,3,29,0.0582826420213678
1994,3,30,1.14304450980853
1994,3,31,2.8230314841494
1994,4,1,0.0191723278021527
1994,4,2,5.20447790622711
1994,4,3,6.35360728483647
1994,4,4,5.76503800693899
1994,4,5,9.8984036128968
1994,4,6,1.47003593738191
1994,4,7,1.25852555211168
1994,4,8,0.498823454836383
1994,4,9,1.71724670799449
1994,4,10,0.000376013997538394
1994,4,11,0.00521494205258932
1994,4,12,1.92808861029334
1994,4,13,3.54439462535083
1994,4,14,1.8639232032001
1994,4,15,0.332965537381824
1994,4,16,3.70466960594058
1994,4,17,0.985675901756622
1994,4,18,0.165726059640292
1994,4,19,1.20316428656224
1994,4,20,1.61897428915836
1994,4,21,3.12661626376212
1994,4,22,3.02582471631467
1994,4,23,0.881115326774307
1994,4,24,0.00164035221246195
1994,4,25,0.137171613459941
1994,4,26,8.57427706941962
1994,4,27,13.2047676946968
1994,4,28,4.53930128132924
1994,4,29,2.66326476121321
1994,4,30,3.83704573614523
1994,5,1,0.260081503802212
1994,5,2,1.851187372813
1994,5,3,13.3982488419861
1994,5,4,3.1439800048247
1994,5,5,0.0820329070847947
1994,5,6,0.0224942884415213
1994,5,7,1.62488510250114
1994,5,8,1.08864326030016
1994,5,9,0.969809587695636
1994,5,10,4.41857830155641
1994,5,11,3.51879189256579
1994,5,12,3.31863141618669
1994,5,13,0.706162166898139
1994,5,14,0.0782651122790412
1994,5,15,0.00625279621999653
1994,5,16,0.3531078400556
1994,5,17,2.7639890438877
1994,5,18,0.686247393605299
1994,5,19,9.96102774515748
1994,5,20,0.552059122128412
1994,5,21,0.0160894245254894
1994,5,22,0.0469805050670402
1994,5,23,2.01494692009874
1994,5,24,6.40441041905433
1994,5,25,0.957118390942924
1994,5,26,5.06840787129477
1994,5,27,4.63782625738531
1994,5,28,2.26699352497235
1994,5,29,0.0451148554930114
1994,5,30,3.9125271840021
1994,5,31,2.65071296598762
1994,6,1,6.99137477204204
1994,6,2,4.20955176232383
1994,6,3,0.0153910761127918
1994,6,4,0.115666609781329
1994,6,5,0
1994,6,6,0.0828533546155086
1994,6,7,4.5265153166838
1994,6,8,1.58211822272278
1994,6,9,3.02196956472471
1994,6,10,4.79455915046856
1994,6,11,0.403317260497715
1994,6,12,2.28747061919421
1994,6,13,0.480765927932225
1994,6,14,6.14694789983332
1994,6,15,0.711093476274982
1994,6,16,0.342917619855143
1994,6,17,0.0454790508229053
1994,6,18,0.175151830626419
1994,6,19,0
1994,6,20,7.90922208689153
1994,6,21,18.9923733472824
1994,6,22,2.06411526887678
1994,6,23,1.64505871944129
1994,6,24,0
1994,6,25,7.4146889615804
1994,6,26,10.5491620022804
1994,6,27,1.18793282308616
1994,6,28,2.49156671343371
1994,6,29,1.29719753167592
1994,6,30,1.54344286420383
1994,7,1,1.61746114608832
1994,7,2,0.0503989856952103
1994,7,3,1.43347046105191
1994,7,4,2.7611592086032
1994,7,5,6.85852181632072
1994,7,6,2.54165193764493
1994,7,7,2.17769513837993
1994,7,8,0.0507045846461551
1994,7,9,3.66129828616977
1994,7,10,6.17117139045149
1994,7,11,0.00494092779490529
1994,7,12,0
1994,7,13,0.00118747229009841
1994,7,14,0
1994,7,15,3.63920055096969
1994,7,16,5.39724742993712
1994,7,17,5.92466925736517
1994,7,18,0.132640484298463
1994,7,19,2.47369157150388
1994,7,20,14.6342283580452
1994,7,21,6.95764683187008
1994,7,22,3.89678785577416
1994,7,23,0
1994,7,24,0.284867492155172
1994,7,25,12.0139737613499
1994,7,26,0.311484598933021
1994,7,27,0.153967424921575
1994,7,28,0.025408914370928
1994,7,29,4.78525651104178e-05
1994,7,30,1.42867686431236e-07
1994,7,31,0
1994,8,1,0
1994,8,2,0
1994,8,3,2.95351759996265
1994,8,4,1.89305199310184
1994,8,5,0
1994,8,6,10.003999248147
1994,8,7,5.39235847536474
1994,8,8,0.985894040786661
1994,8,9,1.54865902732126
1994,8,10,1.3362571480684
1994,8,11,0.0178493737166718
1994,8,12,3.93395918654278
1994,8,13,1.91778059815988
1994,8,14,0
1994,8,15,0.00112001620777846
1994,8,16,5.84981676656753
1994,8,17,3.26915723271668
1994,8,18,4.99950359808281
1994,8,19,6.97205532342196
1994,8,20,1.62529780645855
1994,8,21,8.88351334724575
1994,8,22,0.430147693259642
1994,8,23,0.0188760111541342
1994,8,24,0.000128640183305606
1994,8,25,0.112977354729082
1994,8,26,10.15729252249
1994,8,27,7.53587305080146
1994,8,28,2.3682301514782
1994,8,29,0.0751779067286407
1994,8,30,6.79178321734071
1994,8,31,5.11574466945603
1994,9,1,0.286205479642376
1994,9,2,7.8037804691121
1994,9,3,10.7730216812342
1994,9,4,3.99107263656333
1994,9,5,0
1994,9,6,6.04694152716547
1994,9,7,6.48745663929731
1994,9,8,0.0019480485832446
1994,9,9,0.416459272673819
1994,9,10,0.0121453359497536
1994,9,11,3.20509445155039
1994,9,12,9.66120539233088
1994,9,13,0.687269488116726
1994,9,14,0.00257478313869797
1994,9,15,2.27595639880747
1994,9,16,0.0670337123665377
1994,9,17,0.0822138186777011
1994,9,18,1.76434792228974
1994,9,19,0.306538084259955
1994,9,20,2.69177213776857
1994,9,21,1.21050706948154
1994,9,22,8.17367197014391
1994,9,23,0.00127856355902622
1994,9,24,0.627187429927289
1994,9,25,1.35877371649258
1994,9,26,0.000883158327269484
1994,9,27,0.00742215397622203
1994,9,28,0.223324782564305
1994,9,29,0
1994,9,30,0.00755912074055232
1994,10,1,0.329117399087409
1994,10,2,1.478047989076
1994,10,3,0.49828565097414
1994,10,4,0.00478746406997743
1994,10,5,1.414576289244
1994,10,6,8.72094570659101
1994,10,7,3.47851443802938
1994,10,8,2.16739152674563
1994,10,9,0.781600474147126
1994,10,10,0.155084670404904
1994,10,11,0.00690903600570891
1994,10,12,3.1445668428205
1994,10,13,0.11761543173634
1994,10,14,1.18896340427455
1994,10,15,2.44990153005347
1994,10,16,0.172888088127365
1994,10,17,1.19752261089161
1994,10,18,0.183550831570756
1994,10,19,0.195067134336568
1994,10,20,0.0183019105406856
1994,10,21,0.00390460164680917
1994,10,22,6.80867987684906
1994,10,23,0.794387617497705
1994,10,24,0.0274484106739692
1994,10,25,0.00313406000032046
1994,10,26,1.17564898682758
1994,10,27,1.49917572853155
1994,10,28,0
1994,10,29,0.108949738933006
1994,10,30,0.0997268623905256
1994,10,31,0.0359595506779442
1994,11,1,0
1994,11,2,1.34872093331069
1994,11,3,0.00524972613220598
1994,11,4,0.00916932833661122
1994,11,5,0.00105884240895193
1994,11,6,0
1994,11,7,1.92205112543888
1994,11,8,0.980958959553391
1994,11,9,0.556477930513211
1994,11,10,0.112822394294199
1994,11,11,0.233682712860173
1994,11,12,0.820654197013937
1994,11,13,2.97201006906107
1994,11,14,0.680382942664437
1994,11,15,0.894732514279895
1994,11,16,1.73788677784614
1994,11,17,1.72726711607538
1994,11,18,3.17870874423534
1994,11,19,14.580955915153
1994,11,20,0.650202315591741
1994,11,21,3.37839176645502
1994,11,22,3.75913741299883
1994,11,23,0.00186368966978989
1994,11,24,0.400052168697584
1994,11,25,3.89648422133178
1994,11,26,4.8335878062062
1994,11,27,1.16035685932729
1994,11,28,2.67660424578935
1994,11,29,0.863963516894728
1994,11,30,0.0133601536617789
1994,12,1,1.82147803134285
1994,12,2,3.06696121115237
1994,12,3,0.392406969331205
1994,12,4,1.87517575104721
1994,12,5,0.210294000862632
1994,12,6,0.289445857924875
1994,12,7,0.00154755220478364
1994,12,8,3.91070487992806e-05
1994,12,9,0.010085535836879
1994,12,10,1.39556377544068
1994,12,11,0.419295512256213
1994,12,12,3.10819545993581
1994,12,13,0.216113778878935
1994,12,14,0.102646888262825
1994,12,15,7.48452488332987
1994,12,16,6.10399588476866
1994,12,17,9.8352677654475
1994,12,18,14.3665698822588
1994,12,19,3.08312770212069
1994,12,20,0.00442322730123124
1994,12,21,0.00455886004147033
1994,12,22,5.50927848089486
1994,12,23,3.50177610525861
1994,12,24,1.56648937845603
1994,12,25,0.0434106492321007
1994,12,26,4.50183134526014
1994,12,27,12.4359263107181
1994,12,28,7.98783637583256
1994,12,29,17.8118778392673
1994,12,30,2.29073893278837
1994,12,31,0.420389114879072
1995,1,1,1.41909057274461
1995,1,2,0.896901803207584
1995,1,3,0.0188592931863241
1995,1,4,3.38080323999748
1995,1,5,0.0992254019365646
1995,1,6,2.00469375704415
1995,1,7,2.56855030311272
1995,1,8,14.7080058697611
1995,1,9,0.590900992392562
1995,1,10,0
1995,1,11,3.91882995609194
1995,1,12,0.0999210737063549
1995,1,13,0.152424784755567
1995,1,14,0.118169423149084
1995,1,15,0.118833849410294
1995,1,16,0.109629252619925
1995,1,17,0.204653012769995
1995,1,18,0.0574049880015082
1995,1,19,0.0820062879938632
1995,1,20,6.41890692058951
1995,1,21,0.825875546433963
1995,1,22,0.0155389888732316
1995,1,23,0.149416729254881
1995,1,24,1.63508058758453
1995,1,25,1.48644948494621
1995,1,26,2.99832159653306
1995,1,27,0.0142630233767704
1995,1,28,0.125315922196023
1995,1,29,0.204600658616982
1995,1,30,0.0554126570932567
1995,1,31,0.276220747036859
1995,2,1,0.0130014208934881
1995,2,2,1.57481920905411
1995,2,3,0.104160316186608
1995,2,4,8.58399687331257e-05
1995,2,5,7.80837270431221
1995,2,6,0.0736630398023408
1995,2,7,4.60814520483837
1995,2,8,1.15860200312454
1995,2,9,5.33783691935241
1995,2,10,0.0292971998533176
1995,2,11,0.0280687410850078
1995,2,12,0.00111232039898823
1995,2,13,2.94180441414937
1995,2,14,3.36807070998475
1995,2,15,4.56841749837622
1995,2,16,3.68925277143717
1995,2,17,0.382347035338171
1995,2,18,0
1995,2,19,0.320216800173512
1995,2,20,0
1995,2,21,0
1995,2,22,0.183369507431053
1995,2,23,0.892357502016239
1995,2,24,0.975096158799715
1995,2,25,0.0733792076061945
1995,2,26,0.0205322662168328
1995,2,27,0.0480800355944666
1995,2,28,0.00960409188337508
1995,3,1,0
1995,3,2,4.73756751183548e-21
1995,3,3,3.560266152351e-21
1995,3,4,0
1995,3,5,0
1995,3,6,0.082764784747269
1995,3,7,0.221878275624476
1995,3,8,0.909183753537945
1995,3,9,1.7619029735215
1995,3,10,0.530186441028491
1995,3,11,1.27274246478919
1995,3,12,1.64560815319419
1995,3,13,3.82035464281216
1995,3,14,0.0710724669261253
1995,3,15,0.000611960722096683
1995,3,16,1.71202080091462
1995,3,17,10.8115863986313
1995,3,18,1.2491388944909
1995,3,19,0.00756395772896212
1995,3,20,0.000368794121641258
1995,3,21,1.93367834435776
1995,3,22,0.789635628461838
1995,3,23,0
1995,3,24,0.116269222780829
1995,3,25,1.75837251590565
1995,3,26,2.51890827203169
1995,3,27,2.59027210995555
1995,3,28,0.213985155278351
1995,3,29,1.51799100567587
1995,3,30,0.748369554639794
1995,3,31,0
1995,4,1,0
1995,4,2,0
1995,4,3,0.332753684779163
1995,4,4,0.301179337111535
1995,4,5,0.235897381935501
1995,4,6,3.85446003114964e-05
1995,4,7,0.00722837301054824
1995,4,8,1.66750802309252
1995,4,9,1.65313662146218
1995,4,10,2.17380116810091
1995,4,11,0.072078143057297
1995,4,12,0.289992836042074
1995,4,13,0.245081145112636
1995,4,14,0.0697687601132202
1995,4,15,0.00114080385458237
1995,4,16,0.270491414994467
1995,4,17,0.00476874537298499
1995,4,18,0
1995,4,19,0.000933469621600125
1995,4,20,0
1995,4,21,0.066893731309392
1995,4,22,0.0734830466171843
1995,4,23,3.90053865266964
1995,4,24,1.97221917333081
1995,4,25,0.92305239813868
1995,4,26,2.55651446641423
1995,4,27,1.99209764250554
1995,4,28,0.00847394019274361
1995,4,29,1.89230893738568
1995,4,30,8.73649267014116
1995,5,1,6.31601444911212
1995,5,2,8.05569584481418
1995,5,3,12.5757792033255
1995,5,4,1.20941472414415
1995,5,5,7.11491438560188
1995,5,6,7.66693374607712
1995,5,7,0.466438609873876
1995,5,8,6.62401104345918
1995,5,9,1.55470342724584
1995,5,10,3.30014806240797
1995,5,11,2.72186746587977
1995,5,12,5.30412658117712
1995,5,13,3.60218606656417
1995,5,14,5.03113407175988
1995,5,15,2.43195393704809
1995,5,16,1.24014388129581
1995,5,17,3.37102690245956
1995,5,18,0.00037199627058726
1995,5,19,3.76167178619653
1995,5,20,4.38609255943447
1995,5,21,0.0724996971257497
1995,5,22,4.99345354037359
1995,5,23,0.942575527005829
1995,5,24,0.978541985386983
1995,5,25,0.231254187383456
1995,5,26,0.00149657520296387
1995,5,27,0.810520868981257
1995,5,28,0.0160158057951776
1995,5,29,0
1995,5,30,0.0252200391514634
1995,5,31,1.17992745072115
1995,6,1,1.95692869601771
1995,6,2,7.55662652451861e-05
1995,6,3,4.75581574121975e-05
1995,6,4,0
1995,6,5,0
1995,6,6,0
1995,6,7,12.9787442274392
1995,6,8,5.93290007673204
1995,6,9,1.86067233444192
1995,6,10,0.173385305242846
1995,6,11,0.449428951833397
1995,6,12,0.00119898707282573
1995,6,13,0
1995,6,14,1.28450554911979
1995,6,15,4.49260004097596
1995,6,16,3.48569730995223
1995,6,17,11.7951419670135
1995,6,18,3.52889952482656
1995,6,19,0.000931154954741942
1995,6,20,3.46831345232204
1995,6,21,6.34502756875008
1995,6,22,0.62819663726259
1995,6,23,1.28278063202742
1995,6,24,3.79300271160901
1995,6,25,0.0220197221096896
1995,6,26,7.02110705897212
1995,6,27,1.63357168785296
1995,6,28,1.87561815837398
1995,6,29,0.904336210805923
1995,6,30,0.644763770105783
1995,7,1,5.70432683452964
1995,7,2,0
1995,7,3,1.51765201007947
1995,7,4,0
1995,7,5,1.69691278715618
1995,7,6,0.00714236007297586
1995,7,7,0.0017045347021849
1995,7,8,1.97774289990775
1995,7,9,7.64088782016188
1995,7,10,0.585566172958352
1995,7,11,0.110144631617004
1995,7,12,1.29587463161442
1995,7,13,0
1995,7,14,0.204178898275131
1995,7,15,0.00901237024208967
1995,7,16,0.00107111767135848
1995,7,17,0
1995,7,18,0.191743637697073
1995,7,19,3.54538190877065
1995,7,20,3.55269050924107
1995,7,21,8.72883454430848
1995,7,22,2.21594522008672
1995,7,23,0.265668841166189
1995,7,24,0
1995,7,25,0.00827725543786073
1995,7,26,0
1995,7,27,0.851209298707545
1995,7,28,4.24896200420335
1995,7,29,0.567750594927929
1995,7,30,4.43457883084193
1995,7,31,5.48700441140682
1995,8,1,7.38111503887922
1995,8,2,2.68465590197593
1995,8,3,0.123870476090815
1995,8,4,19.3046201951802
1995,8,5,6.99552947189659
1995,8,6,11.1782963387668
1995,8,7,0.892141170334071
1995,8,8,7.16627701185644
1995,8,9,0.637379575346131
1995,8,10,2.51901828451082
1995,8,11,1.46408316213638
1995,8,12,0
1995,8,13,3.42287201201543
1995,8,14,2.72746238624677
1995,8,15,0.00236188504914026
1995,8,16,0.00324024322253536
1995,8,17,2.12096201721579
1995,8,18,30.7894251309335
1995,8,19,2.20954060787335
1995,8,20,0.729599382611923
1995,8,21,1.00119536218699
1995,8,22,0.134378858274431
1995,8,23,1.17925551021472
1995,8,24,7.16359899379313
1995,8,25,1.69551861472428
1995,8,26,4.30681945290416
1995,8,27,7.87112696561962
1995,8,28,4.59204440703616
1995,8,29,13.9580086804926
1995,8,30,4.40340883797035
1995,8,31,0.00118684633321209
1995,9,1,0
1995,9,2,0
1995,9,3,0
1995,9,4,0.66468691220507
1995,9,5,0
1995,9,6,10.5012072483078
1995,9,7,3.4701896365732
1995,9,8,2.76583788217977
1995,9,9,0
1995,9,10,2.10453385370784
1995,9,11,0.159338538651355
1995,9,12,28.4632835537195
1995,9,13,0.479115583584644
1995,9,14,0
1995,9,15,0.624008108570706
1995,9,16,5.04978778772056
1995,9,17,9.71938942093402
1995,9,18,2.77204635785893
1995,9,19,2.72342712851241
1995,9,20,1.17751786310691
1995,9,21,0.0283671671240882
1995,9,22,0
1995,9,23,0
1995,9,24,3.03929464425892
1995,9,25,1.4263388235122
1995,9,26,0.236325998412212
1995,9,27,7.70162979606539
1995,9,28,3.37444231845438
1995,9,29,0.0695889732014621
1995,9,30,0.153110545579693
1995,10,1,10.1528612198308
1995,10,2,1.75234477501363
1995,10,3,16.6743940673769
1995,10,4,7.81224954407662
1995,10,5,0.0278142291790573
1995,10,6,7.2593406541273
1995,10,7,11.007121950388
1995,10,8,2.97709295991808
1995,10,9,0.710299893398769
1995,10,10,9.28585601504892
1995,10,11,1.36709270300344
1995,10,12,0.0180968919721636
1995,10,13,10.0819383747876
1995,10,14,4.53045722097158
1995,10,15,0.289244495797902
1995,10,16,3.04968768032268
1995,10,17,0.817767233820632
1995,10,18,10.1358853513375
1995,10,19,12.387776048854
1995,10,20,3.79933817312121
1995,10,21,0.429634406464174
1995,10,22,8.77045320812613
1995,10,23,1.38012855313718
1995,10,24,0.000813179923397911
1995,10,25,5.7703971862793
1995,10,26,10.661519318819
1995,10,27,0.252819305023877
1995,10,28,5.61083382926881
1995,10,29,0.151447039024788
1995,10,30,0.00356113955604087
1995,10,31,4.23315383959562
1995,11,1,0.378998844826128
1995,11,2,16.0552916117013
1995,11,3,9.3144957209006
1995,11,4,6.89916734118015
1995,11,5,19.1844287328422
1995,11,6,7.47183258645236
1995,11,7,4.31434902129695
1995,11,8,10.2508716518059
1995,11,9,0.274132651247783
1995,11,10,2.74903677636757
1995,11,11,7.84901445731521
1995,11,12,2.00537174823694
1995,11,13,0.22710113771609
1995,11,14,1.40049060573801
1995,11,15,3.24780915398151
1995,11,16,0.00833671742839215
1995,11,17,0.11471968718979
1995,11,18,0.901578040793538
1995,11,19,2.86216512322426
1995,11,20,0.0472780888230773
1995,11,21,0
1995,11,22,1.61127278697677
1995,11,23,4.21007322147489
1995,11,24,0.00102388551397326
1995,11,25,1.42652065842412
1995,11,26,0
1995,11,27,0.0273752597422572
1995,11,28,1.57830974785611
1995,11,29,2.54529303638265
1995,11,30,4.27575318608433
1995,12,1,2.47068068711087
1995,12,2,0.0878280501638073
1995,12,3,0.262693809054326
1995,12,4,1.44218580680899
1995,12,5,0.288763859134633
1995,12,6,0.00902449739896838
1995,12,7,0.454077647009399
1995,12,8,0.117435875654337
1995,12,9,0.0783643445174675
1995,12,10,5.46710346825421
1995,12,11,1.47213686141185
1995,12,12,0.0537641151822754
1995,12,13,0.0118070144253579
1995,12,14,1.16580939211417
1995,12,15,0.00271897653192354
1995,12,16,0.000563893456728692
1995,12,17,0.00979010383161949
1995,12,18,0.0079336021144627
1995,12,19,2.92745124315843
1995,12,20,3.71429601218551
1995,12,21,9.1254553059116
1995,12,22,1.8264553102199
1995,12,23,0.713705958332866
1995,12,24,0.178511651029112
1995,12,25,1.26792478258722
1995,12,26,0.787602126365528
1995,12,27,1.53055867413059
1995,12,28,0.123334980526124
1995,12,29,0.232993897225242
1995,12,30,0
1995,12,31,0.00683612449847715
1996,1,1,0.215579530777177
1996,1,2,0.284423434641212
1996,1,3,0.0373811255485634
1996,1,4,1.91613999777474
1996,1,5,0.242430590878939
1996,1,6,4.3418386252597
1996,1,7,1.523339812411
1996,1,8,7.62387360446155
1996,1,9,0.441860643331893
1996,1,10,0.135568859332125
1996,1,11,0.0724515519323177
1996,1,12,0.108528872442548
1996,1,13,0
1996,1,14,0.0947477761656046
1996,1,15,0.306977603759151
1996,1,16,1.28218161407858
1996,1,17,4.9568313290365
1996,1,18,1.25686695682816
1996,1,19,24.2466875351965
1996,1,20,0.402908839168958
1996,1,21,0.0793302884630975
1996,1,22,11.1295727547258
1996,1,23,6.43602611962706
1996,1,24,2.219058573246
1996,1,25,0.416612425760832
1996,1,26,2.92819649912417
1996,1,27,7.3403469286859
1996,1,28,5.29313727747649
1996,1,29,0.082069810378016
1996,1,30,4.50960576999933
1996,1,31,1.68939091963693
1996,2,1,8.55811403598636
1996,2,2,3.15477474359795
1996,2,3,0.516284596233163
1996,2,4,7.97974385786802
1996,2,5,11.8845412507653
1996,2,6,3.58283172827214
1996,2,7,12.9413047805429
1996,2,8,10.9875875059515
1996,2,9,7.78691461309791
1996,2,10,24.6569196693599
1996,2,11,0.00252741668873568
1996,2,12,0.569181425089482
1996,2,13,13.0040873307735
1996,2,14,5.68691783118993
1996,2,15,0.130381712006056
1996,2,16,0.158988070324995
1996,2,17,1.74361025565304
1996,2,18,0.931537110591307
1996,2,19,0.457086881215218
1996,2,20,1.63884380017407
1996,2,21,1.42723683966324
1996,2,22,1.73743179766461
1996,2,23,0.506037287414074
1996,2,24,0
1996,2,25,0.981717417016625
1996,2,26,8.43346486799419
1996,2,27,8.05344844702631
1996,2,28,11.4525467623025
1996,2,29,6.11927504651248
1996,3,1,1.74744293326512
1996,3,2,1.30133022903465
1996,3,3,4.38501412281767
1996,3,4,2.63565838686191
1996,3,5,0.0364312340934703
1996,3,6,0.000431233915776374
1996,3,7,0.621539192798082
1996,3,8,0.132542307983385
1996,3,9,2.35230694524944
1996,3,10,5.35695143043995
1996,3,11,1.31463262368925
1996,3,12,12.8494613338262
1996,3,13,0.0706959639501292
1996,3,14,0.179621637653327
1996,3,15,0.0958311633439735
1996,3,16,0
1996,3,17,0.136069013387896
1996,3,18,0.885801308322698
1996,3,19,0
1996,3,20,19.0058728214353
1996,3,21,20.5138371326029
1996,3,22,0.522904715035111
1996,3,23,0.350999608053826
1996,3,24,1.02363500045612
1996,3,25,0.00275500469797407
1996,3,26,0.947721439297311
1996,3,27,0
1996,3,28,3.58489367645234
1996,3,29,0.0820030711111031
1996,3,30,1.35426933411509
1996,3,31,0.844008589047007
1996,4,1,0
1996,4,2,0.238018520758487
1996,4,3,0.0179356549324439
1996,4,4,0.00094918384831999
1996,4,5,0.75240402657073
1996,4,6,4.99341079266742
1996,4,7,6.00807317532599
1996,4,8,10.227244743146
1996,4,9,3.83036012062803
1996,4,10,0.551953745889477
1996,4,11,0.90267737978138
1996,4,12,1.42925273976289
1996,4,13,2.28986496222205
1996,4,14,6.77410892676562
1996,4,15,2.77839879272506
1996,4,16,4.70998249948025
1996,4,17,17.586016561836
1996,4,18,4.55573085928336
1996,4,19,3.37300398387015
1996,4,20,2.44277665042318
1996,4,21,1.1216767859878
1996,4,22,0
1996,4,23,0.000186442164107348
1996,4,24,0
1996,4,25,0.00137841906848735
1996,4,26,0
1996,4,27,0.938121436047368
1996,4,28,2.91945113567635
1996,4,29,1.16651991556864
1996,4,30,0.0469711147161433
1996,5,1,0
1996,5,2,0.246662692370592
1996,5,3,7.90120060555637
1996,5,4,0.650000010500662
1996,5,5,0.000191306490648913
1996,5,6,0
1996,5,7,0.957103460677899
1996,5,8,7.82008557580411
1996,5,9,15.9215076360852
1996,5,10,0.0332784778038331
1996,5,11,0.470501292147674
1996,5,12,0.595152817550115
1996,5,13,0.302450020535616
1996,5,14,3.11146220192313
1996,5,15,23.5208440572023
1996,5,16,3.15391287440434
1996,5,17,2.00034669251181
1996,5,18,2.70106536336243
1996,5,19,0.634620423079468
1996,5,20,9.63208477478474
1996,5,21,9.37133256811649
1996,5,22,6.5164270112291
1996,5,23,3.69960777461529
1996,5,24,2.43275498505682
1996,5,25,0.470609497278929
1996,5,26,0.144956656367867
1996,5,27,0.177972805977333
1996,5,28,0.0101013826679264
1996,5,29,14.4587062764913
1996,5,30,8.80289243068546
1996,5,31,0.0256974908552365
1996,6,1,2.19535434152931
1996,6,2,0.112775835441425
1996,6,3,4.49464973062277
1996,6,4,0
1996,6,5,6.14095944911242
1996,6,6,5.33893327228725
1996,6,7,6.33215548004955
1996,6,8,2.79589863494039
1996,6,9,1.22875106753781
1996,6,10,0.205374026700156
1996,6,11,0.838025403209031
1996,6,12,0
1996,6,13,0.000250846063920562
1996,6,14,0.0485676413518377
1996,6,15,0.521358646801673
1996,6,16,1.59140563337132
1996,6,17,19.7313441429287
1996,6,18,0.79049781197682
1996,6,19,0.0176738559275691
1996,6,20,0
1996,6,21,0.0145818373312068
1996,6,22,2.08200424094684
1996,6,23,5.42101085169901e-20
1996,6,24,0
1996,6,25,0
1996,6,26,0.000747597567851699
1996,6,27,0.285837723640725
1996,6,28,1.45359268644825
1996,6,29,0.278935167443706
1996,6,30,0.159712374806986
1996,7,1,0.600109626248013
1996,7,2,0.197256107639987
1996,7,3,7.73404072970152
1996,7,4,3.23853604495525
1996,7,5,0.119598917444819
1996,7,6,0
1996,7,7,0.00218294563865129
1996,7,8,5.01397243933752
1996,7,9,6.70861566904932
1996,7,10,8.9667582185939
1996,7,11,0.149287837848533
1996,7,12,0.000264123475091083
1996,7,13,15.1685973163694
1996,7,14,27.7942140586674
1996,7,15,0.557091328664683
1996,7,16,0.000874449185062076
1996,7,17,0.00385026364710939
1996,7,18,0.00343570353606992
1996,7,19,0
1996,7,20,1.01823582372162
1996,7,21,4.02419770834967
1996,7,22,0.00492307317472296
1996,7,23,0
1996,7,24,0.00623819316842855
1996,7,25,0
1996,7,26,2.6216478261631
1996,7,27,0.0131586233237613
1996,7,28,1.27904625842348
1996,7,29,0.717993616126478
1996,7,30,0
1996,7,31,0.000167078018620259
1996,8,1,0
1996,8,2,0
1996,8,3,0
1996,8,4,0
1996,8,5,1.90972449853888e-05
1996,8,6,0.0712652343281661
1996,8,7,4.15874517057091
1996,8,8,0.206391386745963
1996,8,9,10.7121250592172
1996,8,10,15.0283169467002
1996,8,11,3.07241783011705
1996,8,12,10.5315876659006
1996,8,13,0.307594891637564
1996,8,14,1.41387708135881
1996,8,15,0.184365611494286
1996,8,16,6.48621192667633
1996,8,17,0.00147677571931126
1996,8,18,1.3659619318787
1996,8,19,1.90183711820282
1996,8,20,1.49330279091373
1996,8,21,1.83569604414515
1996,8,22,6.30560349673033
1996,8,23,1.67003092356026
1996,8,24,0.909151928499341
1996,8,25,0.17422187156626
1996,8,26,0
1996,8,27,0.00288317568220009
1996,8,28,0
1996,8,29,1.11681296640029e-18
1996,8,30,0.38368203677237
1996,8,31,0
1996,9,1,0
1996,9,2,0
1996,9,3,0
1996,9,4,0
1996,9,5,0
1996,9,6,0.0436474609159632
1996,9,7,0.00292023091787996
1996,9,8,10.0639214739203
1996,9,9,4.3902526027523
1996,9,10,2.6218815241009
1996,9,11,0.0139302393108665
1996,9,12,8.14718285109848
1996,9,13,0.00668240907089057
1996,9,14,0.00660874306959158
1996,9,15,0.000136849248733029
1996,9,16,9.06114031806737e-05
1996,9,17,0
1996,9,18,0.00638418807739072
1996,9,19,0.150015403414727
1996,9,20,2.65763023635373
1996,9,21,0
1996,9,22,0.0019346811768628
1996,9,23,0.0644167561404174
1996,9,24,4.69434972619638
1996,9,25,2.11890918435529
1996,9,26,1.21133483480662
1996,9,27,1.29902837506961
1996,9,28,0
1996,9,29,0.0547218818610418
1996,9,30,0.0374087023374159
1996,10,1,0.00230764895832181
1996,10,2,0
1996,10,3,0
1996,10,4,0.625955722352955
1996,10,5,0.0374585124518489
1996,10,6,0.0150748577652848
1996,10,7,0
1996,10,8,2.78903165599331
1996,10,9,1.72715836088173
1996,10,10,12.6511522103101
1996,10,11,0.451176264323294
1996,10,12,0.768272305140272
1996,10,13,2.40554654155858
1996,10,14,2.4253148410935
1996,10,15,3.91887616133317
1996,10,16,0
1996,10,17,10.6249964330345
1996,10,18,2.99458431545645
1996,10,19,0.102595644057146
1996,10,20,0.797709287144244
1996,10,21,0.00303180180480922
1996,10,22,0.00629176900019957
1996,10,23,0.0126782088955224
1996,10,24,1.08899168553762
1996,10,25,4.2117768432945
1996,10,26,0.173841719515622
1996,10,27,0.0013242891839127
1996,10,28,4.73411577986553
1996,10,29,1.27411353467721e-05
1996,10,30,0.00708040745394101
1996,10,31,0
1996,11,1,0
1996,11,2,1.28602820041124
1996,11,3,0.00510392184196462
1996,11,4,0.0353153269315953
1996,11,5,0.00666772928070714
1996,11,6,1.25447648269272e-05
1996,11,7,1.90534148714505
1996,11,8,0.376655146828853
1996,11,9,4.02685058070347
1996,11,10,0.0155246860231273
1996,11,11,5.04458859795704
1996,11,12,6.51582225691527
1996,11,13,0.0256159637501696
1996,11,14,0
1996,11,15,0
1996,11,16,0
1996,11,17,0.00611476923495502
1996,11,18,0.0416141700043227
1996,11,19,0.0167726192103146
1996,11,20,0.0010134847457266
1996,11,21,0.0786371901995153
1996,11,22,1.70837608748116
1996,11,23,0.0227708298552898
1996,11,24,0.00565785953767772
1996,11,25,0
1996,11,26,0.156245360994944
1996,11,27,8.93138778934599e-05
1996,11,28,0.221142567170318
1996,11,29,0.079735438885109
1996,11,30,0.122064513197984
1996,12,1,0.367193877173122
1996,12,2,0.166272310889326
1996,12,3,0.0368129209164181
1996,12,4,0.0204978136480349
1996,12,5,3.61814919160679
1996,12,6,21.8417493626475
1996,12,7,8.13832590356469
1996,12,8,6.43647119868547
1996,12,9,4.79886849643663
1996,12,10,8.25526916887611
1996,12,11,7.98607806209475
1996,12,12,1.20387960341759
1996,12,13,11.0071420669556
1996,12,14,0.931047083577141
1996,12,15,0.34011269453913
1996,12,16,6.33182104211301
1996,12,17,0.883021843037568
1996,12,18,0.77465035719797
1996,12,19,0.770541233941913
1996,12,20,1.61787573597394
1996,12,21,0.402018523891456
1996,12,22,5.03179728984833
1996,12,23,3.76311829313636
1996,12,24,11.3805055618286
1996,12,25,0.00762012057293759
1996,12,26,0
1996,12,27,0.0168949872204394
1996,12,28,0.00272499529501147
1996,12,29,0.466203811811283
1996,12,30,7.29554167483002
1996,12,31,0.347671691270079
1997,1,1,0.00916030080588826
1997,1,2,0.163565159164136
1997,1,3,0
1997,1,4,1.22802545665763
1997,1,5,2.63498872518539
1997,1,6,2.39585129893385
1997,1,7,3.13117612386122
1997,1,8,0.782190298195928
1997,1,9,0.576761049160268
1997,1,10,0.123416262067622
1997,1,11,6.14440881181508
1997,1,12,1.77052040817216
1997,1,13,0.707164380582981
1997,1,14,1.48745138430968
1997,1,15,1.1884782492416
1997,1,16,0.705791817745194
1997,1,17,1.74589757225476
1997,1,18,19.0322456415743
1997,1,19,3.68362673325464
1997,1,20,0.332411624549422
1997,1,21,0.493345029826742
1997,1,22,0.00347299481973096
1997,1,23,0.234602554701269
1997,1,24,0.310915107547771
1997,1,25,0
1997,1,26,0.00469687413442443
1997,1,27,0.0129340812236478
1997,1,28,2.64005087083206
1997,1,29,0.0413490595747135
1997,1,30,0.560222323110793
1997,1,31,9.5258510671556
1997,2,1,3.43203825177625
1997,2,2,11.0408850945532
1997,2,3,2.48940465389751
1997,2,4,0.373864994617179
1997,2,5,0.901387090561911
1997,2,6,4.76367267547175
1997,2,7,0.0411194379921653
1997,2,8,6.6223960602656
1997,2,9,17.8666539955884
1997,2,10,4.14945288794115
1997,2,11,7.12167606689036
1997,2,12,6.39770783018321
1997,2,13,2.73963510990143
1997,2,14,0.604131996806245
1997,2,15,0.0366917156497948
1997,2,16,2.09519945201464
1997,2,17,2.36040700692683
1997,2,18,0.636477551597636
1997,2,19,0.0802028151156264
1997,2,20,0.69319837493822
1997,2,21,0.000189352418544786
1997,2,22,0.000259240750466461
1997,2,23,0.0618079428022611
1997,2,24,0
1997,2,25,0.00164028867288835
1997,2,26,1.18176709511317
1997,2,27,0.171520416915882
1997,2,28,0.0100598805829577
1997,3,1,0
1997,3,2,7.62352820871115e-05
1997,3,3,2.00190768961939e-06
1997,3,4,0
1997,3,5,0
1997,3,6,0.081748539560067
1997,3,7,0
1997,3,8,1.3481818861294e-05
1997,3,9,0.00157367065298786
1997,3,10,0.315199838223634
1997,3,11,0.245178152545122
1997,3,12,2.60377284139395
1997,3,13,1.46151185617782
1997,3,14,4.68235333682969
1997,3,15,7.66142243519425
1997,3,16,5.75673426501453
1997,3,17,0.00101748474605756
1997,3,18,1.82181309792213
1997,3,19,0.610500579932705
1997,3,20,5.87702631019056
1997,3,21,11.384735070169
1997,3,22,6.32151381578296
1997,3,23,6.86866748146713
1997,3,24,1.98944917065091
1997,3,25,4.79883643565699
1997,3,26,6.18703078944236
1997,3,27,5.42776174843311
1997,3,28,5.75607293285429
1997,3,29,6.93682304117829
1997,3,30,3.62106232205406
1997,3,31,3.63558271201327
1997,4,1,1.62146528600715
1997,4,2,8.01683817990124
1997,4,3,4.68850303441286
1997,4,4,2.79865397606045
1997,4,5,0.000966845470884437
1997,4,6,0.0264831813183264
1997,4,7,0.000138610016264806
1997,4,8,5.58173144236207
1997,4,9,1.11514149466529
1997,4,10,2.9321723501198
1997,4,11,0.644512705912348
1997,4,12,3.56211857870221
1997,4,13,6.93639242090285
1997,4,14,3.84998037479818
1997,4,15,0.0659566263493616
1997,4,16,2.81486415769905
1997,4,17,2.197461866308
1997,4,18,1.39616318629123
1997,4,19,0.0135631291414029
1997,4,20,0.070859533843759
1997,4,21,0.00698776000263024
1997,4,22,1.20159330836032
1997,4,23,4.24070823937654
1997,4,24,0
1997,4,25,6.58811177127063
1997,4,26,0.00783280809173448
1997,4,27,3.04581115487963
1997,4,28,0.666354858549312
1997,4,29,0.385844253469259
1997,4,30,8.49780770950019
1997,5,1,4.23524847719818
1997,5,2,5.21864657057449
1997,5,3,7.69671129528433
1997,5,4,9.02867952827364
1997,5,5,4.921506321989
1997,5,6,2.78343233512715
1997,5,7,14.600515505299
1997,5,8,3.58944725012407
1997,5,9,3.36085200542584
1997,5,10,0.276279544777935
1997,5,11,10.2688439190388
1997,5,12,5.4568050429225
1997,5,13,6.73445225693285
1997,5,14,0.478639308130369
1997,5,15,1.71749439323321
1997,5,16,1.69931765994988
1997,5,17,7.0954057155177
1997,5,18,4.45042880019173
1997,5,19,1.96175447199494
1997,5,20,2.9068584786728
1997,5,21,4.27286645863205
1997,5,22,5.11778744403273
1997,5,23,0.301129674335243
1997,5,24,1.24356589803938
1997,5,25,18.7900849152356
1997,5,26,7.05226887948811
1997,5,27,22.869917191565
1997,5,28,37.9531913436949
1997,5,29,0.000875999842264719
1997,5,30,2.38601571181789
1997,5,31,5.84463046398014
1997,6,1,0.00864534724769328
1997,6,2,13.0725653842092
1997,6,3,22.196801751852
1997,6,4,14.4512882921845
1997,6,5,0.514067451877054
1997,6,6,0.0023631820852188
1997,6,7,4.83927356544882
1997,6,8,0.293752335710451
1997,6,9,5.27447413187474
1997,6,10,0.102069263812155
1997,6,11,0.232318833150202
1997,6,12,0.877371916431002
1997,6,13,0.593061008839868
1997,6,14,0.000631019716479386
1997,6,15,0.00626757239388098
1997,6,16,2.11268845014274
1997,6,17,3.92910355003551
1997,6,18,4.53428534092382
1997,6,19,0.451660751423333
1997,6,20,0.0121343138289376
1997,6,21,0.115206728150952
1997,6,22,1.71384056448005
1997,6,23,1.19125527853612
1997,6,24,0.425497347896453
1997,6,25,4.31665647226964e-05
1997,6,26,7.95251671224833
1997,6,27,0.41477521735942
1997,6,28,1.06552900979295
1997,6,29,2.45142881758511
1997,6,30,1.15004436811432
1997,7,1,4.27105942508206
1997,7,2,4.02211595792323
1997,7,3,3.13287754543126
1997,7,4,0.031053487691679
1997,7,5,0.0861775093653705
1997,7,6,2.57485716138035
1997,7,7,1.65423155995086
1997,7,8,0
1997,7,9,1.70123769203201
1997,7,10,0.331416011613328
1997,7,11,3.30709487898275
1997,7,12,0.419639694155194
1997,7,13,0.0293578712444287
1997,7,14,10.8761832118034
1997,7,15,3.78127726726234
1997,7,16,2.92763857869431
1997,7,17,10.3419255232438
1997,7,18,3.89338375534862
1997,7,19,0.197449042025255
1997,7,20,8.95291424822062
1997,7,21,1.89441583352163
1997,7,22,15.9193715080619
1997,7,23,0.450758963415865
1997,7,24,0.526121440634597
1997,7,25,5.61236394569278
1997,7,26,12.3505641706288
1997,7,27,2.32490739435889
1997,7,28,11.5771211218089
1997,7,29,0.457600050140172
1997,7,30,1.57039246405475
1997,7,31,0.695768109289929
1997,8,1,3.55396319646388
1997,8,2,0.119796684521134
1997,8,3,0.490410918428097
1997,8,4,0.00017421831657316
1997,8,5,1.90254874178208
1997,8,6,0.410502646991517
1997,8,7,7.03990599140525
1997,8,8,2.87793211173266
1997,8,9,0.013053694010523
1997,8,10,0.551022529543843
1997,8,11,0.858765820157714
1997,8,12,1.28907122416422
1997,8,13,0.56895334564615
1997,8,14,1.00028744491283
1997,8,15,0.00808697927823232
1997,8,16,0.133674856988364
1997,8,17,0.00101216737391496
1997,8,18,3.65279715042561
1997,8,19,5.92600072268397
1997,8,20,5.64346855971962
1997,8,21,0.231982725381386
1997,8,22,0
1997,8,23,0.00249209421099295
1997,8,24,1.88970619929023
1997,8,25,3.43466755002737
1997,8,26,0.499447814945597
1997,8,27,0.0355166890585679
1997,8,28,6.04207080323249
1997,8,29,0.244798354106024
1997,8,30,4.09608206246048
1997,8,31,0
1997,9,1,3.21542148012668
1997,9,2,0.00346800251236346
1997,9,3,0.000292124436640506
1997,9,4,0
1997,9,5,0
1997,9,6,0.0474446251246263
1997,9,7,1.65167911327444
1997,9,8,2.37418355536647
1997,9,9,1.06984322774224
1997,9,10,4.36777642462403
1997,9,11,1.63445587386377
1997,9,12,0.150828454570728
1997,9,13,0.11135132117488
1997,9,14,0.172602409293177
1997,9,15,1.12916462821886
1997,9,16,0.000341356997068942
1997,9,17,7.92052571196109
1997,9,18,0
1997,9,19,2.79463852057233
1997,9,20,0.208103809563909
1997,9,21,0.0084015198126508
1997,9,22,0.514198052405845
1997,9,23,0.644772571104113
1997,9,24,0
1997,9,25,0.00775270586927945
1997,9,26,5.705033428967
1997,9,27,0.00295102090603905
1997,9,28,2.42046234779991
1997,9,29,0.0150658394431957
1997,9,30,0.102080009673955
1997,10,1,0.043275029383949
1997,10,2,0
1997,10,3,0.000978868263246113
1997,10,4,2.78799659572542
1997,10,5,0.555245437135454
1997,10,6,0.0855844242323656
1997,10,7,0.0028907473279105
1997,10,8,1.66205926216207
1997,10,9,0.132741243942291
1997,10,10,0.0306121461107978
1997,10,11,1.58895455533639
1997,10,12,5.12299983529374
1997,10,13,4.78773586219177
1997,10,14,0.0262959341853275
1997,10,15,0.919876259285957
1997,10,16,14.3454072531313
1997,10,17,3.08899388182908
1997,10,18,4.47532651014626
1997,10,19,12.6186061184853
1997,10,20,1.3497346197255
1997,10,21,0
1997,10,22,0
1997,10,23,0.00826961288566963
1997,10,24,0.752653676318005
1997,10,25,0.00601928245487215
1997,10,26,0.0268054221123748
1997,10,27,7.70653446670622
1997,10,28,2.15739107807167
1997,10,29,0
1997,10,30,0.00246228954665639
1997,10,31,0
1997,11,1,0
1997,11,2,0
1997,11,3,8.16325457231315e-07
1997,11,4,0.353036724845879
1997,11,5,2.85474116681144
1997,11,6,4.06055180355906
1997,11,7,3.03317166399211
1997,11,8,4.35009804787114
1997,11,9,0.00300739432077535
1997,11,10,6.00484886672348
1997,11,11,5.25481364456937
1997,11,12,1.30361385236029
1997,11,13,0.252833508420736
1997,11,14,0
1997,11,15,0.49807419127319
1997,11,16,0.440194229304325
1997,11,17,0.166709394397913
1997,11,18,0.111363255564356
1997,11,19,0.255587867286522
1997,11,20,0.180802935938118
1997,11,21,0.090762564286706
1997,11,22,3.28209375729784
1997,11,23,0.57939667312894
1997,11,24,2.03201582771726
1997,11,25,4.09208358032629
1997,11,26,0.451880344189703
1997,11,27,0.318308574787807
1997,11,28,0.292712835653219
1997,11,29,0.158651117817499
1997,11,30,0.00761627013616817
1997,12,1,0
1997,12,2,0
1997,12,3,0.0254823894465517
1997,12,4,0.238116667605937
1997,12,5,2.68167047761381
1997,12,6,2.30630114092492
1997,12,7,2.74447817355394
1997,12,8,0.808392913313583
1997,12,9,2.38088142941706
1997,12,10,0.039814815227146
1997,12,11,0.00431674848186958
1997,12,12,0.107363614370115
1997,12,13,1.10445708269253
1997,12,14,1.6131016658619
1997,12,15,6.8869641283527
1997,12,16,2.37490806612186
1997,12,17,18.1846755556762
1997,12,18,4.68730515567586
1997,12,19,1.19071983208414
1997,12,20,6.7675823578611
1997,12,21,3.71242202818394
1997,12,22,0.387047868571244
1997,12,23,10.1779604097828
1997,12,24,5.11076833354309
1997,12,25,5.26964175514877
1997,12,26,5.25042571825907
1997,12,27,5.15502352500334
1997,12,28,0
1997,12,29,4.70228476915509
1997,12,30,0.972013294813223
1997,12,31,0.0448393871920416
1998,1,1,7.10176317952573
1998,1,2,10.5428975773975
1998,1,3,13.157537765801
1998,1,4,1.57660596887581
1998,1,5,10.7561237644404
1998,1,6,7.09186268504709
1998,1,7,0.222932509495877
1998,1,8,2.82041444443166
1998,1,9,0.00486869864744222
1998,1,10,3.05753879947588
1998,1,11,0.976025685667992
1998,1,12,0.0412538644013694
1998,1,13,5.52374795079231
1998,1,14,0.0774003159676795
1998,1,15,0.415646359033417
1998,1,16,0.113391659760964
1998,1,17,0.593467347789556
1998,1,18,0.214107937063091
1998,1,19,0.087578734382987
1998,1,20,0.58339857350802
1998,1,21,2.69626567605883
1998,1,22,2.08992733969353
1998,1,23,0.00600850466980773
1998,1,24,1.73710223170929
1998,1,25,13.8981706928462
1998,1,26,3.11958835227415
1998,1,27,19.9019527528435
1998,1,28,3.69960557436571
1998,1,29,5.01955730142072
1998,1,30,0.142635520751355
1998,1,31,0.164925561693963
1998,2,1,0.510207664046902
1998,2,2,3.03041758015752
1998,2,3,0.905763465561904
1998,2,4,9.27994928788394
1998,2,5,1.69505734811537
1998,2,6,0.11559260674403
1998,2,7,1.9266655202955
1998,2,8,5.125809868332
1998,2,9,7.0815296843648
1998,2,10,1.65592308039777
1998,2,11,1.33280872832984
1998,2,12,0.445535295875743
1998,2,13,3.98450866341591
1998,2,14,3.91683244379237
1998,2,15,5.94389629550278
1998,2,16,2.28957610088401
1998,2,17,4.08358715940267
1998,2,18,3.11421565711498
1998,2,19,1.01843793236185
1998,2,20,0.066112362765125
1998,2,21,2.33751073828898
1998,2,22,0.577121222158894
1998,2,23,3.94163617165759
1998,2,24,0.898795746616088
1998,2,25,0.0761447101467638
1998,2,26,0.36828531883657
1998,2,27,0.144139902113238
1998,2,28,0.94027218001429
1998,3,1,0.804917933419347
1998,3,2,0.0707634939317359
1998,3,3,0.231954004266299
1998,3,4,0.551463522424456
1998,3,5,8.71445559896529
1998,3,6,6.08684965409338
1998,3,7,10.8526367694139
1998,3,8,3.57350172707811
1998,3,9,0.0338801871293981
1998,3,10,0
1998,3,11,3.34599812049419
1998,3,12,2.28355653234757
1998,3,13,5.46151986345649
1998,3,14,0.0527223559402046
1998,3,15,1.13245007232763
1998,3,16,0.163091840295237
1998,3,17,3.32783160265535
1998,3,18,2.99994129454717
1998,3,19,0.0102293157624445
1998,3,20,1.68419927358627
1998,3,21,0.489520328119397
1998,3,22,2.31239048880525
1998,3,23,2.60222512297332
1998,3,24,0.730657624080777
1998,3,25,1.95279694162309
1998,3,26,0.0711995067831594
1998,3,27,0.00219847952962482
1998,3,28,0.0224980529310415
1998,3,29,1.45694460952654
1998,3,30,6.10048617236316
1998,3,31,2.28799946489744
1998,4,1,5.22471863077953
1998,4,2,0.515133747830987
1998,4,3,8.76424661837518
1998,4,4,4.81619106139988
1998,4,5,6.98184140492231
1998,4,6,6.67531394865364
1998,4,7,0.394363305531442
1998,4,8,7.72514794953167
1998,4,9,0.276067338563735
1998,4,10,11.3833118230104
1998,4,11,7.8783550998196
1998,4,12,1.69396398123354
1998,4,13,0.0871284395543626
1998,4,14,11.7646502796561
1998,4,15,1.20903384522535
1998,4,16,1.99359302641824
1998,4,17,1.37090683565475
1998,4,18,0
1998,4,19,10.3431306313723
1998,4,20,1.79376557352953
1998,4,21,0.374328972247895
1998,4,22,12.7145068254322
1998,4,23,4.7009319299832
1998,4,24,2.62760641635396
1998,4,25,4.81054459232837
1998,4,26,6.72806838992983
1998,4,27,18.7559018377215
1998,4,28,4.65563287725672
1998,4,29,3.61141768516973
1998,4,30,0.0356324575477629
1998,5,1,1.01782359124627
1998,5,2,0.242346274171723
1998,5,3,0.451963364321273
1998,5,4,1.81209836737253
1998,5,5,9.9630136275664
1998,5,6,6.25968617387116
1998,5,7,0.000997728466245462
1998,5,8,5.77074482571334
1998,5,9,8.47955129574984
1998,5,10,5.52779012359679
1998,5,11,2.77644119923934
1998,5,12,0.724726929911412
1998,5,13,2.53607634804212
1998,5,14,2.46084887185134
1998,5,15,0.0437419783338555
1998,5,16,3.77734133508056
1998,5,17,12.0985400397331
1998,5,18,2.49876970192418
1998,5,19,9.41621954552829
1998,5,20,14.713246235624
1998,5,21,8.15281989052892
1998,5,22,1.42827677191235
1998,5,23,6.63937130011618
1998,5,24,3.13469306565821
1998,5,25,0.712980190292001
1998,5,26,10.8378435485065
1998,5,27,7.07413118798286
1998,5,28,0.71655347419437
1998,5,29,0.367558489961084
1998,5,30,21.5369934216142
1998,5,31,0.0489216114146984
1998,6,1,0.558413835824467
1998,6,2,1.03885349817574
1998,6,3,0.035263515474071
1998,6,4,0.0206401189643657
1998,6,5,0.144080053360085
1998,6,6,0.00236369807566916
1998,6,7,1.33696248522028
1998,6,8,0.476916827028617
1998,6,9,2.74651183281094
1998,6,10,1.86480063130148
1998,6,11,0.49352513597114
1998,6,12,8.34757152479142
1998,6,13,7.03728517983109
1998,6,14,3.83965868968517
1998,6,15,4.4586586765945
1998,6,16,0.532747845863923
1998,6,17,0.00634861266917142
1998,6,18,1.16593834245577
1998,6,19,33.6469206959009
1998,6,20,5.57761257514358
1998,6,21,0
1998,6,22,0.00471536844770526
1998,6,23,0
1998,6,24,4.47827924508601
1998,6,25,16.9403665233403
1998,6,26,7.45106160175055
1998,6,27,3.29805782530457
1998,6,28,11.3560978788882
1998,6,29,5.26911683846265
1998,6,30,0
1998,7,1,0.000803895778744845
1998,7,2,9.722835640423
1998,7,3,0.00230021452125584
1998,7,4,0.193354574003024
1998,7,5,0.47793349949643
1998,7,6,8.66472870111465
1998,7,7,1.61360898055136
1998,7,8,1.76512932521291
1998,7,9,6.4839236671105
1998,7,10,7.52426453400403
1998,7,11,6.08462048694491
1998,7,12,3.59981105430052
1998,7,13,0.749190247734077
1998,7,14,0.000770753138112923
1998,7,15,0
1998,7,16,9.02486555278301
1998,7,17,8.46894232090563
1998,7,18,3.77545729279518
1998,7,19,0.00509579460867826
1998,7,20,0
1998,7,21,3.95426591858268
1998,7,22,3.3270844607614
1998,7,23,10.384487779811
1998,7,24,9.30004196707159
1998,7,25,5.34730993676931
1998,7,26,1.56695991754532
1998,7,27,0.57559605629649
1998,7,28,2.17932913801633
1998,7,29,8.27048546634614
1998,7,30,9.63985479902476
1998,7,31,3.09958336874843
1998,8,1,22.0123780891299
1998,8,2,3.48045914433897
1998,8,3,1.29703589191195
1998,8,4,0.0397834788600449
1998,8,5,2.58950846618973
1998,8,6,12.0695721823722
1998,8,7,12.8335717599839
1998,8,8,7.8010942786932
1998,8,9,8.25839038006961
1998,8,10,14.8000970017165
1998,8,11,6.25913611147553
1998,8,12,2.19744835048914
1998,8,13,0.0290732360554102
1998,8,14,0
1998,8,15,0
1998,8,16,0
1998,8,17,0.00587014862958313
1998,8,18,11.5395836066455
1998,8,19,0.613422236347105
1998,8,20,2.69659948535264
1998,8,21,0.0505960651935311
1998,8,22,0.0410327098506968
1998,8,23,0
1998,8,24,0.00102586644459279
1998,8,25,0.00365219391369465
1998,8,26,0
1998,8,27,0.00641655090021231
1998,8,28,0
1998,8,29,0.00221524354060421
1998,8,30,9.83365215361118
1998,8,31,2.2232755087316
1998,9,1,4.74004765274003
1998,9,2,0.0254560944995319
1998,9,3,0.00915070233986626
1998,9,4,0.00218922899648533
1998,9,5,0
1998,9,6,13.6117874644697
1998,9,7,12.5821989029646
1998,9,8,8.51581643801183
1998,9,9,3.21640184847638
1998,9,10,3.85686118388548
1998,9,11,0.598125158285256
1998,9,12,0.00950481360177946
1998,9,13,0.0288745039142668
1998,9,14,3.83086774963886
1998,9,15,0.39040639239829
1998,9,16,3.15002943389118
1998,9,17,0.705151387955993
1998,9,18,0.141582141441177
1998,9,19,3.03719403455034
1998,9,20,3.95419865380973
1998,9,21,0.00180004818730595
1998,9,22,3.58338933438063
1998,9,23,6.11260011792183
1998,9,24,1.44125352962874
1998,9,25,6.36405972763896
1998,9,26,1.18302909540944
1998,9,27,0.187420972360997
1998,9,28,1.0457029537065
1998,9,29,1.8510113528464
1998,9,30,0.040821977017913
1998,10,1,0.095327541930601
1998,10,2,7.51827796921134
1998,10,3,0.00752083431052597
1998,10,4,0.913919397862628
1998,10,5,0.500057480530813
1998,10,6,8.14819622319192
1998,10,7,5.13405577512458
1998,10,8,0.895409876829945
1998,10,9,1.49149844475005e-05
1998,10,10,0.00013093517630125
1998,10,11,3.82018760625158e-05
1998,10,12,0
1998,10,13,4.26693896216079e-05
1998,10,14,0.00105970103732034
1998,10,15,0
1998,10,16,0.0131091042021581
1998,10,17,0.0768553416492068
1998,10,18,9.95323571842164
1998,10,19,0.140246462251525
1998,10,20,2.7766115614213
1998,10,21,0.088145534391515
1998,10,22,0.00819746446723002
1998,10,23,0.000308972054341439
1998,10,24,0.000360587617365127
1998,10,25,0.072268430267286
1998,10,26,0.311367337417323
1998,10,27,4.60084791993722
1998,10,28,6.20239858981222
1998,10,29,0.552653582417406
1998,10,30,0.267407352657756
1998,10,31,0.0127472589156241
1998,11,1,0
1998,11,2,0.201231860410189
1998,11,3,0.370351117453538
1998,11,4,0.000608496318932339
1998,11,5,0
1998,11,6,0.000309777637141906
1998,11,7,0.00910675812519912
1998,11,8,0.00696824383794592
1998,11,9,0.0306756439385936
1998,11,10,0.197641779959667
1998,11,11,0.283895905158715
1998,11,12,0.212022316554794
1998,11,13,0.282680070813512
1998,11,14,2.26818213122897
1998,11,15,1.0095998441102
1998,11,16,2.94494134141132
1998,11,17,0.0350089888343064
1998,11,18,1.60646634176373
1998,11,19,0.084920430163038
1998,11,20,0.135752963251434
1998,11,21,0.135934837453533
1998,11,22,0
1998,11,23,0.0411835546401562
1998,11,24,0.00943700122206792
1998,11,25,0.0202988936507609
1998,11,26,0.00173039607602732
1998,11,27,0
1998,11,28,0.00196901111735315
1998,11,29,0.0607926454904373
1998,11,30,0.0309035441205197
1998,12,1,0.0343597015671548
1998,12,2,0.40147184045054
1998,12,3,0.17272552504437
1998,12,4,0.83579906495288
1998,12,5,3.66514746565372
1998,12,6,0.914117341744713
1998,12,7,0.152808738130261
1998,12,8,1.84423238388263
1998,12,9,9.63749235961586
1998,12,10,5.51732762251049
1998,12,11,0.00709176047166693
1998,12,12,1.78924175475714e-05
1998,12,13,4.62948668282479
1998,12,14,2.73121129721403
1998,12,15,1.57407159567811
1998,12,16,2.24633412435651
1998,12,17,0.324796835775487
1998,12,18,4.04823292046785
1998,12,19,2.92235452216119
1998,12,20,6.63226449396461
1998,12,21,0.0142383552883985
1998,12,22,2.48874567914754
1998,12,23,0.882033302332275
1998,12,24,3.36262760683894
1998,12,25,0
1998,12,26,4.22927982872352
1998,12,27,3.49865552270785
1998,12,28,0.0883004751813132
1998,12,29,0.000299653933666377
1998,12,30,0.0504203202581266
1998,12,31,0.132054766072542
1999,1,1,2.18980154022574
1999,1,2,4.40575178945437
1999,1,3,0.000157915015464027
1999,1,4,0.001905926450263
1999,1,5,1.51960315997712
1999,1,6,2.24622144014575
1999,1,7,0.174024831358111
1999,1,8,1.78383930469863
1999,1,9,5.16691524535418
1999,1,10,0.666613309294917
1999,1,11,0.160355103071197
1999,1,12,5.62757709994912
1999,1,13,4.1923068347387
1999,1,14,10.0999345304444
1999,1,15,1.22456980752759
1999,1,16,0.28160271467641
1999,1,17,0.963199330726638
1999,1,18,1.78114729933441
1999,1,19,0.0274354817520361
1999,1,20,0
1999,1,21,0.0121766833672154
1999,1,22,0
1999,1,23,0.0176995369656652
1999,1,24,0.0193739084807021
1999,1,25,0.00274536110964618
1999,1,26,0.0836999890452716
1999,1,27,0.00533805964550993
1999,1,28,1.52175453258678
1999,1,29,1.5942731872201
1999,1,30,0.00194325272673268
1999,1,31,0.230563800141681
1999,2,1,1.0385205532657
1999,2,2,3.20799155160785
1999,2,3,3.86388563783839
1999,2,4,0.0166723641996214
1999,2,5,4.92920656688511
1999,2,6,0.153746466821758
1999,2,7,0.0657554361168877
1999,2,8,2.03113604220562
1999,2,9,0.833636376773939
1999,2,10,3.55561998439953
1999,2,11,0.620682824228425
1999,2,12,0.000335116459382334
1999,2,13,0.350000026810449
1999,2,14,0.992899714037776
1999,2,15,3.69139015674591
1999,2,16,6.83070437517017
1999,2,17,4.06387543771416
1999,2,18,1.13517633872107
1999,2,19,5.90001074597239
1999,2,20,9.05671447981149
1999,2,21,2.19161768909544
1999,2,22,9.46791095193475
1999,2,23,5.19993816269562
1999,2,24,1.82961738319136
1999,2,25,1.89741005888209
1999,2,26,0.00593116258187365
1999,2,27,0
1999,2,28,0
1999,3,1,0
1999,3,2,0.141363580041798
1999,3,3,0.244271335395752
1999,3,4,0.156957279250491
1999,3,5,0.0983250283752568
1999,3,6,0.168603887868812
1999,3,7,1.35079781175591
1999,3,8,4.66312755597755
1999,3,9,1.09307770617306
1999,3,10,0.34017532307189
1999,3,11,0.44810495164711
1999,3,12,0.688458723016083
1999,3,13,0.00186680878755396
1999,3,14,5.8438163716346
1999,3,15,1.21352337591816
1999,3,16,11.3205770496279
1999,3,17,3.40871780645102
1999,3,18,0.644941911741626
1999,3,19,0.0862633583892602
1999,3,20,0.00194354080349513
1999,3,21,0.000897235642582928
1999,3,22,0
1999,3,23,0.00118802173858512
1999,3,24,4.14926178054884
1999,3,25,1.96408327901736
1999,3,26,4.20210486045107
1999,3,27,0.345682979968842
1999,3,28,0.00538723866156943
1999,3,29,5.76766699086875
1999,3,30,5.38137482944876
1999,3,31,3.654745942913
1999,4,1,0.00739168813197466
1999,4,2,0.239242822135566
1999,4,3,6.4353893045336
1999,4,4,6.53713827487081
1999,4,5,14.2815384082496
1999,4,6,5.62894628383219
1999,4,7,0.767582291155122
1999,4,8,5.99978577811271
1999,4,9,15.3901020996273
1999,4,10,5.93572645448148
1999,4,11,4.18166265590116
1999,4,12,0.876145513029769
1999,4,13,2.03337809653021
1999,4,14,1.24242491147015
1999,4,15,0.025700906644488
1999,4,16,0.00376185922732475
1999,4,17,3.17741436883807
1999,4,18,0.606743103708141
1999,4,19,0
1999,4,20,6.71128111425787
1999,4,21,15.538074541837
1999,4,22,11.0016615595669
1999,4,23,1.2048988690367
1999,4,24,5.1713808090426
1999,4,25,3.289111610502
1999,4,26,0.821844374877401
1999,4,27,6.12082653678954
1999,4,28,7.46428195852786
1999,4,29,1.21673770481721
1999,4,30,0.198810682195472
1999,5,1,0.765204607159831
1999,5,2,0.172739807021571
1999,5,3,0.0106942946786148
1999,5,4,0
1999,5,5,5.36191555156051e-05
1999,5,6,0.11233861441724
1999,5,7,0.55698072683299
1999,5,8,0.486955858650617
1999,5,9,8.02193898707628
1999,5,10,11.9767757132649
1999,5,11,8.402404258959
1999,5,12,6.10991329886019
1999,5,13,4.56515295663849
1999,5,14,10.6164544355124
1999,5,15,2.42648788844235
1999,5,16,3.97332825232297
1999,5,17,4.38744131242856
1999,5,18,1.35539570474066
1999,5,19,8.94172315020114
1999,5,20,0
1999,5,21,2.96765703242272
1999,5,22,1.17879927274771
1999,5,23,0.00183761711127772
1999,5,24,0.00519462842021312
1999,5,25,3.68585747200996
1999,5,26,0.400307358358987
1999,5,27,0
1999,5,28,0.000265286352885141
1999,5,29,0
1999,5,30,1.24915852661722e-06
1999,5,31,0.000849940406055794
1999,6,1,5.34339474979788
1999,6,2,10.0935808382928
1999,6,3,0.102547651113127
1999,6,4,5.36997565068305
1999,6,5,7.60081498883665
1999,6,6,0.585496982967015
1999,6,7,0.0383985690859845
1999,6,8,0
1999,6,9,13.1667448673397
1999,6,10,0.974958800361492
1999,6,11,0
1999,6,12,5.09498751489446
1999,6,13,2.38340291543864
1999,6,14,0.0100302557939358
1999,6,15,0.504035767517053
1999,6,16,3.24905292363837
1999,6,17,0.0234390328841982
1999,6,18,7.94542931448206e-07
1999,6,19,1.01710206654388
1999,6,20,5.89266694150865
1999,6,21,0.0141824453748995
1999,6,22,0.941683247219771
1999,6,23,0.950199156068265
1999,6,24,2.4552563088946
1999,6,25,1.95678080781363
1999,6,26,0.907058076700196
1999,6,27,8.32861354574561
1999,6,28,0.73062886367552
1999,6,29,0.0576513521082234
1999,6,30,0
1999,7,1,0
1999,7,2,5.46068327274968e-09
1999,7,3,0
1999,7,4,5.52034196443856
1999,7,5,6.65569212287664
1999,7,6,1.19116671849042
1999,7,7,11.3082116469741
1999,7,8,66.4630522951484
1999,7,9,3.3746617147699
1999,7,10,11.4341702777892
1999,7,11,5.63131249509752
1999,7,12,0.986884074518457
1999,7,13,0.102764287294121
1999,7,14,0.281215038558003
1999,7,15,5.01141009153798
1999,7,16,6.28006488550454
1999,7,17,0.660186851746403
1999,7,18,6.80276057682931
1999,7,19,1.64035112829879
1999,7,20,10.3199311997741
1999,7,21,0.39786052366253
1999,7,22,2.70429910160601
1999,7,23,9.14604901336133
1999,7,24,0
1999,7,25,0
1999,7,26,0.00865175829858345
1999,7,27,1.75119844498113
1999,7,28,2.7135030599311
1999,7,29,1.90369915799238
1999,7,30,0
1999,7,31,0.529836483474355
1999,8,1,0.301363313337788
1999,8,2,0.00074152209492695
1999,8,3,0
1999,8,4,0.421554382774048
1999,8,5,3.49706788547337
1999,8,6,0.00128582717593417
1999,8,7,0
1999,8,8,2.13126704329625
1999,8,9,0.0214022697036853
1999,8,10,0.765086972387508
1999,8,11,0.00179801799049528
1999,8,12,0.0165495148849004
1999,8,13,0.854906975291669
1999,8,14,0
1999,8,15,1.91160355461761
1999,8,16,3.26350353425369
1999,8,17,0.254774207132868
1999,8,18,0
1999,8,19,1.78203289979137
1999,8,20,0
1999,8,21,0.00534756909473799
1999,8,22,0.00281753991657752
1999,8,23,1.07574877620209
1999,8,24,3.44328718492761
1999,8,25,0.00591576144870487
1999,8,26,0
1999,8,27,3.98605103837326
1999,8,28,1.15185265894979
1999,8,29,0.235160730517237
1999,8,30,2.83060348592699
1999,8,31,3.37249509757385
1999,9,1,0.682212293031625
1999,9,2,0.217032363434555
1999,9,3,9.16853870730847
1999,9,4,6.13362004514784
1999,9,5,3.08693287661299
1999,9,6,3.23156313970685
1999,9,7,0.762305306852795
1999,9,8,2.65661277808249
1999,9,9,2.08492020028643
1999,9,10,10.7714186422527
1999,9,11,18.414164101705
1999,9,12,0.322703592973994
1999,9,13,2.5385613727849
1999,9,14,0.242620087374235
1999,9,15,0.110526217758888
1999,9,16,0
1999,9,17,0.00517986268278037
1999,9,18,2.35649386304431
1999,9,19,0.640537012077402
1999,9,20,0.00406014283953482
1999,9,21,0.000968732857131727
1999,9,22,5.0002463394776
1999,9,23,0
1999,9,24,5.79170566052198
1999,9,25,5.30387386679649
1999,9,26,5.53601465653628
1999,9,27,0.447498547146097
1999,9,28,0
1999,9,29,1.82935131015256
1999,9,30,2.9116157325916
1999,10,1,7.84023734740913
1999,10,2,0.0761697183406795
1999,10,3,0.0728701445041224
1999,10,4,4.96252903249115
1999,10,5,1.54475594172254
1999,10,6,4.45618779631332
1999,10,7,0.0104377863408445
1999,10,8,8.29398601781577
1999,10,9,0
1999,10,10,23.0238818563521
1999,10,11,2.58885059156455
1999,10,12,1.19230401178356
1999,10,13,1.2618873763131
1999,10,14,4.55686210189015
1999,10,15,7.12650844361633
1999,10,16,3.6971915862523
1999,10,17,0.417906251095701
1999,10,18,5.23283755173907
1999,10,19,0.808632661937736
1999,10,20,0
1999,10,21,0
1999,10,22,0.188790431275265
1999,10,23,0.861205504043028
1999,10,24,6.43414459191263
1999,10,25,0.000883851200228492
1999,10,26,0.185943622636842
1999,10,27,0
1999,10,28,0.0485723758174572
1999,10,29,3.44165177084506
1999,10,30,0.718429265543818
1999,10,31,0.0529742403159617
1999,11,1,0
1999,11,2,4.9050404987705e-07
1999,11,3,0.136889480563696
1999,11,4,0.00493198406275042
1999,11,5,0
1999,11,6,1.82580812252127
1999,11,7,0
1999,11,8,1.29821758309845
1999,11,9,0.45195200946182
1999,11,10,5.25942348176613
1999,11,11,0.471775786718354
1999,11,12,0.89991583081428
1999,11,13,1.49938868125901
1999,11,14,0.109686979703838
1999,11,15,0.271121059631696
1999,11,16,0.00787979054166499
1999,11,17,0.019554405071176
1999,11,18,13.5742688085884
1999,11,19,2.0007980579976
1999,11,20,1.87468808144331
1999,11,21,9.53163332305849
1999,11,22,3.53530350839719
1999,11,23,0.0296587946650106
1999,11,24,0.0136030123485398
1999,11,25,0.0016294571707931
1999,11,26,0.120966097529163
1999,11,27,0.0404061666813504
1999,11,28,0.100494759317371
1999,11,29,0.085915571617079
1999,11,30,0.0504243622344802
1999,12,1,0.0747363637856324
1999,12,2,0.000608997767415076
1999,12,3,0.000158066689337488
1999,12,4,0.0105122878721886
1999,12,5,0.108573555189651
1999,12,6,0.242804613662884
1999,12,7,0.114334731915733
1999,12,8,0.118089163152035
1999,12,9,0.0681152872857638
1999,12,10,4.55226800255559e-05
1999,12,11,0.000107269150362299
1999,12,12,0
1999,12,13,2.88127680541947
1999,12,14,6.3217401271686
1999,12,15,0.00754469879211683
1999,12,16,0.795877265045419
1999,12,17,1.16255962348077
1999,12,18,0.297348977619549
1999,12,19,0.0526016025105491
1999,12,20,0.15073957038112
1999,12,21,1.82780972099863
1999,12,22,0.170534272911027
1999,12,23,0.0820398123323685
1999,12,24,0.169479901524028
1999,12,25,0.0585207551921485
1999,12,26,0.00884963649241399
1999,12,27,5.85488921345245e-05
1999,12,28,0.00019058673998984
1999,12,29,0.00061280680370146
1999,12,30,0.000562045974561443
1999,12,31,0.0494510464704945
2000,1,1,0.141265619822661
2000,1,2,0.26683430551202
2000,1,3,0.22020504475222
2000,1,4,0.895701645640656
2000,1,5,0.00629503438176471
2000,1,6,0.000348301688291031
2000,1,7,0.357212759263348
2000,1,8,0.779462224454619
2000,1,9,6.08112963382155
2000,1,10,17.1280012931675
2000,1,11,5.16063824761659
2000,1,12,10.9182356391102
2000,1,13,10.7569259125739
2000,1,14,1.05304754397366
2000,1,15,10.3436310309917
2000,1,16,3.9940222282894
2000,1,17,1.39189721667208
2000,1,18,9.31175923906267
2000,1,19,0.146195161141804
2000,1,20,11.5083777811378
2000,1,21,2.00815836433321
2000,1,22,2.53986077732407
2000,1,23,0.00781368851221487
2000,1,24,0
2000,1,25,0.00205037814566822
2000,1,26,0.698915094835684
2000,1,27,0.291182247747201
2000,1,28,2.83920740475878
2000,1,29,4.10128470975906
2000,1,30,8.64385524764657
2000,1,31,17.3267366364598
2000,2,1,2.8135999571532
2000,2,2,4.1190363233909
2000,2,3,1.95496638771147
2000,2,4,2.59867502027191
2000,2,5,6.73553100787103
2000,2,6,5.24921306641772
2000,2,7,5.45887327753007
2000,2,8,6.05366863310337
2000,2,9,5.1008835551329
2000,2,10,2.46084274258465
2000,2,11,5.19442999502644
2000,2,12,4.08353906823322
2000,2,13,0.44291475933278
2000,2,14,0.10041307505162
2000,2,15,0.0033577736303414
2000,2,16,0.0485302960441913
2000,2,17,0.0303772645565914
2000,2,18,0.486027864099015
2000,2,19,2.18607101705857
2000,2,20,0.956917303847149
2000,2,21,0.354120937117841
2000,2,22,0.115448107317206
2000,2,23,0.983794374042191
2000,2,24,0.00598484155034384
2000,2,25,0.58639268099796
2000,2,26,0.448224040155765
2000,2,27,2.07893284969032
2000,2,28,1.64328484679572
2000,2,29,0.200619758834364
2000,3,1,0.10486854116607
2000,3,2,0.907800582353957
2000,3,3,0.630767000257038
2000,3,4,0.0245427772824769
2000,3,5,6.41254729316643e-05
2000,3,6,0.0816348632724839
2000,3,7,0
2000,3,8,0
2000,3,9,0.000423284102168964
2000,3,10,0
2000,3,11,0.00418543581872655
2000,3,12,7.86886070854962
2000,3,13,7.84364647697657
2000,3,14,0.946728969574906
2000,3,15,2.22333098645322
2000,3,16,1.03200003504753
2000,3,17,1.13951428793371
2000,3,18,0.383371369389351
2000,3,19,1.40675990260206
2000,3,20,0.0537242896825774
2000,3,21,1.58703216584399
2000,3,22,0.0138986856200063
2000,3,23,2.04140130663291
2000,3,24,2.69558454165235
2000,3,25,0.6783203658415
2000,3,26,1.99983874917962
2000,3,27,0.229490530182375
2000,3,28,4.07420875271782
2000,3,29,5.23395873606205
2000,3,30,0.468963396269828
2000,3,31,0.16153838550963
2000,4,1,0.000627962756993838
2000,4,2,0
2000,4,3,0.0027856817268912
2000,4,4,1.89778624065662e-07
2000,4,5,0.737292476696894
2000,4,6,0.835180009016767
2000,4,7,0.210176110704197
2000,4,8,0.412144976144191
2000,4,9,3.86226688278839
2000,4,10,0.688236497808248
2000,4,11,8.35145716555417
2000,4,12,4.69252666225657
2000,4,13,0.897494770470075
2000,4,14,3.59795844415203
2000,4,15,2.10724597563967
2000,4,16,0.480369372235145
2000,4,17,0.971808907343075
2000,4,18,2.44638285948895
2000,4,19,0.80755288945511
2000,4,20,0.128911964930012
2000,4,21,1.9514866929967
2000,4,22,6.83016248513013
2000,4,23,1.82292705285363
2000,4,24,1.9665231986437
2000,4,25,3.30510365311056
2000,4,26,0.504268286749721
2000,4,27,1.69450225657783
2000,4,28,3.59964132076129
2000,4,29,2.01964775333181
2000,4,30,0
2000,5,1,0.243549319566227
2000,5,2,23.5673887655139
2000,5,3,0.0128876856706484
2000,5,4,12.9997823853046
2000,5,5,12.8942521288991
2000,5,6,5.49666413571686
2000,5,7,1.98301202617586
2000,5,8,1.15392694424372
2000,5,9,0.015668488049414
2000,5,10,0
2000,5,11,0
2000,5,12,0
2000,5,13,0.000335759759195753
2000,5,14,3.28456652350724
2000,5,15,6.67356883641332
2000,5,16,0.0001763225853324
2000,5,17,0
2000,5,18,0
2000,5,19,1.35525271292475e-20
2000,5,20,2.69991497908739e-08
2000,5,21,0.408409345254768
2000,5,22,0.0183970271336875
2000,5,23,0.238144760078285
2000,5,24,3.04656175430864
2000,5,25,0.772184820380062
2000,5,26,0.322923185740365
2000,5,27,6.55243881046772
2000,5,28,2.11968162911944
2000,5,29,0
2000,5,30,5.2947246003896
2000,5,31,3.45668921945617
2000,6,1,5.85730453021824
2000,6,2,11.0376488417387
2000,6,3,1.52743856306188
2000,6,4,0.239687861903803
2000,6,5,0.024806802321109
2000,6,6,0.106909095848096
2000,6,7,3.08798459591344
2000,6,8,0.061257870584086
2000,6,9,4.23036046558991
2000,6,10,0
2000,6,11,0.0728638335203868
2000,6,12,0
2000,6,13,16.7090385686606
2000,6,14,0.100868703520973
2000,6,15,14.0589712187648
2000,6,16,0
2000,6,17,1.11437596497126
2000,6,18,0
2000,6,19,0.00194001190152449
2000,6,20,0.00699467138929322
2000,6,21,9.71191087550949e-06
2000,6,22,0.00393565592275991
2000,6,23,0
2000,6,24,0
2000,6,25,4.22146359924227
2000,6,26,4.67340932227671
2000,6,27,0.000397814248742634
2000,6,28,7.72963897325099
2000,6,29,32.2802664712071
2000,6,30,3.12906828476116
2000,7,1,0
2000,7,2,2.65001925872639
2000,7,3,6.06435870286077
2000,7,4,29.9955599941313
2000,7,5,0.298036653839517
2000,7,6,2.04898195224814
2000,7,7,0.114100975042675
2000,7,8,0.735159727628343
2000,7,9,8.31137176137418
2000,7,10,4.89825534168631
2000,7,11,0
2000,7,12,0.00288743283363146
2000,7,13,3.43892377074884e-07
2000,7,14,4.79945267528592e-05
2000,7,15,5.64349244814366
2000,7,16,1.66869332897477
2000,7,17,0
2000,7,18,2.94355864170939
2000,7,19,4.61456270422786
2000,7,20,0
2000,7,21,0
2000,7,22,0.0004455528426206
2000,7,23,3.34222626406699
2000,7,24,0.00220989577996988
2000,7,25,0.188865927339066
2000,7,26,0.900702184299007
2000,7,27,0.894307551789097
2000,7,28,1.95859507075511
2000,7,29,0.250774507003371
2000,7,30,1.26985306560528
2000,7,31,0.694601819850504
2000,8,1,4.67753573320806
2000,8,2,0.0376813908587792
2000,8,3,0.211626153759426
2000,8,4,0.000769178154769179
2000,8,5,0.00049720126895636
2000,8,6,0
2000,8,7,0.184389971400378
2000,8,8,8.96173724904656
2000,8,9,4.11019100574777
2000,8,10,0.010633942520144
2000,8,11,31.9688242860138
2000,8,12,0
2000,8,13,3.5769822075963
2000,8,14,0.655509514035657
2000,8,15,5.2649803692475
2000,8,16,0
2000,8,17,0.068972701956227
2000,8,18,0.24544459884055
2000,8,19,0.00399767238832283
2000,8,20,0.0807832881037029
2000,8,21,0.278573304967722
2000,8,22,0.352767665754072
2000,8,23,17.1649478841573
2000,8,24,3.99685394950211
2000,8,25,0.137323892340646
2000,8,26,0
2000,8,27,0.427772563125473
2000,8,28,0.632818850863259
2000,8,29,2.84036253578961
2000,8,30,0.00468883192752401
2000,8,31,1.06788406264968
2000,9,1,3.85883826529607
2000,9,2,5.80711306538433
2000,9,3,0.71807604690548
2000,9,4,0.677886288031004
2000,9,5,1.30269894143566
2000,9,6,2.18828006763943
2000,9,7,3.32971973111853
2000,9,8,1.95087015163153
2000,9,9,0.295879230543505
2000,9,10,2.86768303485587
2000,9,11,0.0041460133502369
2000,9,12,0.113706943739089
2000,9,13,0.0816904883322422
2000,9,14,1.85641469433904
2000,9,15,0
2000,9,16,0.376008705643471
2000,9,17,7.01180188916624
2000,9,18,0.496061630838085
2000,9,19,0.0251342932642729
2000,9,20,1.93596880417317
2000,9,21,0.271853310550796
2000,9,22,0.231146846635966
2000,9,23,1.15945585712325
2000,9,24,0.00314873211664235
2000,9,25,0
2000,9,26,1.60750957438722
2000,9,27,0.0570794149098219
2000,9,28,0.00691121783802373
2000,9,29,0.000247015560006503
2000,9,30,0.089259734886582
2000,10,1,3.01662515848875
2000,10,2,0.61084350454621
2000,10,3,2.34755550627597
2000,10,4,2.73718183161691
2000,10,5,0.00445049314521384
2000,10,6,0.0740199468054925
2000,10,7,0.0626746692432789
2000,10,8,0.378495812765323
2000,10,9,1.33751490502618
2000,10,10,0.0179627933903248
2000,10,11,0.00640685175312683
2000,10,12,0
2000,10,13,0
2000,10,14,0.00545224240795505
2000,10,15,0.00259878636370559
2000,10,16,0.863326308899559
2000,10,17,6.30087861791253
2000,10,18,9.72425448708236
2000,10,19,0.922973660635762
2000,10,20,0.0550915876374347
2000,10,21,0
2000,10,22,0.389569354592822
2000,10,23,0
2000,10,24,0
2000,10,25,4.70480908406898
2000,10,26,4.7019770485349
2000,10,27,0
2000,10,28,0.0152036448071158
2000,10,29,14.976989524439
2000,10,30,12.1477401349694
2000,10,31,5.54083823226392
2000,11,1,8.57683438807726
2000,11,2,0.16750207360019
2000,11,3,0.170265370979905
2000,11,4,9.48080378584564
2000,11,5,14.7937954869121
2000,11,6,1.98366330005229
2000,11,7,0.306186162197264
2000,11,8,0.0716934235242661
2000,11,9,0.0484591808344703
2000,11,10,0.204399905487662
2000,11,11,0.457616001949646
2000,11,12,0.00337556072054213
2000,11,13,0.00224217019990647
2000,11,14,6.9862425327301
2000,11,15,4.92586815962568
2000,11,16,2.04097367241047
2000,11,17,0.909167880308814
2000,11,18,0
2000,11,19,0.0128247182601626
2000,11,20,0
2000,11,21,1.70006495900452
2000,11,22,6.59633504692465
2000,11,23,0.00966091467944352
2000,11,24,3.3738290774636
2000,11,25,5.79991762060672
2000,11,26,0.560741699882783
2000,11,27,0.137637054649531
2000,11,28,5.6228534784168
2000,11,29,0.139243747617002
2000,11,30,2.21595952170901
2000,12,1,0.550306741206441
2000,12,2,12.4441841617227
2000,12,3,2.75536940898746
2000,12,4,0.50822618213715
2000,12,5,0.0181325134235522
2000,12,6,0.0197109064174583
2000,12,7,0.0161306116751803
2000,12,8,0.0865400299517205
2000,12,9,0.157860668332432
2000,12,10,0.154076995386276
2000,12,11,0.780672125983983
2000,12,12,9.56814363598824
2000,12,13,1.80668622488156
2000,12,14,0.121173245133832
2000,12,15,6.35552904568613
2000,12,16,12.0665458962321
2000,12,17,6.19199140928686
2000,12,18,7.42415003478527
2000,12,19,8.72317361645401
2000,12,20,0.544349761912599
2000,12,21,1.32820439175703
2000,12,22,0.750226093805395
2000,12,23,0.0228607675126113
2000,12,24,0.311557914392324
2000,12,25,3.32184032304212
2000,12,26,8.37947577238083
2000,12,27,1.69228330487385
2000,12,28,2.64933120924979
2000,12,29,1.98227824294008
2000,12,30,8.0591892125085
2000,12,31,2.69180042669177
2001,1,1,2.57199762272649
2001,1,2,0.559720941237174
2001,1,3,0
2001,1,4,4.48249017903635e-06
2001,1,5,0.995183730265126
2001,1,6,3.00568130384704e-06
2001,1,7,2.92252638089963e-05
2001,1,8,2.09282145369798
2001,1,9,7.26485762279481
2001,1,10,1.42265812028199
2001,1,11,0.539887066406664
2001,1,12,6.56779780983925
2001,1,13,14.0828772448003
2001,1,14,2.15687354793772
2001,1,15,1.73748036031611
2001,1,16,0.289910483843414
2001,1,17,0.608071111491881
2001,1,18,1.92803989048116
2001,1,19,0.0376608543774637
2001,1,20,3.26115806819871
2001,1,21,0.157570156807196
2001,1,22,2.73144295206293
2001,1,23,6.87228217720985
2001,1,24,2.21127283293754
2001,1,25,2.03542747185566
2001,1,26,9.87427504733205
2001,1,27,7.89984713774174
2001,1,28,5.20925401942804
2001,1,29,5.8320123469457
2001,1,30,6.55319003853947
2001,1,31,1.83962930459529
2001,2,1,15.5608565546572
2001,2,2,2.80041606165469
2001,2,3,0.846161376102827
2001,2,4,0
2001,2,5,0
2001,2,6,3.18381489487365
2001,2,7,1.17586673295591
2001,2,8,4.30908570997417
2001,2,9,2.02313247718848
2001,2,10,0.118380047933897
2001,2,11,0.035884896897187
2001,2,12,0.684375295531936
2001,2,13,0.0114928526727454
2001,2,14,0
2001,2,15,0.000104688718494117
2001,2,16,0.0027313084274283
2001,2,17,0.586743777967058
2001,2,18,0.946446237503551
2001,2,19,0.0516091131430585
2001,2,20,5.84305005613714
2001,2,21,2.90502661373466
2001,2,22,10.3662231937051
2001,2,23,4.85273154918104
2001,2,24,0.88192651164718
2001,2,25,5.04693563561887
2001,2,26,5.94455888494849
2001,2,27,8.22943509556353
2001,2,28,0.516237290867139
2001,3,1,0.971799084800296
2001,3,2,1.98612427921034
2001,3,3,4.80714740697294
2001,3,4,2.37886882969178
2001,3,5,3.58063839375973
2001,3,6,15.264306915924
2001,3,7,3.84954063920304
2001,3,8,3.40750012546778
2001,3,9,0.200087160919793
2001,3,10,3.14132901839912
2001,3,11,0.919915706617758
2001,3,12,0
2001,3,13,0.00072163712445672
2001,3,14,0.0187892424946767
2001,3,15,0.572475159424357
2001,3,16,4.37914417125285
2001,3,17,1.36388678220101
2001,3,18,2.08788912277669
2001,3,19,2.20890284981579
2001,3,20,3.34494799858476e-05
2001,3,21,1.98815856711008
2001,3,22,2.01103299041279
2001,3,23,1.2842929107137
2001,3,24,10.6203205883503
2001,3,25,1.36999121750705
2001,3,26,6.18942528963089
2001,3,27,4.66318696271628
2001,3,28,3.68988141417503
2001,3,29,1.85610021580942
2001,3,30,1.65004731388763
2001,3,31,0.380112681887113
2001,4,1,13.1722957827151
2001,4,2,3.56068841647357
2001,4,3,0.296821507072309
2001,4,4,0.00196650698285339
2001,4,5,0.00016724373566035
2001,4,6,0
2001,4,7,0
2001,4,8,5.24565846760083e-05
2001,4,9,6.45383170905234e-05
2001,4,10,0
2001,4,11,0
2001,4,12,0.000119150446309391
2001,4,13,0
2001,4,14,0.178255184437148
2001,4,15,0
2001,4,16,5.06845413639212e-05
2001,4,17,3.16800547298044
2001,4,18,1.64259192533791
2001,4,19,0.127945996428025
2001,4,20,1.47254904270255e-05
2001,4,21,0.228728025831515
2001,4,22,2.88540258770809
2001,4,23,2.23079391871579
2001,4,24,2.45287123834714
2001,4,25,12.2387613169849
2001,4,26,5.49974511377513
2001,4,27,2.10616832482629
2001,4,28,1.55422141542658
2001,4,29,0.00404201472292698
2001,4,30,0.000550033618651469
2001,5,1,0
2001,5,2,0
2001,5,3,0
2001,5,4,0
2001,5,5,0.791299174306914
2001,5,6,0.24735337428865
2001,5,7,2.17699168715626
2001,5,8,2.02762208646163
2001,5,9,0.366552111518104
2001,5,10,2.23709181882441
2001,5,11,2.21006175270304
2001,5,12,4.20802447479218
2001,5,13,0.270493890275247
2001,5,14,0.0798421706349473
2001,5,15,2.1826428710483
2001,5,16,5.67143247462809
2001,5,17,8.75774582382292
2001,5,18,18.1966725736856
2001,5,19,9.5850340090692
2001,5,20,5.27638017665595
2001,5,21,5.98058074247092
2001,5,22,2.70281613338739
2001,5,23,0.49488618678879
2001,5,24,0.0280014370218851
2001,5,25,0.00169279753094997
2001,5,26,3.82798856589943
2001,5,27,1.31049646879546
2001,5,28,0.384243493317626
2001,5,29,13.0228460300714
2001,5,30,3.20374538423494
2001,5,31,6.96099875494838
2001,6,1,1.75606586853974
2001,6,2,3.31140328198671
2001,6,3,1.09816161857452
2001,6,4,0.601058798201848
2001,6,5,4.37586517073214
2001,6,6,1.61678315489553
2001,6,7,1.74272748408839
2001,6,8,5.10169921908528
2001,6,9,4.71854555653408
2001,6,10,1.64536392549053
2001,6,11,1.97470938437618
2001,6,12,3.69807105744258
2001,6,13,0.000162704377970613
2001,6,14,5.71022916119546
2001,6,15,3.20345557993278
2001,6,16,4.0074965567328
2001,6,17,0
2001,6,18,4.30349076374625e-06
2001,6,19,1.22099636646453
2001,6,20,0.0172543142525683
2001,6,21,0
2001,6,22,0.000954045623302591
2001,6,23,7.48953390866518
2001,6,24,0.0489712741909898
2001,6,25,0
2001,6,26,1.71524167985132e-20
2001,6,27,0
2001,6,28,0.000181448993430422
2001,6,29,0
2001,6,30,0.00299655268918286
2001,7,1,0
2001,7,2,0
2001,7,3,0
2001,7,4,3.68108575930819
2001,7,5,1.07471253722906
2001,7,6,6.16041782777756
2001,7,7,0.070658770891896
2001,7,8,0.000433416745693194
2001,7,9,4.86640641465783
2001,7,10,25.0966125167906
2001,7,11,5.37434660363942
2001,7,12,0.719076217501424
2001,7,13,0.0160458517257211
2001,7,14,0.266893535444979
2001,7,15,0.142067571505322
2001,7,16,9.43969055078924
2001,7,17,0.0835706752695842
2001,7,18,5.11770446319133
2001,7,19,0.00267773290261175
2001,7,20,1.90147197987045e-06
2001,7,21,0.348613948153798
2001,7,22,0.000269010477893517
2001,7,23,0.052668921307486
2001,7,24,0.536138666211627
2001,7,25,0
2001,7,26,0.0818730157334358
2001,7,27,0.0988436193438247
2001,7,28,0.96085307886824
2001,7,29,0
2001,7,30,0.0130323840039637
2001,7,31,2.43819525931031
2001,8,1,0.00111775825075711
2001,8,2,0.000577873736062884
2001,8,3,17.1915268991143
2001,8,4,0
2001,8,5,4.07034448580816
2001,8,6,8.62789212260395
2001,8,7,1.25428433530033
2001,8,8,12.1200484223664
2001,8,9,0.473448408592958
2001,8,10,0.00137189168185614
2001,8,11,0
2001,8,12,0
2001,8,13,0
2001,8,14,0.00128431649955019
2001,8,15,0
2001,8,16,0.285554480797146
2001,8,17,4.5761545188725
2001,8,18,0
2001,8,19,0.00460498117718089
2001,8,20,0.000921886848459508
2001,8,21,0.00189568706332466
2001,8,22,0
2001,8,23,0.00152677123423928
2001,8,24,0
2001,8,25,0
2001,8,26,0.11697510999511
2001,8,27,5.39438019040972
2001,8,28,16.2423329427838
2001,8,29,0.0276443532129633
2001,8,30,0.0409609365306096
2001,8,31,0.779392130789347
2001,9,1,2.38606914645061
2001,9,2,7.30790267698467
2001,9,3,5.74712986126542
2001,9,4,0.00544363110748236
2001,9,5,0.0131112897179264
2001,9,6,15.021357871592
2001,9,7,6.40425828751177
2001,9,8,1.73489868175238
2001,9,9,0.152114176307805
2001,9,10,5.82945502828807
2001,9,11,2.18288144096732
2001,9,12,0.00767201306643983
2001,9,13,0.0220285918658192
2001,9,14,0
2001,9,15,8.57648463966493e-09
2001,9,16,0.745961617212743
2001,9,17,0.13040508965787
2001,9,18,8.33452655933797
2001,9,19,2.7221767581068
2001,9,20,0.0050056123086506
2001,9,21,5.02272377489135
2001,9,22,0.662415311671793
2001,9,23,0
2001,9,24,0.831989411381073
2001,9,25,2.19223203021102
2001,9,26,7.44660766795278
2001,9,27,0
2001,9,28,4.15380969643593
2001,9,29,1.08354543917812
2001,9,30,0
2001,10,1,5.68397201132029
2001,10,2,2.63760513626039
2001,10,3,0.306170387193561
2001,10,4,0.0662875772832194
2001,10,5,3.15035565634503e-05
2001,10,6,1.58436499186791
2001,10,7,9.35301769059151
2001,10,8,4.67960271053016
2001,10,9,0.00122437105574136
2001,10,10,3.80843460767721e-05
2001,10,11,0.213548700412503
2001,10,12,1.56169487745501
2001,10,13,0.00311665721710597
2001,10,14,0
2001,10,15,0
2001,10,16,0.166377922869287
2001,10,17,9.62180332280695
2001,10,18,0.639627916098107
2001,10,19,0.209983785316581
2001,10,20,1.37875559739769
2001,10,21,9.41179327201098
2001,10,22,1.1715375847416
2001,10,23,11.0309248790145
2001,10,24,0.129147951520281
2001,10,25,0.0119927881769399
2001,10,26,2.01934286160395
2001,10,27,0.21619279141305
2001,10,28,0.0937129811063642
2001,10,29,6.43366305157542
2001,10,30,0.688045704737306
2001,10,31,2.37000873894431
2001,11,1,2.25577790988609
2001,11,2,2.04734119470231
2001,11,3,8.83502424694598
2001,11,4,0
2001,11,5,5.08159113815054
2001,11,6,0.761989649618044
2001,11,7,0.895286348531954
2001,11,8,2.75830328464508
2001,11,9,1.99487812933512
2001,11,10,5.55837485007942
2001,11,11,5.95057625323534
2001,11,12,2.59542289422825
2001,11,13,3.62381263403222
2001,11,14,0.020061739405719
2001,11,15,0.00123886191545353
2001,11,16,5.67415449768305
2001,11,17,0.159682268713368
2001,11,18,0
2001,11,19,9.60317969145308e-05
2001,11,20,0.00317698696790103
2001,11,21,0
2001,11,22,0.0116381514089881
2001,11,23,0
2001,11,24,1.58727765083313
2001,11,25,0.381973857292905
2001,11,26,2.4495015561115
2001,11,27,7.62372461613268
2001,11,28,5.79031573142856
2001,11,29,2.38022496923804
2001,11,30,3.27567028580233
2001,12,1,2.88881112781025e-07
2001,12,2,0
2001,12,3,1.03761537663705e-20
2001,12,4,1.25861718508306e-09
2001,12,5,0.340141847846098
2001,12,6,0.19383000471862
2001,12,7,0.740363239310682
2001,12,8,0.508337687642779
2001,12,9,12.5662653241307
2001,12,10,1.18541558040306
2001,12,11,3.19820201257244
2001,12,12,1.42243008012883
2001,12,13,0.270728216855787
2001,12,14,1.50241952505894
2001,12,15,0.199391449859831
2001,12,16,1.6946938354522
2001,12,17,2.50710440450348
2001,12,18,2.52266912721097
2001,12,19,2.06104874960147
2001,12,20,0.00271285463213644
2001,12,21,5.09548634290695
2001,12,22,12.864987552166
2001,12,23,1.96689818403684
2001,12,24,0.326409913395764
2001,12,25,1.62015818059444
2001,12,26,0.0732027014237246
2001,12,27,0.00495922872687515
2001,12,28,0.0735546676878585
2001,12,29,0.174764488474466
2001,12,30,0.231688834901433
2001,12,31,0.191214595542988
2002,1,1,1.29196023044642
2002,1,2,1.18448927532881
2002,1,3,0.0453945376648335
2002,1,4,0.0594832268689061
2002,1,5,0.144615391764091
2002,1,6,0.000386372674654467
2002,1,7,8.92120047938079
2002,1,8,0.685322188655846
2002,1,9,0.00835080970773561
2002,1,10,0
2002,1,11,0.0147074504639022
2002,1,12,4.90803042193875
2002,1,13,3.57391505967826
2002,1,14,10.5153592536226
2002,1,15,0.0066109015733673
2002,1,16,0.00572037633901346
2002,1,17,2.71225991891697
2002,1,18,0
2002,1,19,0.0574922269152012
2002,1,20,0.0777623650719761
2002,1,21,6.8472753977403
2002,1,22,6.43391513731331
2002,1,23,0
2002,1,24,0.000785579882744969
2002,1,25,0.240645363373915
2002,1,26,1.44391488865949
2002,1,27,3.38090036530048
2002,1,28,1.11849176755641
2002,1,29,6.37355600483716
2002,1,30,2.70515122683719
2002,1,31,3.83499761810526
2002,2,1,1.31618599989451
2002,2,2,2.82830422511324
2002,2,3,0.685013525071554
2002,2,4,0.000203865206316323
2002,2,5,2.82619072822854
2002,2,6,0.674996338784695
2002,2,7,17.3164105508476
2002,2,8,14.8923188913614
2002,2,9,11.605088179931
2002,2,10,0.6636379432166
2002,2,11,2.11733427713625
2002,2,12,5.95755607355386
2002,2,13,3.37460733717307
2002,2,14,0.85542426968459
2002,2,15,7.30848165694624
2002,2,16,4.4086875510402
2002,2,17,10.0938410963863
2002,2,18,1.78031151881441
2002,2,19,3.38120588567108
2002,2,20,4.68856181250885
2002,2,21,0.943496488616802
2002,2,22,5.42226175311953
2002,2,23,1.14323263114784
2002,2,24,6.8135317414999
2002,2,25,1.46495163207874
2002,2,26,0.518544802616816
2002,2,27,0.270756957615959
2002,2,28,5.19953488837928
2002,3,1,0.374022783944383
2002,3,2,1.65838239141181e-05
2002,3,3,0.695587767404504
2002,3,4,0.901221678941511
2002,3,5,0.494437610905152
2002,3,6,0
2002,3,7,0
2002,3,8,0.0748718755858135
2002,3,9,3.25564895756543
2002,3,10,6.61718209739774
2002,3,11,0.00112271970920119
2002,3,12,0.125793985353084
2002,3,13,1.29742321441881
2002,3,14,0.07227494752442
2002,3,15,8.73864765744656
2002,3,16,3.55583183700219
2002,3,17,0.664876369410194
2002,3,18,0.223044270387618
2002,3,19,0.000894077234647739
2002,3,20,0
2002,3,21,0.05028747527831
2002,3,22,0.137092099976144
2002,3,23,0.00262878318153525
2002,3,24,0.449632907111663
2002,3,25,1.12354841257911
2002,3,26,0.516852142754942
2002,3,27,1.73633041558787
2002,3,28,4.5807822723873
2002,3,29,1.0846373916138
2002,3,30,0.646789728489239
2002,3,31,2.1514285588637
2002,4,1,0.11652041466732
2002,4,2,10.7201955746859
2002,4,3,7.19226133078337
2002,4,4,5.61856110580266
2002,4,5,0.362309519550763
2002,4,6,0
2002,4,7,9.71115545835346
2002,4,8,6.5720870392397
2002,4,9,11.7241694591939
2002,4,10,3.08346716919914
2002,4,11,3.8419711519964
2002,4,12,2.35892576747574
2002,4,13,0.808946590404958
2002,4,14,5.50082072149962
2002,4,15,5.57793192565441
2002,4,16,0.28944057339686
2002,4,17,7.20064113847911
2002,4,18,0.912970147328451
2002,4,19,3.99788712384179
2002,4,20,3.22990195127204
2002,4,21,1.38083341880701
2002,4,22,15.4006104916334
2002,4,23,2.67370588844642
2002,4,24,1.73623376176693
2002,4,25,5.40561215020716
2002,4,26,2.7204841375351
2002,4,27,0.144221468508476
2002,4,28,0.00187353983847061
2002,4,29,0.298164012929192
2002,4,30,0.810753388213925
2002,5,1,5.96591136418283
2002,5,2,0.0101877621091262
2002,5,3,8.73245552647859
2002,5,4,10.5730969458818
2002,5,5,6.43991490360349
2002,5,6,1.13432625657879
2002,5,7,2.72246687673032
2002,5,8,5.95073215663433
2002,5,9,0.701235729502514
2002,5,10,1.89142962335609
2002,5,11,6.7254928406328
2002,5,12,0.69700496387668
2002,5,13,1.3649936649017
2002,5,14,3.98361787665635
2002,5,15,0.400386017281562
2002,5,16,3.87028427794576
2002,5,17,4.51836716383696
2002,5,18,4.10789583111182
2002,5,19,3.78378618042916
2002,5,20,1.49060544208623
2002,5,21,0.111667106102686
2002,5,22,1.77379092201591
2002,5,23,5.22269251523539
2002,5,24,2.71242022281513
2002,5,25,2.25326066720299
2002,5,26,0
2002,5,27,0
2002,5,28,0
2002,5,29,0.977116930880584
2002,5,30,2.25802216446027
2002,5,31,0.335953004832845
2002,6,1,0.0480100548884366
2002,6,2,0.186282028880669
2002,6,3,0.0760253613407258
2002,6,4,1.49939952534623
2002,6,5,1.46934678778052
2002,6,6,1.07916717824992
2002,6,7,0.00318029931349884
2002,6,8,3.04437344893813
2002,6,9,0.314991069899406
2002,6,10,0.0377687329091714
2002,6,11,0
2002,6,12,0.0321711260767188
2002,6,13,0.00382656860438146
2002,6,14,2.17785135610029
2002,6,15,2.43044378003106
2002,6,16,0.00026483207946626
2002,6,17,0
2002,6,18,0.00280075871614827
2002,6,19,0
2002,6,20,5.90401645749807
2002,6,21,12.8866719547659
2002,6,22,6.93055735900998
2002,6,23,0.144161708158208
2002,6,24,0.276718612440163
2002,6,25,0.058742842884385
2002,6,26,0.00338892060653961
2002,6,27,0
2002,6,28,12.1624101419002
2002,6,29,10.9619640279561
2002,6,30,15.0728160515428
2002,7,1,12.3545811977237
2002,7,2,0.000161475409043987
2002,7,3,0
2002,7,4,2.92262326340165e-05
2002,7,5,0
2002,7,6,0.940934219397604
2002,7,7,0
2002,7,8,0
2002,7,9,0.00738707951768447
2002,7,10,0
2002,7,11,1.47178906481713
2002,7,12,24.4011375121772
2002,7,13,2.64975994359702
2002,7,14,14.8801043629646
2002,7,15,4.91390980314463
2002,7,16,5.30650599393994
2002,7,17,1.96190518909134
2002,7,18,10.8528919983655
2002,7,19,0.200491260329727
2002,7,20,11.5807031281292
2002,7,21,0.244329131237464
2002,7,22,2.72106437478215
2002,7,23,0.00694921511694702
2002,7,24,0
2002,7,25,0.00911566839931766
2002,7,26,0.00240073995882994
2002,7,27,0.0147761837069993
2002,7,28,0
2002,7,29,0.00199220444301318
2002,7,30,0.474152763490565
2002,7,31,0.00133604830239165
2002,8,1,0
2002,8,2,0
2002,8,3,0
2002,8,4,1.88241017167456
2002,8,5,5.16214227536693
2002,8,6,0.0156081997374713
2002,8,7,2.08095110720024
2002,8,8,0.0404174969844462
2002,8,9,6.8811617558822
2002,8,10,0.00733569718249782
2002,8,11,1.27835412276909
2002,8,12,7.4311449425295
2002,8,13,0
2002,8,14,0
2002,8,15,0
2002,8,16,0
2002,8,17,0.000532191276647609
2002,8,18,0.000378222419783469
2002,8,19,0.0026821085384654
2002,8,20,0
2002,8,21,0.00157974896524138
2002,8,22,0
2002,8,23,0.666900756186806
2002,8,24,2.51132652629167
2002,8,25,0.0906275239685783
2002,8,26,0.000281314421357592
2002,8,27,0.476798170711845
2002,8,28,0
2002,8,29,0
2002,8,30,0.00372318050949616
2002,8,31,0.00130439976260277
2002,9,1,0
2002,9,2,0
2002,9,3,0
2002,9,4,3.82093047202048e-06
2002,9,5,4.77275027660653
2002,9,6,0.00294174167265737
2002,9,7,3.32030360586941
2002,9,8,14.8954621050507
2002,9,9,0.285702388646314
2002,9,10,0
2002,9,11,0.0078623659646837
2002,9,12,0
2002,9,13,0.736501879873686
2002,9,14,0.141855601032148
2002,9,15,0.0199910784886015
2002,9,16,8.05264504160732
2002,9,17,0.0131737905576301
2002,9,18,0
2002,9,19,3.54979278054088
2002,9,20,2.70702772540972
2002,9,21,0.0368800899195776
2002,9,22,0.00328218148979431
2002,9,23,0
2002,9,24,0.00287987162437275
2002,9,25,0
2002,9,26,0.0147213444506633
2002,9,27,0
2002,9,28,0.00139829314207418
2002,9,29,0
2002,9,30,0
2002,10,1,3.24873791868185e-05
2002,10,2,4.61952300975099
2002,10,3,0
2002,10,4,0.954303564503789
2002,10,5,0
2002,10,6,0.00580339155931142
2002,10,7,0
2002,10,8,0.00867377982558537
2002,10,9,0.00261871630300448
2002,10,10,0
2002,10,11,0.00269569557076466
2002,10,12,0
2002,10,13,0
2002,10,14,0.0151962717609422
2002,10,15,2.62298683519475
2002,10,16,2.38613153924234
2002,10,17,0.128338534705108
2002,10,18,1.23921545455232
2002,10,19,3.08665061602369
2002,10,20,0.000802604344585234
2002,10,21,0.000230693793668024
2002,10,22,0.163717830946553
2002,10,23,2.36461781314574
2002,10,24,0.0208499505788495
2002,10,25,0.540682142309379
2002,10,26,1.0256870475132
2002,10,27,0.354956364026293
2002,10,28,9.15454386267811
2002,10,29,22.2666464745998
2002,10,30,7.37910463940352
2002,10,31,0
2002,11,1,3.33948475308716
2002,11,2,7.67765021882951
2002,11,3,10.1442418992519
2002,11,4,0.890243926551193
2002,11,5,0.0842806290165754
2002,11,6,0.00241021748479398
2002,11,7,0.0311416892145644
2002,11,8,0.116649659685208
2002,11,9,4.68425623839721
2002,11,10,0.0167357208283647
2002,11,11,0.00101478531178145
2002,11,12,0.0233313655371603
2002,11,13,0.0105595011518744
2002,11,14,0.410076898697298
2002,11,15,4.34729398693889
2002,11,16,0.555655390780885
2002,11,17,7.75915374979377
2002,11,18,14.0389954671264
2002,11,19,6.26509690191597
2002,11,20,0
2002,11,21,0.135787283215905
2002,11,22,0.0717520641046576
2002,11,23,0.3615043067839
2002,11,24,0.00983625382104947
2002,11,25,0
2002,11,26,0.0033959397342187
2002,11,27,0
2002,11,28,0
2002,11,29,0.092309516548994
2002,11,30,0.267604648252018
2002,12,1,0.247937265521614
2002,12,2,0.121698996736086
2002,12,3,2.83163068816066
2002,12,4,0.446934065257665
2002,12,5,1.8285728932824
2002,12,6,0.965416632243432
2002,12,7,5.59685344342142
2002,12,8,11.3454285543412
2002,12,9,0.656948320101947
2002,12,10,0.254614964069333
2002,12,11,0.146735882299254
2002,12,12,4.89488613093272
2002,12,13,6.33704192005098
2002,12,14,12.0550178457052
2002,12,15,0.646293690078892
2002,12,16,2.59584188461304
2002,12,17,1.05572839092929
2002,12,18,1.39174257055856
2002,12,19,0.221766593313077
2002,12,20,0.834540600772016
2002,12,21,0.143538163320045
2002,12,22,2.07792419241741
2002,12,23,0.241998241835972
2002,12,24,0.283379082247848
2002,12,25,0.117512923679897
2002,12,26,0.213892941246741
2002,12,27,1.63549784920178
2002,12,28,5.30537255108356
2002,12,29,1.37554967659526
2002,12,30,3.30818525981158
2002,12,31,1.49672402185388
2003,1,1,0.735634902957827
2003,1,2,1.19404087308794
2003,1,3,0.0670588482535095
2003,1,4,0.000186571794813517
2003,1,5,0.342240100144409
2003,1,6,0.0738356513465988
2003,1,7,0.00765671568387916
2003,1,8,0.677915834239684
2003,1,9,8.44708189833909
2003,1,10,2.97133082058281
2003,1,11,5.71842729113996
2003,1,12,1.13886741455644
2003,1,13,0.0927371605939697
2003,1,14,0.563137732387986
2003,1,15,1.41503236955032
2003,1,16,7.69817163236439
2003,1,17,1.01786146697123
2003,1,18,5.62803538050503
2003,1,19,4.852416284848
2003,1,20,5.7779660448432
2003,1,21,0
2003,1,22,0.0599569042606163
2003,1,23,0.0401502771637752
2003,1,24,4.6048303716816
2003,1,25,0.179454536555568
2003,1,26,0.0704621726981713
2003,1,27,0.00147040426554668
2003,1,28,0.0282500701359822
2003,1,29,6.45756153389812
2003,1,30,1.2886596203316
2003,1,31,13.8796219602227
2003,2,1,5.12567879632115
2003,2,2,0.932008042582311
2003,2,3,3.79711026325822
2003,2,4,2.03013948630542
2003,2,5,3.45226074568927
2003,2,6,4.21050949953496
2003,2,7,0.121934639537358
2003,2,8,0.00246023602130663
2003,2,9,0.138865992266801
2003,2,10,0.328231975436211
2003,2,11,1.05963925598189
2003,2,12,4.96394787915051
2003,2,13,9.80991711840034
2003,2,14,7.99620989710093
2003,2,15,6.09177632723004
2003,2,16,0.000951972759821729
2003,2,17,0.00512735167603751
2003,2,18,0.396595340862405
2003,2,19,3.24640885228291
2003,2,20,1.03248534724116
2003,2,21,0.767043465748429
2003,2,22,6.78179597016424
2003,2,23,4.61752486880869
2003,2,24,6.0848128516227
2003,2,25,8.44175540842116
2003,2,26,8.92230626195669
2003,2,27,0.185803631757153
2003,2,28,0.00173958844129629
2003,3,1,0.112150326094707
2003,3,2,8.71802503243089
2003,3,3,0.362717665848322
2003,3,4,2.27349699125625
2003,3,5,6.72436694148928
2003,3,6,4.44957070285454
2003,3,7,0.151898551848717
2003,3,8,12.6836656127125
2003,3,9,6.33595876861364
2003,3,10,0.0110713329831924
2003,3,11,0
2003,3,12,0.808526735636406
2003,3,13,0
2003,3,14,8.20050621405244
2003,3,15,3.0157909495756
2003,3,16,0
2003,3,17,0.000287633731232972
2003,3,18,0.000424067411586293
2003,3,19,0
2003,3,20,0.00118916951805659
2003,3,21,0
2003,3,22,0
2003,3,23,0.000703277871139107
2003,3,24,0.000327842137437528
2003,3,25,0.005809445315208
2003,3,26,0
2003,3,27,0
2003,3,28,0.000482442361260382
2003,3,29,0.000752001213299991
2003,3,30,0
2003,3,31,0.0693365780534805
2003,4,1,1.5370104345493
2003,4,2,0.637007693876512
2003,4,3,1.09630185761489
2003,4,4,6.87902877107263
2003,4,5,1.95586126064882
2003,4,6,8.09182645753026
2003,4,7,16.229811636731
2003,4,8,6.00070736836642
2003,4,9,3.55558100854978
2003,4,10,1.57532086595893
2003,4,11,0.075018511415692
2003,4,12,0.00788591612490563
2003,4,13,0
2003,4,14,0
2003,4,15,0
2003,4,16,0
2003,4,17,0
2003,4,18,0
2003,4,19,0
2003,4,20,0.590926806034986
2003,4,21,5.40313592646271
2003,4,22,9.39917515497655
2003,4,23,3.02643104223534
2003,4,24,1.50621322682127
2003,4,25,2.79533537104726
2003,4,26,1.44195038010366
2003,4,27,1.39234088128433
2003,4,28,0.00369704640661439
2003,4,29,0.0113021553715953
2003,4,30,1.94719824939966
2003,5,1,1.28711355209816
2003,5,2,8.55629977304488
2003,5,3,2.18922491767444
2003,5,4,0.0491608836455271
2003,5,5,2.62721681501716
2003,5,6,2.61485502705909
2003,5,7,3.32279208814725
2003,5,8,2.33666317071766
2003,5,9,0.920345226768404
2003,5,10,4.37159762950614
2003,5,11,0.396541081136093
2003,5,12,4.42031587008387
2003,5,13,0.514640695473645
2003,5,14,5.45319537632167
2003,5,15,2.47499411925673
2003,5,16,8.01135075744241
2003,5,17,0.703963017440401
2003,5,18,0.174856447119964
2003,5,19,0.493663123052102
2003,5,20,1.96089904638939
2003,5,21,0.392763213312719
2003,5,22,0.0143773246236378
2003,5,23,1.4844695746433
2003,5,24,2.22062766551971
2003,5,25,0.0280083962934441
2003,5,26,0.00391582236716204
2003,5,27,0.0318093667374342
2003,5,28,0.00108269023826324
2003,5,29,0.00294989714575422
2003,5,30,0.00238684520468269
2003,5,31,2.5582589500118
2003,6,1,5.66029732581228
2003,6,2,2.7417580364272
2003,6,3,0.537008629180491
2003,6,4,0.0367683707736433
2003,6,5,0.0135017714001151
2003,6,6,1.0716855438659
2003,6,7,8.00797494594008
2003,6,8,12.5016081612557
2003,6,9,1.54313592938706
2003,6,10,1.2727964494843
2003,6,11,2.06977871130221
2003,6,12,0.000452052142918546
2003,6,13,0.000208206962071245
2003,6,14,0.713488290784881
2003,6,15,6.97920585324141e-05
2003,6,16,0.372717053687666
2003,6,17,1.10603175417054
2003,6,18,0.395793114148546
2003,6,19,0.0255763371569628
2003,6,20,12.3383559286594
2003,6,21,2.91423245798796
2003,6,22,0.310064691439038
2003,6,23,4.06774253351614
2003,6,24,0.489579066925216
2003,6,25,6.96590594016016
2003,6,26,0.749332635314204
2003,6,27,0.213815834285924
2003,6,28,5.34028925467283
2003,6,29,13.9564823359251
2003,6,30,0.266413350618677
2003,7,1,5.88926787022501
2003,7,2,1.43630186794326
2003,7,3,2.92771087260917
2003,7,4,1.86347796698101
2003,7,5,0.100166214906494
2003,7,6,0.000450738761514913
2003,7,7,0.174653611611575
2003,7,8,0.696042983327061
2003,7,9,3.40986759401858
2003,7,10,0.0253082603194343
2003,7,11,0.00280260566114521
2003,7,12,0.507468628347851
2003,7,13,0.761568144662306
2003,7,14,0.248254730104236
2003,7,15,0.299571327923331
2003,7,16,0
2003,7,17,0.0681915887980722
2003,7,18,6.08975712675601
2003,7,19,2.66442083520815
2003,7,20,2.58590524317697
2003,7,21,4.70623107394204
2003,7,22,4.07373287016526
2003,7,23,4.76768655935302
2003,7,24,1.44478870206513
2003,7,25,0.322917036828585
2003,7,26,0
2003,7,27,0.420010396919679
2003,7,28,2.96172515954822
2003,7,29,0
2003,7,30,1.07750268944073
2003,7,31,2.36200061626732
2003,8,1,0.000531666384517848
2003,8,2,0.000257377613621657
2003,8,3,4.99142145272344
2003,8,4,3.23158514220268
2003,8,5,0.109010609230609
2003,8,6,5.70777431130409
2003,8,7,0.0675141427564085
2003,8,8,0.000410396849304107
2003,8,9,0.064479708817089
2003,8,10,0
2003,8,11,0
2003,8,12,0.00207319437777187
2003,8,13,0.0975826700596372
2003,8,14,0
2003,8,15,0
2003,8,16,0.00063525879596682
2003,8,17,0
2003,8,18,0.000932115415253065
2003,8,19,0
2003,8,20,0.00490046874119798
2003,8,21,0.000806371519956883
2003,8,22,0
2003,8,23,0.0161233786002413
2003,8,24,0
2003,8,25,0.0114067310732935
2003,8,26,6.71578282490373
2003,8,27,1.95212649414316
2003,8,28,0
2003,8,29,0
2003,8,30,0.0124270968171913
2003,8,31,0.0919319478271063
2003,9,1,0
2003,9,2,0
2003,9,3,1.13303801341225e-06
2003,9,4,2.90068875169469e-07
2003,9,5,0
2003,9,6,0
2003,9,7,0
2003,9,8,0
2003,9,9,0
2003,9,10,0
2003,9,11,0
2003,9,12,0
2003,9,13,0.234183976863278
2003,9,14,0.0298627180200128
2003,9,15,0
2003,9,16,0
2003,9,17,0.00155962779331276
2003,9,18,0
2003,9,19,0
2003,9,20,0.0217924603930442
2003,9,21,0.0030800050126345
2003,9,22,7.19824472028563e-05
2003,9,23,1.12022755072161e-05
2003,9,24,0.00104758838403995
2003,9,25,0
2003,9,26,0.899829235277139
2003,9,27,0.461738483863883
2003,9,28,2.65146545134485
2003,9,29,0
2003,9,30,0.0023843151325309
2003,10,1,0
2003,10,2,5.86102358065546
2003,10,3,24.1465346887708
2003,10,4,3.19291669875383
2003,10,5,2.22858974011615
2003,10,6,0.264342385344207
2003,10,7,0.954829581314698
2003,10,8,0.317983330751304
2003,10,9,0.881919282255694
2003,10,10,0.0803316230303608
2003,10,11,1.23408148647286
2003,10,12,0.00146034567478637
2003,10,13,0.00921161131373083
2003,10,14,1.67882940731943
2003,10,15,0.0314946893013257
2003,10,16,0.0208625357117853
2003,10,17,0.0107961212961527
2003,10,18,0
2003,10,19,10.1003651507199
2003,10,20,1.28752122691367
2003,10,21,4.45534321479499
2003,10,22,1.50985856889747
2003,10,23,3.68462156038731
2003,10,24,1.87933768029325
2003,10,25,1.46957844262943
2003,10,26,0.714621969382279
2003,10,27,6.21075388044119
2003,10,28,3.00923106260598
2003,10,29,3.46786711597815
2003,10,30,0.313960586936446
2003,10,31,0.0510734555064118
2003,11,1,1.7406047147233
2003,11,2,0.225558998499764
2003,11,3,0.0180950355115783
2003,11,4,0.000167298738062982
2003,11,5,0.000105535922401145
2003,11,6,1.9930069994345e-05
2003,11,7,0.000103470329904098
2003,11,8,1.5899570833426
2003,11,9,1.11843966878951
2003,11,10,1.66069447877817
2003,11,11,1.20058755856007
2003,11,12,0
2003,11,13,0.0926330219954252
2003,11,14,0.0910055543499766
2003,11,15,0.0347508622326131
2003,11,16,2.42439435096458
2003,11,17,0
2003,11,18,0.0577057591726771
2003,11,19,0.00222114151711139
2003,11,20,0
2003,11,21,0
2003,11,22,0.0538138123374665
2003,11,23,0
2003,11,24,0.137288177575101
2003,11,25,1.03891023318283
2003,11,26,0.00779114761826349
2003,11,27,0.296023268310819
2003,11,28,0.320670719520422
2003,11,29,0.167224390315823
2003,11,30,0.401865763706155
2003,12,1,0.296181627345504
2003,12,2,2.75045656599104
2003,12,3,10.7546728570014
2003,12,4,4.57547086989507
2003,12,5,2.28046989650466
2003,12,6,20.1902068220079
2003,12,7,18.5784711968154
2003,12,8,16.2162203807384
2003,12,9,0.312274606403662
2003,12,10,4.20531093841419
2003,12,11,0.448724754096474
2003,12,12,3.76067570177838
2003,12,13,1.52989859925583
2003,12,14,8.4546840749681
2003,12,15,3.7027714191936
2003,12,16,0.695817614905536
2003,12,17,2.86123536061496
2003,12,18,0.433989564771764
2003,12,19,2.97656144248322
2003,12,20,2.04357845359482
2003,12,21,0.132365846002358
2003,12,22,0.503805998596363
2003,12,23,0.300112491095206
2003,12,24,0.107735309211421
2003,12,25,4.06850727740675
2003,12,26,3.51620942819864
2003,12,27,1.46841435343958
2003,12,28,1.20616259810049
2003,12,29,2.40424367948435
2003,12,30,4.57432076800615
2003,12,31,0.0296840607006743
2004,1,1,2.26900345296599
2004,1,2,14.5711566321552
2004,1,3,0.0793091896412079
2004,1,4,0.118868444405962
2004,1,5,8.25226299930364
2004,1,6,0.120290336053586
2004,1,7,9.25613127183169
2004,1,8,0.95438418793492
2004,1,9,4.66056457953528
2004,1,10,5.95308265183121
2004,1,11,0.828980648657307
2004,1,12,7.75084623601288
2004,1,13,11.2175965681672
2004,1,14,6.03353509213775
2004,1,15,5.47251671086997
2004,1,16,3.1746904598549
2004,1,17,0.0489697909870301
2004,1,18,1.92900752881542
2004,1,19,3.38309181388468
2004,1,20,6.46236939355731
2004,1,21,0.288377008109819
2004,1,22,0.965893222019076
2004,1,23,0.577245379099622
2004,1,24,0.46469345834339
2004,1,25,4.27861728239805
2004,1,26,6.02925654966384
2004,1,27,10.862243687734
2004,1,28,6.35923363734037
2004,1,29,1.16916092229076
2004,1,30,3.97165920585394
2004,1,31,1.13144526549149
2004,2,1,3.0507680028677
2004,2,2,0.133723517865292
2004,2,3,2.73941225605085
2004,2,4,0.622237732750364
2004,2,5,0.815044032060541
2004,2,6,0.604306091554463
2004,2,7,6.39901289250702
2004,2,8,0.144403519516345
2004,2,9,7.05754696391523
2004,2,10,4.60431991377845
2004,2,11,0.518464022025
2004,2,12,0.963092461461201
2004,2,13,10.3328611236066
2004,2,14,3.77686733845621
2004,2,15,1.07950688106939
2004,2,16,4.37663588672876
2004,2,17,8.22437074966729
2004,2,18,4.68688647961244
2004,2,19,0.642590709321667
2004,2,20,6.43940507434309
2004,2,21,5.20579868461937
2004,2,22,1.50425453321077
2004,2,23,10.2181526832283
2004,2,24,1.56028750352561
2004,2,25,4.33869761181995
2004,2,26,1.66849310626276
2004,2,27,0.127274605983985
2004,2,28,0.662007165374234
2004,2,29,0.409818055049982
2004,3,1,0.292399987665704
2004,3,2,0
2004,3,3,0.104811138226069
2004,3,4,1.58515346702188
2004,3,5,1.26073931751307
2004,3,6,1.09527599124704
2004,3,7,19.0434694290161
2004,3,8,3.78333292901516
2004,3,9,1.72250389005058
2004,3,10,2.6720387279056
2004,3,11,2.05475053517148
2004,3,12,0.403665764315519
2004,3,13,0.085282636428019
2004,3,14,2.18766242614947
2004,3,15,1.09554567898158
2004,3,16,0.173587531753583
2004,3,17,1.61495773354545
2004,3,18,0.618179136654362
2004,3,19,1.91708579077385
2004,3,20,0.0261290982962237
2004,3,21,0
2004,3,22,3.2141252188012
2004,3,23,0
2004,3,24,0.0678486936521949
2004,3,25,0.0132764766476612
2004,3,26,21.6397790238261
2004,3,27,0.108532074591494
2004,3,28,5.31539563089609
2004,3,29,11.196627561003
2004,3,30,0.0313370227559062
2004,3,31,0.466203379619401
2004,4,1,3.89323350973427
2004,4,2,3.31925691571087
2004,4,3,0.651471938181203
2004,4,4,8.26772949658334
2004,4,5,3.6274116137065
2004,4,6,0
2004,4,7,4.30112363537773
2004,4,8,3.25129717821255
2004,4,9,3.70346826966852
2004,4,10,1.59390213084407
2004,4,11,3.02635937696323
2004,4,12,1.56905518379062
2004,4,13,5.62087262514979
2004,4,14,10.6124638114125
2004,4,15,3.97256130818278
2004,4,16,4.44840331329033
2004,4,17,4.21571529004723
2004,4,18,0.259153823571978
2004,4,19,2.07502347766422
2004,4,20,0.000959547091383683
2004,4,21,1.50682222447358
2004,4,22,9.07754204235971
2004,4,23,9.91073255427182
2004,4,24,3.41693479567766
2004,4,25,6.84306726325303
2004,4,26,1.07136658625677
2004,4,27,0.000464680671541373
2004,4,28,0
2004,4,29,2.79093330027536
2004,4,30,3.46420747227967
2004,5,1,0.812071180553176
2004,5,2,1.68676586472429
2004,5,3,3.20705581689253
2004,5,4,0
2004,5,5,0.003709383520345
2004,5,6,1.40977707342245
2004,5,7,5.07429731078446
2004,5,8,4.32458929717541
2004,5,9,1.95976968971081
2004,5,10,3.03658990887925
2004,5,11,1.38786447350867
2004,5,12,0
2004,5,13,0
2004,5,14,0.429476852877997
2004,5,15,2.70887624938041
2004,5,16,21.4829100295901
2004,5,17,3.45376037294045
2004,5,18,0.000940637008284284
2004,5,19,0.134575878837495
2004,5,20,3.56923701474443
2004,5,21,5.2175659337081
2004,5,22,0.482337338326033
2004,5,23,0
2004,5,24,20.7366733811796
2004,5,25,0.211178953031776
2004,5,26,17.7395763806999
2004,5,27,9.84433279372752
2004,5,28,5.43897107709199
2004,5,29,9.03822421096265
2004,5,30,0.223407252633478
2004,5,31,3.15372428158298
2004,6,1,0.109114698716439
2004,6,2,5.0017994013615
2004,6,3,2.22690199152566
2004,6,4,2.57364733843133
2004,6,5,0.268527063599322
2004,6,6,0
2004,6,7,1.99475664412603
2004,6,8,1.61579319974408
2004,6,9,5.9272498358041
2004,6,10,5.00530691351742
2004,6,11,5.69597657304257
2004,6,12,0.550122548884246
2004,6,13,5.13839026680216
2004,6,14,8.20185402408242
2004,6,15,1.26101144123822
2004,6,16,4.62951308581978
2004,6,17,1.3023955427343
2004,6,18,1.99455516412854
2004,6,19,0.13377755167312
2004,6,20,0
2004,6,21,0.775942846667022
2004,6,22,0.00105198473931978
2004,6,23,0.00660279367821204
2004,6,24,1.80723707308061
2004,6,25,12.3667378909886
2004,6,26,10.2925412356853
2004,6,27,4.06276431167498
2004,6,28,0.00366245693612655
2004,6,29,1.4930714503862
2004,6,30,1.53438962297514
2004,7,1,0.648818712215871
2004,7,2,0.832272457773797
2004,7,3,1.58511339104734
2004,7,4,2.01904865680262
2004,7,5,0.0048936386974674
2004,7,6,3.58939664438367
2004,7,7,3.79965438041836
2004,7,8,2.44424594566226
2004,7,9,13.4020433295518
2004,7,10,0.236000459699426
2004,7,11,0.0140702793032688
2004,7,12,0.599562274874188
2004,7,13,8.92017893493176
2004,7,14,0.963855162262917
2004,7,15,7.49856750480831
2004,7,16,1.74447133904323
2004,7,17,0.0266520553850569
2004,7,18,0.107434091114555
2004,7,19,7.34485303983092
2004,7,20,1.62451483192854
2004,7,21,0.0831102533993544
2004,7,22,2.59506488218904
2004,7,23,0.476363228517585
2004,7,24,1.27339939645026
2004,7,25,0
2004,7,26,1.45283501478843
2004,7,27,10.7492074370384
2004,7,28,8.13001273199916
2004,7,29,16.7331042699516
2004,7,30,20.4807642381638
2004,7,31,1.2335847801296
2004,8,1,2.07745035295375
2004,8,2,3.50515788886696
2004,8,3,4.34552121441811
2004,8,4,2.40984410047531
2004,8,5,0.0367016732525371
2004,8,6,0
2004,8,7,0.00862750337091711
2004,8,8,0.000668644045731526
2004,8,9,1.36962424730882
2004,8,10,7.27606506552547
2004,8,11,0
2004,8,12,0.0045110506562196
2004,8,13,0.000202091354850609
2004,8,14,4.81302584521472
2004,8,15,9.95767456479371
2004,8,16,4.80372979072854
2004,8,17,1.25391398614738
2004,8,18,11.2966307904571
2004,8,19,0.835250574164093
2004,8,20,3.71807918418199
2004,8,21,0.134091764994082
2004,8,22,14.785229600966
2004,8,23,2.61585645494051
2004,8,24,25.1984551548958
2004,8,25,1.66133695165627
2004,8,26,0.439421234477777
2004,8,27,5.96999565605074
2004,8,28,0.0227337473006628
2004,8,29,3.73086137697101
2004,8,30,2.44488276075572
2004,8,31,10.9497469849885
2004,9,1,0.0415383890867815
2004,9,2,0.851731150760315
2004,9,3,2.25507210125215
2004,9,4,0.0289783502921637
2004,9,5,1.88700444996357
2004,9,6,0.0782189168603509
2004,9,7,1.66262724087574
2004,9,8,10.5743026826531
2004,9,9,9.34402998536825
2004,9,10,6.91564281005412
2004,9,11,2.35650596441701
2004,9,12,2.37820105394349
2004,9,13,0.879186336533166
2004,9,14,3.33421704126522
2004,9,15,0.675615001819097
2004,9,16,0.188382009946508
2004,9,17,2.20945259789005
2004,9,18,0.00801624837549753
2004,9,19,0.785148612339981
2004,9,20,0.000169901289837071
2004,9,21,0.152376320329495
2004,9,22,0.0939643105084542
2004,9,23,9.05341033358127
2004,9,24,7.60900683235377
2004,9,25,4.29714872734621
2004,9,26,0.0222870106881601
2004,9,27,0.0146670589401765
2004,9,28,0.663360947510228
2004,9,29,0
2004,9,30,0.839708201237954
2004,10,1,0.545396569941659
2004,10,2,9.63414672296494
2004,10,3,0.0125874264995218
2004,10,4,0.00148703168179054
2004,10,5,3.58026655158028
2004,10,6,0.237241537979571
2004,10,7,5.3964999737218
2004,10,8,0.262325797666563
2004,10,9,0.00958514112880948
2004,10,10,0.0700982376656611
2004,10,11,0
2004,10,12,0.00170260487948326
2004,10,13,0
2004,10,14,0.000190885445050526
2004,10,15,0.0183594976533641
2004,10,16,0
2004,10,17,0.436726989573799
2004,10,18,0.196093982958701
2004,10,19,0.0223402022129449
2004,10,20,0.0632022822173894
2004,10,21,0.0784439758717781
2004,10,22,0.0617006560787559
2004,10,23,4.94403813499957
2004,10,24,1.71930897049606
2004,10,25,0.00836387798699434
2004,10,26,0
2004,10,27,0.00114341028165654
2004,10,28,0.103136993857333
2004,10,29,0.0547135228771367
2004,10,30,2.86288051865995
2004,10,31,0.0866014601342613
2004,11,1,2.88576657185331
2004,11,2,0.00396919438117038
2004,11,3,0.0288485011878947
2004,11,4,0.235372661700239
2004,11,5,0.35687223135028
2004,11,6,7.63061202596873
2004,11,7,2.03771274536848
2004,11,8,0
2004,11,9,0.00351595186884879
2004,11,10,1.5568598289974
2004,11,11,3.35281417937949
2004,11,12,1.32953695720062
2004,11,13,0.953943037893623
2004,11,14,0.0250716278969776
2004,11,15,0.00187381026535149
2004,11,16,0.0370936737454031
2004,11,17,1.1948845902225
2004,11,18,0.316617290081922
2004,11,19,2.36033062683418
2004,11,20,9.38074146397412
2004,11,21,2.01382212108001
2004,11,22,5.15477521112189
2004,11,23,27.0757433027029
2004,11,24,2.46951172593981
2004,11,25,5.53826142568141
2004,11,26,4.06201559817418
2004,11,27,0.449469106388278
2004,11,28,0.193690956803039
2004,11,29,4.59808723535389
2004,11,30,0.962945359060541
2004,12,1,6.27335475292057
2004,12,2,21.7833534814417
2004,12,3,3.88877108925954
2004,12,4,19.877809099853
2004,12,5,6.57869218848646
2004,12,6,0.56747018097667
2004,12,7,0.425920699490234
2004,12,8,0.00121553414373921
2004,12,9,4.22530837822706
2004,12,10,6.38603896368295
2004,12,11,0.143810817462509
2004,12,12,4.9926410196349
2004,12,13,0.388997918344103
2004,12,14,0.549623838742264
2004,12,15,0.176776322041405
2004,12,16,2.41001210524701
2004,12,17,1.01835526584182
2004,12,18,5.82985484506935
2004,12,19,0.00576148981963343
2004,12,20,3.22680274257436
2004,12,21,6.55238851904869
2004,12,22,5.07970615290105
2004,12,23,10.7403234578669
2004,12,24,15.099485591054
2004,12,25,1.32581570651382
2004,12,26,0.569950176577549
2004,12,27,16.3910421542823
2004,12,28,0.549875885189977
2004,12,29,2.26631600526161
2004,12,30,3.19519458571449
2004,12,31,0.719652840052731
2005,1,1,3.00194603623822
2005,1,2,0.887172378133982
2005,1,3,5.00998370116577
2005,1,4,1.16699383361265
2005,1,5,2.27303902502172
2005,1,6,9.72795593552291
2005,1,7,4.50815203366801
2005,1,8,1.613679388538
2005,1,9,8.76856916584074
2005,1,10,2.18577304040082
2005,1,11,10.2579457685351
2005,1,12,1.0178303491557
2005,1,13,0
2005,1,14,0
2005,1,15,0.0291446066512435
2005,1,16,0.0160289483574161
2005,1,17,0.19743707816815
2005,1,18,0.331011204980314
2005,1,19,0
2005,1,20,0.443297091987915
2005,1,21,2.83595575019717
2005,1,22,0.554927422490437
2005,1,23,0.118829871280468
2005,1,24,0.127931547467597
2005,1,25,0.696644515846856
2005,1,26,0.438438351557124
2005,1,27,0.642668896762189
2005,1,28,0.0671661202432006
2005,1,29,0.144784899384831
2005,1,30,0.174429755861638
2005,1,31,0.345241476316005
2005,2,1,0.00244288127646541
2005,2,2,0.00657549499010202
2005,2,3,0.129936770463246
2005,2,4,0.214894526288845
2005,2,5,0.0891609299287666
2005,2,6,0.0448933669758844
2005,2,7,0.0917268826015061
2005,2,8,0.0157298801696015
2005,2,9,0.000354022283488575
2005,2,10,0
2005,2,11,0.000246830543204624
2005,2,12,12.7663937397301
2005,2,13,5.08323755348101
2005,2,14,2.95469756238163
2005,2,15,2.33383176382631
2005,2,16,16.4665044285357
2005,2,17,3.88464782154188
2005,2,18,8.96060317754745
2005,2,19,18.7456084415317
2005,2,20,14.4639114383608
2005,2,21,1.56783860293217
2005,2,22,0.00233279957910781
2005,2,23,0.260200670891209
2005,2,24,0.499916703847703
2005,2,25,3.7998593179509
2005,2,26,3.42249545501545
2005,2,27,2.9891537851654
2005,2,28,11.0004595946521
2005,3,1,3.47584302071482
2005,3,2,2.31516468920745
2005,3,3,7.06583876162767
2005,3,4,3.96962680388242
2005,3,5,9.95746271219105
2005,3,6,1.73864240641706
2005,3,7,2.04528789035976
2005,3,8,0.911445452948101
2005,3,9,0.829091761261225
2005,3,10,3.16300430567935
2005,3,11,0.746529517346062
2005,3,12,0
2005,3,13,0.249213626375422
2005,3,14,1.41361085115932
2005,3,15,0.937451067147776
2005,3,16,0.557438614487182
2005,3,17,0
2005,3,18,1.57023734645918
2005,3,19,7.76487879920751
2005,3,20,0.0450562443802482
2005,3,21,5.95171409659088
2005,3,22,0.785693567013368
2005,3,23,2.40825206274167
2005,3,24,0.0158722775722708
2005,3,25,0.000933358120391858
2005,3,26,0
2005,3,27,0.00226261367402003
2005,3,28,0
2005,3,29,0.000464717851400565
2005,3,30,0.470572682388593
2005,3,31,7.83123455476016
2005,4,1,4.48603386757895
2005,4,2,10.8522734139115
2005,4,3,1.36667685583234
2005,4,4,0.927160421269946
2005,4,5,6.89029467757791
2005,4,6,1.11577980278526
2005,4,7,2.2905272373464
2005,4,8,0.45857817895012
2005,4,9,0.221581890218658
2005,4,10,1.53168205870315
2005,4,11,3.15889455378056
2005,4,12,1.52421001112089
2005,4,13,15.3902994934469
2005,4,14,10.2225556969643
2005,4,15,5.35463425330818
2005,4,16,3.64004293223843
2005,4,17,1.18358418694697
2005,4,18,0.000615654496982643
2005,4,19,5.34238829277456
2005,4,20,0.845860491972417
2005,4,21,4.67990603065118
2005,4,22,8.23224890045822
2005,4,23,5.90728037059307
2005,4,24,3.89639935456216
2005,4,25,3.05926945293322
2005,4,26,0.224230185267515
2005,4,27,0.205367897433462
2005,4,28,0
2005,4,29,4.23266758443788
2005,4,30,0.8710591646377
2005,5,1,3.16069310065359
2005,5,2,3.00662345252931
2005,5,3,12.4088481534272
2005,5,4,0.579672450840008
2005,5,5,11.5636518225074
2005,5,6,3.38336150161922
2005,5,7,0.0309680389364075
2005,5,8,0.0139747133289347
2005,5,9,0.88725567329675
2005,5,10,2.49673085636459
2005,5,11,0.923003521165811
2005,5,12,17.2325973864645
2005,5,13,2.98084249952808
2005,5,14,2.84193822881207
2005,5,15,2.92671761708334
2005,5,16,0.158351766003761
2005,5,17,0.598479516338557
2005,5,18,0.057221645329264
2005,5,19,0
2005,5,20,0.00211364606457209
2005,5,21,0.165819373796694
2005,5,22,6.77973402198404
2005,5,23,16.0906175617129
2005,5,24,0
2005,5,25,0.114951676005148
2005,5,26,17.9078841581941
2005,5,27,0.513996572408359
2005,5,28,1.61109833861701
2005,5,29,3.13020832836628
2005,5,30,0.0204367481273948
2005,5,31,4.99302637763321
2005,6,1,9.75000746548176
2005,6,2,10.1960772648454
2005,6,3,4.6354569029063
2005,6,4,0.0115625620310311
2005,6,5,2.39612177247182
2005,6,6,6.07583960518241
2005,6,7,0
2005,6,8,4.54824058106169
2005,6,9,0.584925861039665
2005,6,10,3.65666707511991
2005,6,11,6.33742162026465
2005,6,12,4.0459600626491
2005,6,13,12.0595905929804
2005,6,14,3.48055344074965
2005,6,15,9.08888967242092
2005,6,16,1.25411648768932
2005,6,17,0.00537352516403189
2005,6,18,1.36660471907817
2005,6,19,1.02420172188431
2005,6,20,11.736186593771
2005,6,21,0.229896633391036
2005,6,22,2.96470209723338
2005,6,23,0.0400752820496564
2005,6,24,0.131477220202214
2005,6,25,0.0035440326769276
2005,6,26,2.84536810358986
2005,6,27,3.20830021519214
2005,6,28,9.35149700380862
2005,6,29,2.74508795700967
2005,6,30,8.34047540556639
2005,7,1,0.0948480741499225
2005,7,2,6.77152143325657
2005,7,3,1.79128007730469
2005,7,4,11.334922676906
2005,7,5,3.88149769278243
2005,7,6,6.75319146830589
2005,7,7,0.106842715103994
2005,7,8,0.0080589942399456
2005,7,9,10.4397687362507
2005,7,10,0.0597683212617994
2005,7,11,7.43231673259288
2005,7,12,1.88523183460347
2005,7,13,0.000430057474432033
2005,7,14,0.000304293511987908
2005,7,15,4.69305157894269
2005,7,16,8.98776997346431
2005,7,17,3.56310429051518
2005,7,18,4.1382473311387
2005,7,19,0.0314774409162055
2005,7,20,0.00462364830582374
2005,7,21,16.1034720484167
2005,7,22,0.344944089010824
2005,7,23,0
2005,7,24,0.00512346962295851
2005,7,25,0
2005,7,26,28.4606306813657
2005,7,27,17.0255853328854
2005,7,28,2.3023130313959
2005,7,29,1.56622833455913
2005,7,30,0.606756501656491
2005,7,31,0
2005,8,1,0
2005,8,2,0.515914443531074
2005,8,3,6.00750236772001
2005,8,4,1.25136208953336
2005,8,5,0.86988108814694
2005,8,6,0
2005,8,7,0
2005,8,8,0.00203778196237181
2005,8,9,0.0107766751170857
2005,8,10,0.000743407562708853
2005,8,11,0
2005,8,12,0
2005,8,13,6.79253067355603
2005,8,14,12.8773240372539
2005,8,15,3.35698993876576
2005,8,16,0.198731414275244
2005,8,17,1.76024052780122
2005,8,18,0.0401627542487404
2005,8,19,3.07780720909534e-06
2005,8,20,4.91172306938097
2005,8,21,0.686668427078985
2005,8,22,14.734743302688
2005,8,23,2.46414704597555
2005,8,24,4.24177095992491
2005,8,25,0.0641380955130444
2005,8,26,0.0114466462036944
2005,8,27,0
2005,8,28,0.00454976958508269
2005,8,29,0.0522955419000937
2005,8,30,0.00785311742674821
2005,8,31,0
2005,9,1,12.5277685001493
2005,9,2,3.8121257093735
2005,9,3,6.01369324140251
2005,9,4,7.79804096091539
2005,9,5,18.7916100025177
2005,9,6,6.92876069806516
2005,9,7,6.56961018685251
2005,9,8,0.00401476944489332
2005,9,9,5.38104982115328
2005,9,10,0.485868621035479
2005,9,11,0.00204694931085214
2005,9,12,0.0312591471811174
2005,9,13,3.37049475638196
2005,9,14,0.00126149896289007
2005,9,15,0.00136794148488661
2005,9,16,0.0167874512499111
2005,9,17,4.98285965295509
2005,9,18,0
2005,9,19,0.95896982238628
2005,9,20,0.257731146120932
2005,9,21,0.015816101222299
2005,9,22,0
2005,9,23,0
2005,9,24,0
2005,9,25,0
2005,9,26,0
2005,9,27,0.00956979708917061
2005,9,28,0.112011572855408
2005,9,29,7.0007509784773
2005,9,30,0.196153271826915
2005,10,1,0.339719007024541
2005,10,2,2.01758611947298
2005,10,3,2.70038548624143
2005,10,4,0.21585868744296
2005,10,5,0.0292243558760674
2005,10,6,0.0108792286027892
2005,10,7,7.77556006796658
2005,10,8,7.00073526240885
2005,10,9,3.40224561514333
2005,10,10,12.0736181270331
2005,10,11,12.8177186474204
2005,10,12,0
2005,10,13,0.00200750612293632
2005,10,14,0
2005,10,15,0
2005,10,16,0
2005,10,17,0.000828210102099547
2005,10,18,0.174973335379036
2005,10,19,0.105940858338727
2005,10,20,0.000257691512928204
2005,10,21,0
2005,10,22,0.000196175690092559
2005,10,23,0.000785892055432669
2005,10,24,0.00198529351678189
2005,10,25,11.3764910493046
2005,10,26,3.81220491835847
2005,10,27,1.9403392856475
2005,10,28,2.21557117765769
2005,10,29,1.35969106340781
2005,10,30,0.116971495299367
2005,10,31,0.00413564565633351
2005,11,1,0
2005,11,2,0
2005,11,3,4.09273115398179e-07
2005,11,4,0.0746994948713109
2005,11,5,0.00617939542735257
2005,11,6,0.005347729938876
2005,11,7,0.000214098818673847
2005,11,8,0.701469584601
2005,11,9,0.172829467192059
2005,11,10,0.076418872049544
2005,11,11,0.00060553762324389
2005,11,12,0.00081590659988251
2005,11,13,0.00168787689744931
2005,11,14,0
2005,11,15,0.185217579564778
2005,11,16,0.0114790581392299
2005,11,17,0
2005,11,18,0
2005,11,19,0.00479177094803163
2005,11,20,0.152252487532678
2005,11,21,0.122923131129937
2005,11,22,5.51735717113644e-06
2005,11,23,0.000102966397008686
2005,11,24,0.00536625464064855
2005,11,25,0.16273039036605
2005,11,26,0.113689174759202
2005,11,27,0.0468712489237078
2005,11,28,0.0334360657689103
2005,11,29,0.00626283547262574
2005,11,30,2.81361032975838
2005,12,1,0.814730417914689
2005,12,2,1.00667178339791
2005,12,3,3.33458605455235
2005,12,4,2.51215822063386
2005,12,5,1.49101846036501
2005,12,6,8.50794897414744
2005,12,7,0.0922242667002138
2005,12,8,0
2005,12,9,0.189790169679327
2005,12,10,7.38554885610938
2005,12,11,4.32959769386798
2005,12,12,2.15060236514546
2005,12,13,14.0829262789339
2005,12,14,4.24480258952826
2005,12,15,8.45107000786811
2005,12,16,14.9818137288094
2005,12,17,2.89318235591054
2005,12,18,0.0223965737859544
2005,12,19,0
2005,12,20,0
2005,12,21,1.60642249393277
2005,12,22,13.1460373755544
2005,12,23,3.92359192483127
2005,12,24,5.74007208924741
2005,12,25,6.78084483370185
2005,12,26,4.7556247911416
2005,12,27,8.87428990099579
2005,12,28,5.11827527079731
2005,12,29,1.30698070570361
2005,12,30,2.17639227630571
2005,12,31,11.6228435654193
